Workbook

Sheet converted_MPa_Loss_modulus_f2
A1: Study_id | B1: Instance | C1: fill
A2: 1 | B2: 1
A3: 1 | B3: 2
A4: 1 | B4: 3
A5: 1 | B5: 4
A6: 1 | B6: 5
A7: 2 | B7: 1 | C7: loss | D7: =Loss_modulus_G!C7/1000000 -> 0.0002628283 | E7: =Loss_modulus_G!D7/1000000 -> 0.00037761495 | F7: =Loss_modulus_G!E7/1000000 -> 0.00055496078 | G7: =Loss_modulus_G!F7/1000000 -> 0.00077947695 | H7: =Loss_modulus_G!G7/1000000 -> 0.0010948239 | I7: =Loss_modulus_G!H7/1000000 -> 0.0014696473 | J7: =Loss_modulus_G!I7/1000000 -> 0.001972795 | K7: =Loss_modulus_G!J7/1000000 -> 0.0024742446 | ... N7: =Loss_modulus_G!M7/1000000 -> 0.0034752304
A8: 2 | B8: 2 | C8: loss | D8: =Loss_modulus_G!C8/1000000 -> 3.5015658e-05 | E8: =Loss_modulus_G!D8/1000000 -> 4.9181671e-05 | F8: =Loss_modulus_G!E8/1000000 -> 6.753178e-05 | G8: =Loss_modulus_G!F8/1000000 -> 9.0651929e-05 | H8: =Loss_modulus_G!G8/1000000 -> 0.00013627815 | I8: =Loss_modulus_G!H8/1000000 -> 0.00020956149 | J8: =Loss_modulus_G!I8/1000000 -> 0.00030108459 | K8: =Loss_modulus_G!J8/1000000 -> 0.00043257914 | ... N8: =Loss_modulus_G!M8/1000000 -> 0.0014696473
A9: 2 | B9: 3 | C9: loss | D9: =Loss_modulus_G!C9/1000000 -> 0.0011455562 | E9: =Loss_modulus_G!D9/1000000 -> 0.0014696473 | F9: =Loss_modulus_G!E9/1000000 -> 0.0022093387 | G9: =Loss_modulus_G!F9/1000000 -> 0.0029657268 | H9: =Loss_modulus_G!G9/1000000 -> 0.0043585724 | I9: =Loss_modulus_G!H9/1000000 -> 0.0062621189 | J9: =Loss_modulus_G!I9/1000000 -> 0.00859857 | K9: =Loss_modulus_G!J9/1000000 -> 0.012353877 | ... N9: =Loss_modulus_G!M9/1000000 -> 0.040112404
A10: 3 | B10: 1 | C10: loss | D10: =Loss_modulus_G!C10/1000000 -> 1.8107198e-05 | E10: =Loss_modulus_G!D10/1000000 -> 2.2579744e-05 | F10: =Loss_modulus_G!E10/1000000 -> 2.8157026e-05 | G10: =Loss_modulus_G!F10/1000000 -> 3.6197426e-05 | H10: =Loss_modulus_G!G10/1000000 -> 5.2560702e-05 | I10: =Loss_modulus_G!H10/1000000 -> 6.4063634e-05 | J10: =Loss_modulus_G!I10/1000000 -> 7.5742362e-05 | K10: =Loss_modulus_G!J10/1000000 -> 8.8197149e-05 | ... Z10: =Loss_modulus_G!Y10/1000000 -> 0.00020845306
A11: 3 | B11: 2 | C11: loss | D11: =Loss_modulus_G!C11/1000000 -> 6.5543394e-05 | E11: =Loss_modulus_G!D11/1000000 -> 6.2142458e-05 | F11: =Loss_modulus_G!E11/1000000 -> 6.5543394e-05 | G11: =Loss_modulus_G!F11/1000000 -> 7.0727251e-05 | H11: =Loss_modulus_G!G11/1000000 -> 8.2357372e-05 | I11: =Loss_modulus_G!H11/1000000 -> 9.3734793e-05 | J11: =Loss_modulus_G!I11/1000000 -> 0.00010668397 | K11: =Loss_modulus_G!J11/1000000 -> 0.00012422668 | ... Z11: =Loss_modulus_G!Y11/1000000 -> 0.00032169034
A12: 3 | B12: 3 | C12: loss | D12: =Loss_modulus_G!C12/1000000 -> 0.00015141374 | E12: =Loss_modulus_G!D12/1000000 -> 0.00015141374 | F12: =Loss_modulus_G!E12/1000000 -> 0.00015257068 | G12: =Loss_modulus_G!F12/1000000 -> 0.00015257068 | H12: =Loss_modulus_G!G12/1000000 -> 0.00016844041 | I12: =Loss_modulus_G!H12/1000000 -> 0.0001845507 | J12: =Loss_modulus_G!I12/1000000 -> 0.00019170994 | K12: =Loss_modulus_G!J12/1000000 -> 0.00020687236 | ... Z12: =Loss_modulus_G!Y12/1000000 -> 0.00038911919
A13: 3 | B13: 4 | C13: loss | D13: =Loss_modulus_G!C13/1000000 -> 4.2796175e-05 | E13: =Loss_modulus_G!D13/1000000 -> 6.0278896e-05 | F13: =Loss_modulus_G!E13/1000000 -> 9.0234351e-05 | G13: =Loss_modulus_G!F13/1000000 -> 0.00010832052 | H13: =Loss_modulus_G!G13/1000000 -> 0.0001300318 | I13: =Loss_modulus_G!H13/1000000 -> 0.0001572875 | J13: =Loss_modulus_G!I13/1000000 -> 0.00016844041 | K13: =Loss_modulus_G!J13/1000000 -> 0.00018881351 | ... Z13: =Loss_modulus_G!Y13/1000000 -> 0.00033163561
A14: 4 | B14: 1 | C14: loss | D14: =Loss_modulus_G!C14/1000000 -> 6.0388241e-06 | E14: =Loss_modulus_G!D14/1000000 -> 9.7830932e-06 | F14: =Loss_modulus_G!E14/1000000 -> 1.7301957e-05 | G14: =Loss_modulus_G!F14/1000000 -> 2.9935773e-05 | H14: =Loss_modulus_G!G14/1000000 -> 4.7445003e-05 | I14: =Loss_modulus_G!H14/1000000 -> 7.040752e-05 | J14: =Loss_modulus_G!I14/1000000 -> 9.7830932e-05 | K14: =Loss_modulus_G!J14/1000000 -> 0.00015505158 | ... X14: =Loss_modulus_G!W14/1000000 -> 0.0087671239
A15: 4 | B15: 2 | C15: loss | D15: =Loss_modulus_G!C15/1000000 -> 2.3519526e-05 | E15: =Loss_modulus_G!D15/1000000 -> 3.4145489e-05 | F15: =Loss_modulus_G!E15/1000000 -> 5.0671283e-05 | G15: =Loss_modulus_G!F15/1000000 -> 7.6862461e-05 | H15: =Loss_modulus_G!G15/1000000 -> 0.00010916797 | I15: =Loss_modulus_G!H15/1000000 -> 0.00016200328 | J15: =Loss_modulus_G!I15/1000000 -> 0.00022510283 | K15: =Loss_modulus_G!J15/1000000 -> 0.0003340485 | ... X15: =Loss_modulus_G!W15/1000000 -> 0.015505158
A16: 4 | B16: 3 | C16: loss | D16: =Loss_modulus_G!C16/1000000 -> 6.0388241e-05 | E16: =Loss_modulus_G!D16/1000000 -> 7.5195262e-05 | F16: =Loss_modulus_G!E16/1000000 -> 0.00010448348 | G16: =Loss_modulus_G!F16/1000000 -> 0.0001329871 | H16: =Loss_modulus_G!G16/1000000 -> 0.00018888196 | I16: =Loss_modulus_G!H16/1000000 -> 0.00027421754 | J16: =Loss_modulus_G!I16/1000000 -> 0.00037275937 | K16: =Loss_modulus_G!J16/1000000 -> 0.00051794747 | ... X16: =Loss_modulus_G!W16/1000000 -> 0.018077687
A17: 5 | B17: 1 | C17: loss | D17: =Loss_modulus_G!C17/1000000 -> 3.408738e-05 | E17: =Loss_modulus_G!D17/1000000 -> 3.2492953e-05 | F17: =Loss_modulus_G!E17/1000000 -> 3.5760045e-05 | G17: =Loss_modulus_G!F17/1000000 -> 3.8732196e-05 | H17: =Loss_modulus_G!G17/1000000 -> 4.3312755e-05 | I17: =Loss_modulus_G!H17/1000000 -> 5.0006807e-05 | J17: =Loss_modulus_G!I17/1000000 -> 5.7735435e-05 | K17: =Loss_modulus_G!J17/1000000 -> 6.6658534e-05 | ... AT17: =Loss_modulus_G!AS17/1000000 -> 0.01726516
A18: 5 | B18: 2 | C18: loss | D18: =Loss_modulus_G!C18/1000000 -> 0.00035646024 | E18: =Loss_modulus_G!D18/1000000 -> 0.00039861605 | F18: =Loss_modulus_G!E18/1000000 -> 0.00043174652 | G18: =Loss_modulus_G!F18/1000000 -> 0.00045293229 | H18: =Loss_modulus_G!G18/1000000 -> 0.00047515765 | I18: =Loss_modulus_G!H18/1000000 -> 0.00048280587 | J18: =Loss_modulus_G!I18/1000000 -> 0.00046022277 | K18: =Loss_modulus_G!J18/1000000 -> 0.00048280587 | ... AT18: =Loss_modulus_G!AS18/1000000 -> 0.0047364261
A19: 5 | B19: 3 | C19: loss | D19: =Loss_modulus_G!C19/1000000 -> 0.00018819955 | E19: =Loss_modulus_G!D19/1000000 -> 0.00022078355 | F19: =Loss_modulus_G!E19/1000000 -> 0.00025900899 | G19: =Loss_modulus_G!F19/1000000 -> 0.00029903922 | H19: =Loss_modulus_G!G19/1000000 -> 0.00035081349 | I19: =Loss_modulus_G!H19/1000000 -> 0.00038608698 | J19: =Loss_modulus_G!I19/1000000 -> 0.00048280587 | K19: =Loss_modulus_G!J19/1000000 -> 0.00053990361 | ... AT19: =Loss_modulus_G!AS19/1000000 -> 0.012747034
A20: 5 | B20: 4 | C20: loss | D20: =Loss_modulus_G!C20/1000000 -> 3.8986037e-05 | E20: =Loss_modulus_G!D20/1000000 -> 4.4435214e-05 | F20: =Loss_modulus_G!E20/1000000 -> 4.9824527e-05 | G20: =Loss_modulus_G!F20/1000000 -> 5.4961277e-05 | H20: =Loss_modulus_G!G20/1000000 -> 6.1627241e-05 | I20: =Loss_modulus_G!H20/1000000 -> 7.0241036e-05 | J20: =Loss_modulus_G!I20/1000000 -> 7.6225849e-05 | K20: =Loss_modulus_G!J20/1000000 -> 8.4084493e-05 | ... AT20: =Loss_modulus_G!AS20/1000000 -> 0.0066225116
A21: 5 | B21: 5 | C21: loss | D21: =Loss_modulus_G!C21/1000000 -> 6.0429639e-06 | E21: =Loss_modulus_G!D21/1000000 -> 6.8876042e-06 | F21: =Loss_modulus_G!E21/1000000 -> 7.850302e-06 | G21: =Loss_modulus_G!F21/1000000 -> 8.2450479e-06 | H21: =Loss_modulus_G!G21/1000000 -> 9.7099258e-06 | I21: =Loss_modulus_G!H21/1000000 -> 1.1249581e-05 | J21: =Loss_modulus_G!I21/1000000 -> 1.2821964e-05 | K21: =Loss_modulus_G!J21/1000000 -> 1.3466706e-05 | ... AT21: =Loss_modulus_G!AS21/1000000 -> 0.0096466162
A22: 5 | B22: 6 | C22: loss | D22: =Loss_modulus_G!C22/1000000 -> 7.9797381e-06 | E22: =Loss_modulus_G!D22/1000000 -> 6.5578483e-06 | F22: =Loss_modulus_G!E22/1000000 -> 6.1426005e-06 | G22: =Loss_modulus_G!F22/1000000 -> 5.8485129e-06 | H22: =Loss_modulus_G!G22/1000000 -> 6.24388e-06 | I22: =Loss_modulus_G!H22/1000000 -> 6.6659743e-06 | J22: =Loss_modulus_G!I22/1000000 -> 7.4744552e-06 | K22: =Loss_modulus_G!J22/1000000 -> 8.2450479e-06 | ... AT22: =Loss_modulus_G!AS22/1000000 -> 0.0093362066
A23: 6 | B23: 1 | C23: visc | D23: 7.7097756e-05 | E23: 7.4301278e-05 | F23: 8.9829509e-05 | G23: 0.00010538435 | H23: 0.00011590326 | I23: 0.00014525886 | J23: 0.0001669931 | K23: 0.00020701515 | L23: 0.00023428977 | M23: 0.0003023178 | N23: 0.00036733502 | O23: 0.00047027305 | P23: 0.00063649837 | Q23: 0.00075463476 | R23: 0.00096409654 | S23: 0.0012042519 | T23: 0.0015407851 | U23: 0.0019487468 | V23: 0.0024928802 | W23: 0.0030323365 | X23: 0.0036588599 | Y23: 0.0047241517 | Z23: 0.005840507 | AA23: 0.0069601765 | AB23: 0.0083297526 | AC23: 0.010235974 | AD23: 0.012399998 | AE23: 0.014216058 | AF23: 0.018216286 | AG23: 0.020690852 | AH23: 0.022839783 | AI23: 0.026024117 | AJ23: 0.030159919 | AK23: 0.032335756 | AL23: 0.033043843
A24: 6 | B24: 2 | C24: visc | D24: 0.0007629862 | E24: 0.00086227928 | F24: 0.0008965819 | G24: 0.00091698796 | H24: 0.0012851754 | I24: 0.0012351648 | J24: 0.0010529805 | K24: 0.001539111 | L24: 0.0017036965 | M24: 0.0020051724 | N24: 0.002507519 | O24: 0.0024961807 | P24: 0.003593323 | Q24: 0.0037385062 | R24: 0.0043510516 | S24: 0.005071421 | T24: 0.0056669144 | U24: 0.0069027519 | V24: 0.0084336757 | W24: 0.0098296168 | X24: 0.011300706 | Y24: 0.01311652 | Z24: 0.015717025 | AA24: 0.017085824 | AB24: 0.021429431 | AC24: 0.023862782 | AD24: 0.028027712 | AE24: 0.033552013 | AF24: 0.040022823 | AG24: 0.040021809 | AH24: 0.045536681 | AI24: 0.051210939 | AJ24: 0.059315335 | AK24: 0.069588297 | AL24: 0.061150009
A25: 6 | B25: 3 | C25: visc | D25: 0.0046500131 | E25: 0.0049586773 | F25: 0.0054968115 | G25: 0.0057325124 | H25: 0.0062653076 | I25: 0.0064211418 | J25: 0.0064738833 | K25: 0.0090725802 | L25: 0.0095405462 | M25: 0.01041698 | N25: 0.009197147 | O25: 0.010781972 | P25: 0.011363087 | Q25: 0.013700243 | R25: 0.01466642 | S25: 0.016291478 | T25: 0.01943161 | U25: 0.021521292 | V25: 0.025711561 | W25: 0.030307663 | X25: 0.031311148 | Y25: 0.036724491 | Z25: 0.040776742 | AA25: 0.044171991 | AB25: 0.050554367 | AC25: 0.061803601 | AD25: 0.063463677 | AE25: 0.077303857 | AF25: 0.083650546 | AG25: 0.087771916 | AH25: 0.10052898 | AI25: 0.09524592 | AJ25: 0.13007389 | AK25: 0.15482401 | AL25: 0.13841202
A26: 6 | B26: 4 | C26: visc | D26: 0.013990956 | E26: 0.014669241 | F26: 0.012072506 | G26: 0.015266342 | H26: 0.01601216 | I26: 0.017080366 | J26: 0.016159118 | K26: 0.018724734 | L26: 0.02139505 | M26: 0.023493449 | N26: 0.024204771 | O26: 0.022233203 | P26: 0.027971877 | Q26: 0.031190031 | R26: 0.036601523 | S26: 0.034349703 | T26: 0.0424112 | U26: 0.049082995 | V26: 0.048222833 | W26: 0.057367492 | X26: 0.055704659 | Y26: 0.067046771 | Z26: 0.064396749 | AA26: 0.066938633 | AB26: 0.078683959 | AC26: 0.095588752 | AD26: 0.10495804 | AE26: 0.10408099 | AF26: 0.10681458 | AG26: 0.12411322 | AH26: 0.12095653 | AI26: 0.13062557 | AJ26: 0.15545064 | AK26: 0.18167444 | AL26: 0.21589409
A27: 7 | B27: 1 | C27: loss | D27: =Loss_modulus_G!C27/1000000 -> 3.9483219e-05 | E27: =Loss_modulus_G!D27/1000000 -> 0.00011319094 | F27: =Loss_modulus_G!E27/1000000 -> 0.00031786459 | G27: =Loss_modulus_G!F27/1000000 -> 0.00075670006 | H27: =Loss_modulus_G!G27/1000000 -> 0.0014652755 | I27: =Loss_modulus_G!H27/1000000 -> 0.0025067045 | J27: =Loss_modulus_G!I27/1000000 -> 0.0040307064 | K27: =Loss_modulus_G!J27/1000000 -> 0.0060919084 | ... Y27: =Loss_modulus_G!X27/1000000 -> 0.071124289
A28: 7 | B28: 2 | C28: loss | D28: =Loss_modulus_G!C28/1000000 -> 0.0071862487 | E28: =Loss_modulus_G!D28/1000000 -> 0.01108774 | F28: =Loss_modulus_G!E28/1000000 -> 0.01936402 | G28: =Loss_modulus_G!F28/1000000 -> 0.033818005 | H28: =Loss_modulus_G!G28/1000000 -> 0.056671307 | I28: =Loss_modulus_G!H28/1000000 -> 0.091125779 | J28: =Loss_modulus_G!I28/1000000 -> 0.12945166 | K28: =Loss_modulus_G!J28/1000000 -> 0.15270614 | ... N28: =Loss_modulus_G!M28/1000000 -> 0.27793689
A29: 8 | B29: 1 | C29: tan | D29: 436.89378 | E29: 406.85419 | F29: 365.76277 | G29: 306.68393 | H29: 217.67894 | I29: 146.84974 | J29: 120.04096 | K29: 108.16966 | L29: 91.410302 | M29: 74.135577 | N29: 60.215929 | O29: 45.874997 | P29: 35.090626 | Q29: 19.39072
A30: 8 | B30: 2 | C30: tan | D30: 459.88623 | E30: 430.41945 | F30: 382.55751 | G30: 329.05694 | H30: 245.05574 | I30: 173.58358 | J30: 145.67102 | K30: 124.12808 | L30: 99.464861 | M30: 79.324197 | N30: 66.106204 | O30: 57.082317 | P30: 48.034702 | Q30: 37.198295
A31: 8 | B31: 3 | C31: tan | D31: 404.28611 | E31: 386.28413 | F31: 383.73373 | G31: 343.16912 | H31: 281.01766 | I31: 204.15518 | J31: 169.90942 | K31: 172.1326 | L31: 157.70425 | M31: 124.77541 | N31: 108.03562 | O31: 92.494526 | P31: 79.99463 | Q31: 58.363653
A32: 8 | B32: 4 | C32: tan | D32: 232.29858 | E32: 217.00039 | F32: 200.09075 | G32: 172.31202 | H32: 137.40353 | I32: 103.2329 | J32: 79.925942 | K32: 64.687908 | L32: 51.474078 | M32: 46.257982 | N32: 41.999351 | O32: 40.792946 | P32: 31.957638 | Q32: 20.279912
A33: 9 | B33: 1 | C33: tan | D33: 283.09238 | E33: 294.90261 | F33: 292.99552 | G33: 295.83917 | H33: 301.93001 | I33: 357.71306 | J33: 296.11062 | K33: 152.38978 | L33: 83.102067 | M33: 48.489738 | N33: 36.043601 | O33: 27.55308 | P33: 22.302895 | Q33: 18.822435
A34: 9 | B34: 2 | C34: tan | D34: 69.919072 | E34: 67.32482 | F34: 76.942652 | G34: 78.41825 | H34: 108.72241 | I34: 199.01624 | J34: 240.43269 | K34: 128.19886 | L34: 66.331965 | M34: 32.854228 | N34: 25.296134 | O34: 22.426742 | P34: 20.014431 | Q34: 17.673497
A35: 9 | B35: 3 | C35: tan | D35: 207.87029 | E35: 198.26532 | F35: 195.23845 | G35: 200.12212 | H35: 212.00585 | I35: 288.3734 | J35: 305.12381 | K35: 177.64324 | L35: 97.288201 | M35: 60.300664 | N35: 45.903156 | O35: 33.703876 | P35: 28.10276 | Q35: 22.246355
A36: 9 | B36: 4 | C36: tan | D36: 187.59881 | E36: 189.95217 | F36: 182.58578 | G36: 192.85744 | H36: 220.00184 | I36: 299.3939 | J36: 327.8495 | K36: 186.17748 | L36: 99.155228 | M36: 61.295702 | N36: 44.948003 | O36: 39.458196 | P36: 19.143782
A37: 11 | B37: 1a
A38: 11 | B38: 2a
A39: 11 | B39: 3a
A40: 11 | B40: 4a
A41: 11 | B41: 1b | C41: tan | D41: 55.429607 | E41: 61.250933 | F41: 75.832897 | G41: 89.910857 | H41: 82.18321 | I41: 66.227111 | J41: 63.504842 | K41: 68.991077 | L41: 79.464772 | M41: 90.229078 | N41: 91.237135 | O41: 81.509794 | P41: 74.21906
A42: 11 | B42: 2b | C42: tan | D42: 41.866771 | E42: 53.416225 | F42: 62.839109 | G42: 80.643802 | H42: 74.787557 | I42: 66.319709 | J42: 62.42682 | K42: 64.920138 | L42: 69.873232 | M42: 69.022045 | N42: 62.707122 | O42: 57.13477 | P42: 52.0997
A43: 11 | B43: 3b | C43: tan | D43: 39.545738 | E43: 47.973943 | F43: 58.448441 | G43: 72.468259 | H43: 62.76236 | I43: 52.998935 | J43: 49.581641 | K43: 53.728713 | L43: 60.088082 | M43: 59.549834 | N43: 54.762952 | O43: 49.385882 | P43: 44.649195
A44: 11 | B44: 4b | C44: tan | D44: 32.230482 | E44: 34.755547 | F44: 41.648293 | G44: 49.327098 | H44: 46.986566 | I44: 47.38344 | J44: 49.212264 | K44: 46.518648 | L44: 49.283791 | M44: 47.811206 | N44: 42.740346 | O44: 38.275281 | P44: 35.943068
A45: 12 | B45: 1a | C45: visc | D45: 0.027684108 | E45: 0.029826825 | F45: 0.02414713 | G45: 0.025749039 | H45: 0.025943023 | I45: 0.027435086 | J45: 0.028538648 | K45: 0.030883274 | L45: 0.033859825 | M45: 0.041576036 | N45: 0.048732943 | O45: 0.053027155 | P45: 0.064054329 | Q45: 0.07366622 | R45: 0.092206769 | S45: 0.10489132 | T45: 0.14480911 | U45: 0.13757016 | V45: 0.17609396 | W45: 0.21619224 | X45: 0.22857081 | Y45: 0.2375278 | Z45: 0.28357412 | AA45: 0.28422767 | AB45: 0.34441677
A46: 12 | B46: 2a | C46: visc | D46: 0.00027380544 | E46: 0.00034612762 | F46: 0.00041772345 | G46: 0.00053943562 | H46: 0.00070691898 | I46: 0.0010045104 | J46: 0.0014549168 | K46: 0.0021769337 | L46: 0.0030703323 | M46: 0.0046972746 | N46: 0.0068737881 | O46: 0.0096526801 | P46: 0.012304922 | Q46: 0.015937275 | R46: 0.020934221 | S46: 0.027870796 | T46: 0.036171637 | U46: 0.040427325 | V46: 0.052232015 | W46: 0.053992965 | X46: 0.062581151 | Y46: 0.079663055 | Z46: 0.098770424 | AA46: 0.085837823 | AB46: 0.079077664
A47: 12 | B47: 3a | C47: visc | D47: 2.5414888e-05 | E47: 4.7921517e-05 | F47: 4.0863783e-05 | G47: 4.6690701e-05 | H47: 4.0202429e-05 | I47: 7.8037511e-05 | J47: 9.3618612e-05 | K47: 0.00012631649 | L47: 0.00015948943 | M47: 0.00020579045 | N47: 0.00028736292 | O47: 0.00039117279 | P47: 0.00052613091 | Q47: 0.00068021167 | R47: 0.00091140411 | S47: 0.0012722089 | T47: 0.0018066859 | U47: 0.0023887957 | V47: 0.0033829494 | W47: 0.0045699859 | X47: 0.0063109678 | Y47: 0.0085528322 | Z47: 0.011718118 | AA47: 0.0086996361 | AB47: 0.047019485
A48: 12 | B48: 4a | C48: visc | D48: 4.451757e-05 | E48: 8.3134458e-05 | F48: 0.00012852684 | G48: 0.00020273673 | H48: 0.00029840395 | I48: 0.00045840185 | J48: 0.00065741967 | K48: 0.00091765948 | L48: 0.0012642652 | M48: 0.0018543997 | N48: 0.0026056413 | O48: 0.0037471716 | P48: 0.004907061 | Q48: 0.0064567245 | R48: 0.0092126042 | S48: 0.011793812 | T48: 0.0163219 | U48: 0.019667418 | V48: 0.025541036 | W48: 0.030029222 | X48: 0.035704541 | Y48: 0.041644756 | Z48: 0.04401634 | AA48: 0.048031463
A49: 12 | B49: 5a | C49: visc | D49: 3.9680561e-05 | E49: 9.1799044e-05 | F49: 0.00013742963 | G49: 0.00017651752 | H49: 0.00016757495 | I49: 0.00021410228 | J49: 0.00025622399 | K49: 0.00036683106 | L49: 0.00059116677 | M49: 0.0008442614 | N49: 0.0011883702 | O49: 0.0018006802 | P49: 0.0026497411 | Q49: 0.0034714031 | R49: 0.0047920568 | S49: 0.00664076 | T49: 0.0086219472 | U49: 0.011238996 | V49: 0.015403941 | W49: 0.019599583 | X49: 0.024447037 | Y49: 0.030111707 | Z49: 0.034525148 | AA49: 0.043116972 | AB49: 0.028398818
A50: 12 | B50: 1b | C50: tan | D50: 183.02565 | E50: 184.96506 | F50: 228.27858 | G50: 523.65405 | H50: 317.04299 | I50: 171.25362 | J50: 239.73645 | K50: 209.452
A51: 12 | B51: 2b | C51: tan | D51: 188.97136 | E51: 166.51879 | F51: 231.82029 | G51: 602.21316 | H51: 195.83297 | I51: 123.75192 | J51: 150.75797 | K51: 137.36836
A52: 12 | B52: 3b | C52: tan | D52: 175.01352 | E52: 142.81484 | F52: 267.95325 | G52: 643.01538 | H52: 183.56604 | I52: 134.42116 | J52: 163.54832 | K52: 136.34373
A53: 12 | B53: 4b | C53: tan | D53: 221.09583 | E53: 192.01793 | F53: 269.41442 | G53: 560.26605 | H53: 343.99902 | I53: 211.29417 | J53: 311.66514 | K53: 287.77203
A54: 12 | B54: 5b | C54: tan | D54: 128.16712 | E54: 176.55349 | F54: 271.43311 | G54: 570.81698 | H54: 217.41779 | I54: 150.79767 | J54: 198.35444 | K54: 190.12359
A55: 13 | B55: 1
A56: 13 | B56: 2
A57: 13 | B57: 3
A58: 13 | B58: 4
A59: 13 | B59: 5
A60: 13 | B60: 6
A61: 13 | B61: 7
A62: 13 | B62: 8
A63: 14 | B63: 1 | C63: loss | D63: =Loss_modulus_G!C63/1000000 -> 0.001294104 | E63: =Loss_modulus_G!D63/1000000 -> 0.0018632462 | F63: =Loss_modulus_G!E63/1000000 -> 0.0027552085 | G63: =Loss_modulus_G!F63/1000000 -> 0.0038625377 | H63: =Loss_modulus_G!G63/1000000 -> 0.0054149031 | I63: =Loss_modulus_G!H63/1000000 -> 0.0077273571 | J63: =Loss_modulus_G!I63/1000000 -> 0.010270296 | K63: =Loss_modulus_G!J63/1000000 -> 0.014019035 | ... P63: =Loss_modulus_G!O63/1000000 -> 0.036946012
A64: 14 | B64: 2 | C64: loss | D64: =Loss_modulus_G!C64/1000000 -> 0.0011027345 | E64: =Loss_modulus_G!D64/1000000 -> 0.0014919187 | F64: =Loss_modulus_G!E64/1000000 -> 0.0021480592 | G64: =Loss_modulus_G!F64/1000000 -> 0.0029847198 | H64: =Loss_modulus_G!G64/1000000 -> 0.0041472535 | I64: =Loss_modulus_G!H64/1000000 -> 0.0059183511 | J64: =Loss_modulus_G!I64/1000000 -> 0.0081507327 | K64: =Loss_modulus_G!J64/1000000 -> 0.011125814 | ... P64: =Loss_modulus_G!O64/1000000 -> 0.035339675
A65: 14 | B65: 3 | C65: loss | D65: =Loss_modulus_G!C65/1000000 -> 0.0018467551 | E65: =Loss_modulus_G!D65/1000000 -> 0.0023269944 | F65: =Loss_modulus_G!E65/1000000 -> 0.0030113727 | G65: =Loss_modulus_G!F65/1000000 -> 0.0038625377 | H65: =Loss_modulus_G!G65/1000000 -> 0.005272394 | I65: =Loss_modulus_G!H65/1000000 -> 0.006702778 | J65: =Loss_modulus_G!I65/1000000 -> 0.0089085431 | K65: =Loss_modulus_G!J65/1000000 -> 0.011426548 | ... P65: =Loss_modulus_G!O65/1000000 -> 0.030927691
A66: 14 | B66: 4 | C66: loss | D66: =Loss_modulus_G!C66/1000000 -> 0.0021672424 | E66: =Loss_modulus_G!D66/1000000 -> 0.0024327661 | F66: =Loss_modulus_G!E66/1000000 -> 0.0026354177 | G66: =Loss_modulus_G!F66/1000000 -> 0.0033503983 | H66: =Loss_modulus_G!G66/1000000 -> 0.0040381063 | I66: =Loss_modulus_G!H66/1000000 -> 0.0046969365 | J66: =Loss_modulus_G!I66/1000000 -> 0.0057115851 | K66: =Loss_modulus_G!J66/1000000 -> 0.0070074475 | ... P66: =Loss_modulus_G!O66/1000000 -> 0.018798853
A67: 14 | B67: 5 | C67: loss | D67: =Loss_modulus_G!C67/1000000 -> 0.0033803189 | E67: =Loss_modulus_G!D67/1000000 -> 0.0035339687 | F67: =Loss_modulus_G!E67/1000000 -> 0.0048238947 | G67: =Loss_modulus_G!F67/1000000 -> 0.0054149031 | H67: =Loss_modulus_G!G67/1000000 -> 0.006702778 | I67: =Loss_modulus_G!H67/1000000 -> 0.0081507327 | J67: =Loss_modulus_G!I67/1000000 -> 0.010362012 | K67: =Loss_modulus_G!J67/1000000 -> 0.012712964 | ... P67: =Loss_modulus_G!O67/1000000 -> 0.034716866
A68: 14 | B68: 6 | C68: loss | D68: =Loss_modulus_G!C68/1000000 -> 0.0031763655 | E68: =Loss_modulus_G!D68/1000000 -> 0.003931829 | F68: =Loss_modulus_G!E68/1000000 -> 0.0043357636 | G68: =Loss_modulus_G!F68/1000000 -> 0.0050431611 | H68: =Loss_modulus_G!G68/1000000 -> 0.0061326023 | I68: =Loss_modulus_G!H68/1000000 -> 0.0070700226 | J68: =Loss_modulus_G!I68/1000000 -> 0.0085212179 | K68: =Loss_modulus_G!J68/1000000 -> 0.009823765 | ... P68: =Loss_modulus_G!O68/1000000 -> 0.021672417
A69: 14 | B69: 7 | C69: loss | D69: =Loss_modulus_G!C69/1000000 -> 0.0024112343 | E69: =Loss_modulus_G!D69/1000000 -> 0.002706653 | F69: =Loss_modulus_G!E69/1000000 -> 0.0025889733 | G69: =Loss_modulus_G!F69/1000000 -> 0.0028046351 | H69: =Loss_modulus_G!G69/1000000 -> 0.0031203879 | I69: =Loss_modulus_G!H69/1000000 -> 0.0035973656 | J69: =Loss_modulus_G!I69/1000000 -> 0.0040381063 | K69: =Loss_modulus_G!J69/1000000 -> 0.0047811964 | ... P69: =Loss_modulus_G!O69/1000000 -> 0.014019035
A70: 14 | B70: 8 | C70: loss | D70: =Loss_modulus_G!C70/1000000 -> 0.0044135473 | E70: =Loss_modulus_G!D70/1000000 -> 0.0043357636 | F70: =Loss_modulus_G!E70/1000000 -> 0.0043357636 | G70: =Loss_modulus_G!F70/1000000 -> 0.0044135473 | H70: =Loss_modulus_G!G70/1000000 -> 0.0043744811 | I70: =Loss_modulus_G!H70/1000000 -> 0.0044135473 | J70: =Loss_modulus_G!I70/1000000 -> 0.0049104321 | K70: =Loss_modulus_G!J70/1000000 -> 0.0056610333 | ... P70: =Loss_modulus_G!O70/1000000 -> 0.010929745
A71: 14 | B71: 9 | C71: loss | D71: =Loss_modulus_G!C71/1000000 -> 0.0054632571 | E71: =Loss_modulus_G!D71/1000000 -> 0.0056610333 | F71: =Loss_modulus_G!E71/1000000 -> 0.0054149031 | G71: =Loss_modulus_G!F71/1000000 -> 0.0054632571 | H71: =Loss_modulus_G!G71/1000000 -> 0.0057625923 | I71: =Loss_modulus_G!H71/1000000 -> 0.006468607 | J71: =Loss_modulus_G!I71/1000000 -> 0.0071331539 | K71: =Loss_modulus_G!J71/1000000 -> 0.0079362249 | ... P71: =Loss_modulus_G!O71/1000000 -> 0.017047481
A72: 14 | B72: 10 | C72: loss | D72: =Loss_modulus_G!C72/1000000 -> 0.010089301 | E72: =Loss_modulus_G!D72/1000000 -> 0.010270296 | F72: =Loss_modulus_G!E72/1000000 -> 0.010642086 | G72: =Loss_modulus_G!F72/1000000 -> 0.009823765 | H72: =Loss_modulus_G!G72/1000000 -> 0.010547903 | I72: =Loss_modulus_G!H72/1000000 -> 0.010642086 | J72: =Loss_modulus_G!I72/1000000 -> 0.011631529 | K72: =Loss_modulus_G!J72/1000000 -> 0.011945933 | ... P72: =Loss_modulus_G!O72/1000000 -> 0.022258215
A73: 15 | B73: 1
A74: 15 | B74: 2
A75: 15 | B75: 3
A76: 15 | B76: 4
A77: 15 | B77: 5
A78: 15 | B78: 6
A79: 16 | B79: 1
A80: 16 | B80: 2
A81: 16 | B81: 3
A82: 17 | B82: 1
A83: 17 | B83: 2
A84: 17 | B84: 3
A85: 17 | B85: 4
A86: 18 | B86: 1 | C86: loss | D86: =Loss_modulus_G!C86/1000000 -> 0.00080567 | E86: =Loss_modulus_G!D86/1000000 -> 0.00080567 | F86: =Loss_modulus_G!E86/1000000 -> 0.00087367 | G86: =Loss_modulus_G!F86/1000000 -> 0.00092841 | H86: =Loss_modulus_G!G86/1000000 -> 0.00092841 | I86: =Loss_modulus_G!H86/1000000 -> 0.00100678 | J86: =Loss_modulus_G!I86/1000000 -> 0.0010484 | K86: =Loss_modulus_G!J86/1000000 -> 0.00109175 | ... W86: =Loss_modulus_G!V86/1000000 -> 0.00288676
A87: 18 | B87: 2 | C87: loss | D87: =Loss_modulus_G!C87/1000000 -> 0.00111516 | E87: =Loss_modulus_G!D87/1000000 -> 0.00148456 | F87: =Loss_modulus_G!E87/1000000 -> 0.00201713 | G87: =Loss_modulus_G!F87/1000000 -> 0.00257776 | H87: =Loss_modulus_G!G87/1000000 -> 0.00343165 | I87: =Loss_modulus_G!H87/1000000 -> 0.00475899 | J87: =Loss_modulus_G!I87/1000000 -> 0.00620725 | K87: =Loss_modulus_G!J87/1000000 -> 0.00793247 | ... T87: =Loss_modulus_G!S87/1000000 -> 0.04415404
A88: 19 | B88: 1 | C88: loss | D88: 234.94 | E88: 234.1 | F88: 243.31 | G88: 243.72 | H88: 215.69 | I88: 165.48 | J88: 147.49 | K88: 148.33 | L88: 146.23 | M88: 141.63 | N88: 132.85 | O88: 117.78
A89: 19 | B89: 2 | C89: loss | D89: 208.16 | E89: 209 | F89: 219.87 | G89: 211.09 | H89: 176.78 | I89: 126.15 | J89: 106.49 | K89: 102.72 | L89: 98.95 | M89: 93.1 | N89: 81.38 | O89: 66.32
A90: 19 | B90: 3 | C90: loss | D90: 200.21 | E90: 203.97 | F90: 211.51 | G90: 201.46 | H90: 164.64 | I90: 114.02 | J90: 93.1 | K90: 85.15 | L90: 80.54 | M90: 74.69 | N90: 63.39 | O90: 50.84
A91: 19 | B91: 4 | C91: loss | D91: 197.7 | E91: 206.07 | F91: 215.69 | G91: 187.24 | H91: 140.38 | I91: 79.71 | J91: 66.32 | K91: 58.37 | L91: 55.02 | M91: 51.67
A92: 19 | B92: 5 | C92: loss | D92: 170.5 | E92: 162.97 | F92: 166.74 | G92: 149.58 | H92: 110.67 | I92: 73.01 | J92: 54.18
A93: 20 | B93: 1a
A94: 20 | B94: 2a
A95: 20 | B95: 3a
A96: 20 | B96: 4a
A97: 20 | B97: 1b
A98: 20 | B98: 2b
A99: 20 | B99: 3b
A100: 20 | B100: 4b
...

Sheet Physchem_properties
A1: Study_id | B1: Instance | C1: Monomer_A | D1: Monomer_B | E1: HB_ratio (mol%) | F1: HV_ratio (mol%) | G1: Mw_PHBV | H1: Mn_PHBV | I1: Density | J1: Density_units | K1: PDI | L1: Additive_1 | M1: Additive1_type | N1: Additive1_name | O1: Additive1_percentage (wt%) | P1: Additive_2 | Q1: Additive2_type | R1: Additive2_name | S1: Additive2_percentage (wt%) | T1: final_formulation_PHA_percentage (wt%) | V1: Row No.
A2: 1 | B2: 1 | C2: 3HB | D2: 3HV | E2: 97 | F2: 3 | I2: 1.24 | J2: g/cm3 | L2: No | P2: No | T2: 100 | V2: 1
A3: 1 | B3: 2 | C3: 3HB | D3: 3HV | E3: 97 | F3: 3 | I3: 1.24 | J3: g/cm3 | L3: No | P3: No | T3: 100 | V3: 2
A4: 1 | B4: 3 | C4: 3HB | D4: 3HV | E4: 97 | F4: 3 | I4: 1.24 | J4: g/cm3 | L4: No | P4: No | T4: 100 | V4: 3
A5: 1 | B5: 4 | C5: 3HB | D5: 3HV | E5: 97 | F5: 3 | I5: 1.24 | J5: g/cm3 | L5: No | P5: No | T5: 100 | V5: 4
A6: 1 | B6: 5 | C6: 3HB | D6: 3HV | E6: 97 | F6: 3 | I6: 1.24 | J6: g/cm3 | L6: No | P6: No | T6: 100 | V6: 5
A7: 2 | B7: 1 | C7: 3HB | D7: 3HV | E7: 100 | F7: 0 | G7: 440000 | H7: 260000 | L7: No | P7: No | T7: 100 | V7: 6
A8: 2 | B8: 2 | C8: 3HB | D8: 3HV | E8: 100 | F8: 0 | G8: 440000 | H8: 260000 | L8: Yes | M8: Reinforcment and stiffening modifiers | N8: lignin | O8: 10 | P8: No | T8: 90 | V8: 7
A9: 2 | B9: 3 | C9: 3HB | D9: 3HV | E9: 100 | F9: 0 | G9: 440000 | H9: 260000 | L9: Yes | M9: Reinforcment and stiffening modifiers | N9: lignin | O9: 60 | P9: No | T9: 40 | V9: 8
A10: 3 | B10: 1 | C10: 3HB | D10: 3HV | E10: 100 | F10: 0 | G10: 223000 | K10: 1.23 | L10: No | P10: No | T10: 100 | V10: 10
A11: 3 | B11: 2 | C11: 3HB | D11: 3HV | E11: 100 | F11: 0 | G11: 223000 | K11: 1.23 | L11: Yes | M11: Reinforcment and stiffening modifiers | N11: LCB | O11: 30 | P11: No | T11: 70 | V11: 11
A12: 3 | B12: 3 | C12: 3HB | D12: 3HV | E12: 100 | F12: 0 | G12: 223000 | K12: 1.23 | L12: Yes | M12: Reinforcment and stiffening modifiers | N12: IL | O12: 30 | P12: No | T12: 70 | V12: 12
A13: 3 | B13: 4 | C13: 3HB | D13: 3HV | E13: 100 | F13: 0 | G13: 223000 | K13: 1.23 | L13: Yes | M13: Reinforcment and stiffening modifiers | N13: HC | O13: 30 | P13: No | T13: 70 | V13: 13
A14: 4 | B14: 1 | C14: 3HB | D14: 3HV | E14: 97 | F14: 3 | I14: 1.23 | J14: g/cm3 | L14: No | P14: No | T14: 100 | V14: 14
A15: 4 | B15: 2 | C15: 3HB | D15: 3HV | E15: 97 | F15: 3 | I15: 1.23 | J15: g/cm3 | L15: Yes | M15: Reinforcment and stiffening modifiers | N15: wood_fiber | O15: 15 | P15: No | T15: 85 | V15: 15
A16: 4 | B16: 3 | C16: 3HB | D16: 3HV | E16: 97 | F16: 3 | I16: 1.23 | J16: g/cm3 | L16: Yes | M16: Reinforcment and stiffening modifiers | N16: cellulose | O16: 15 | P16: No | T16: 85 | V16: 16
A17: 5 | B17: 1 | C17: 3HB | D17: 3HV | E17: 92 | F17: 8 | G17: 443000 | L17: No | P17: No | T17: 100 | V17: 17
A18: 5 | B18: 2 | C18: 3HB | D18: 3HV | E18: 92 | F18: 8 | G18: 443000 | L18: Yes | M18: Reinforcment and stiffening modifiers | N18: IN | O18: 30 | P18: No | T18: 70 | V18: 18
A19: 5 | B19: 3 | C19: 3HB | D19: 3HV | E19: 92 | F19: 8 | G19: 443000 | L19: Yes | M19: Reinforcment and stiffening modifiers | N19: IN-AC | O19: 30 | P19: No | T19: 70 | V19: 19
A20: 5 | B20: 4 | C20: 3HB | D20: 3HV | E20: 92 | F20: 8 | G20: 443000 | L20: Yes | M20: Reinforcment and stiffening modifiers | N20: IN-PR | O20: 30 | P20: No | T20: 70 | V20: 20
A21: 5 | B21: 5 | C21: 3HB | D21: 3HV | E21: 92 | F21: 8 | G21: 443000 | L21: Yes | M21: Reinforcment and stiffening modifiers | N21: IN-BU | O21: 30 | P21: No | T21: 70 | V21: 21
A22: 5 | B22: 6 | C22: 3HB | D22: 3HV | E22: 92 | F22: 8 | G22: 443000 | L22: Yes | M22: Reinforcment and stiffening modifiers | N22: IN-HE | O22: 30 | P22: No | T22: 70 | V22: 22
A23: 6 | B23: 1 | C23: 3HB | D23: 3HV | E23: 100 | F23: 0 | G23: 117869 | H23: 49078 | L23: No | P23: No | T23: 100 | V23: 23
A24: 6 | B24: 2 | C24: 3HB | D24: 3HV | E24: 100 | F24: 0 | G24: 117869 | H24: 49078 | L24: Yes | M24: Reinforcment and stiffening modifiers | N24: lignin | O24: 5 | P24: No | T24: 95 | V24: 24
A25: 6 | B25: 3 | C25: 3HB | D25: 3HV | E25: 100 | F25: 0 | G25: 117869 | H25: 49078 | L25: Yes | M25: Reinforcment and stiffening modifiers | N25: lignin | O25: 7 | P25: No | T25: 93 | V25: 25
A26: 6 | B26: 4 | C26: 3HB | D26: 3HV | E26: 100 | F26: 0 | G26: 117869 | H26: 49078 | L26: Yes | M26: Reinforcment and stiffening modifiers | N26: lignin | O26: 9 | P26: No | T26: 91 | V26: 26
A27: 7 | B27: 1 | C27: 3HB | D27: 3HV | E27: 100 | F27: 0 | G27: 890000 | H27: 462000 | L27: No | P27: No | T27: 100 | V27: 27
A28: 7 | B28: 2 | C28: 3HB | D28: 3HV | E28: 100 | F28: 0 | G28: 890000 | H28: 462000 | L28: Yes | M28: Reinforcment and stiffening modifiers | N28: LRR | O28: 30 | P28: No | T28: 70 | V28: 28
A29: 8 | B29: 1 | C29: 3HB | D29: 3HB | E29: 100 | F29: 0 | G29: 490000 | I29: 1.25 | J29: g/cm3 | L29: Yes | M29: Plasticizers and flexibility enhancers | N29: ATBC | O29: 10 | P29: No | T29: 90 | V29: 29
A30: 8 | B30: 2 | C30: 3HB | D30: 3HV | E30: 100 | F30: 0 | G30: 490000 | I30: 1.25 | J30: g/cm3 | L30: Yes | M30: Plasticizers and flexibility enhancers | N30: ATBC | O30: 10 | P30: Yes | Q30: Reinforcment and stiffening modifiers | R30: CLF | S30: 5 | T30: 85 | V30: 30
A31: 8 | B31: 3 | C31: 3HB | D31: 3HV | E31: 100 | F31: 0 | G31: 490000 | I31: 1.25 | J31: g/cm3 | L31: Yes | M31: Plasticizers and flexibility enhancers | N31: ATBC | O31: 10 | P31: Yes | Q31: Reinforcment and stiffening modifiers | R31: CLF | S31: 10 | T31: 80 | V31: 31
A32: 8 | B32: 4 | C32: 3HB | D32: 3HV | E32: 100 | F32: 0 | G32: 490000 | I32: 1.25 | J32: g/cm3 | L32: Yes | M32: Plasticizers and flexibility enhancers | N32: ATBC | O32: 20 | P32: Yes | Q32: Reinforcment and stiffening modifiers | R32: CLF | S32: 5 | T32: 75 | V32: 32
A33: 9 | B33: 1 | C33: 3HB | D33: 3HV | E33: 22.9 | F33: 77.1 | G33: 286000 | K33: 2.5 | L33: No | P33: No | T33: 100 | V33: 33
A34: 9 | B34: 2 | C34: 3HB | D34: 3HV | E34: 22.9 | F34: 77.1 | G34: 286000 | K34: 2.5 | L34: Yes | M34: Reinforcment and stiffening modifiers | N34: lignin | O34: 1 | P34: No | T34: 99 | V34: 34
A35: 9 | B35: 3 | C35: 3HB | D35: 3HV | E35: 22.9 | F35: 77.1 | G35: 286000 | K35: 2.5 | L35: Yes | M35: Reinforcment and stiffening modifiers | N35: lignin | O35: 5 | P35: No | T35: 95 | V35: 35
A36: 9 | B36: 4 | C36: 3HB | D36: 3HV | E36: 22.9 | F36: 77.1 | G36: 286000 | K36: 2.5 | L36: Yes | M36: Reinforcment and stiffening modifiers | N36: lignin | O36: 10 | P36: No | T36: 90 | V36: 36
A37: 11 | B37: 1a | C37: 3HB | D37: 3HV | E37: 100 | F37: 0 | G37: 450000 | L37: No | P37: No | T37: 100 | V37: 37
A38: 11 | B38: 2a | C38: 3HB | D38: 3HV | E38: 100 | F38: 0 | G38: 450000 | L38: Yes | M38: Reinforcment and stiffening modifiers | N38: biorefinery_lignin | O38: 10 | P38: No | T38: 90 | V38: 38
A39: 11 | B39: 3a | C39: 3HB | D39: 3HV | E39: 100 | F39: 0 | G39: 450000 | L39: Yes | M39: Reinforcment and stiffening modifiers | N39: biorefinery_lignin | O39: 20 | P39: No | T39: 80 | V39: 39
A40: 11 | B40: 4a | C40: 3HB | D40: 3HV | E40: 100 | F40: 0 | G40: 450000 | L40: Yes | M40: Reinforcment and stiffening modifiers | N40: biorefinery_lignin | O40: 50 | P40: No | T40: 50 | V40: 40
A41: 11 | B41: 1b | C41: 3HB | D41: 3HV | E41: 100 | F41: 0 | G41: 450000 | L41: No | P41: No | T41: 100 | V41: 41
A42: 11 | B42: 2b | C42: 3HB | D42: 3HV | E42: 100 | F42: 0 | G42: 450000 | L42: Yes | M42: Reinforcment and stiffening modifiers | N42: biorefinery_lignin | O42: 10 | P42: No | T42: 90 | V42: 42
A43: 11 | B43: 3b | C43: 3HB | D43: 3HV | E43: 100 | F43: 0 | G43: 450000 | L43: Yes | M43: Reinforcment and stiffening modifiers | N43: biorefinery_lignin | O43: 20 | P43: No | T43: 80 | V43: 43
A44: 11 | B44: 4b | C44: 3HB | D44: 3HV | E44: 100 | F44: 0 | G44: 450000 | L44: Yes | M44: Reinforcment and stiffening modifiers | N44: biorefinery_lignin | O44: 50 | P44: No | T44: 50 | V44: 44
A45: 12 | B45: 1a | C45: 3HB | D45: 3HV | E45: 95 | F45: 5 | G45: 607000 | K45: 4.04 | L45: No | P45: No | T45: 100 | V45: 45
A46: 12 | B46: 2a | C46: 3HB | D46: 3HV | E46: 95 | F46: 5 | G46: 607000 | K46: 4.04 | L46: Yes | M46: Reinforcment and stiffening modifiers | N46: CNC | O46: 1 | P46: No | T46: 99 | V46: 46
A47: 12 | B47: 3a | C47: 3HB | D47: 3HV | E47: 95 | F47: 5 | G47: 607000 | K47: 4.04 | L47: Yes | M47: Reinforcment and stiffening modifiers | N47: mCNC | O47: 1 | P47: No | T47: 99 | V47: 47
A48: 12 | B48: 4a | C48: 3HB | D48: 3HV | E48: 95 | F48: 5 | G48: 607000 | K48: 4.04 | L48: Yes | M48: Reinforcment and stiffening modifiers | N48: CNC | O48: 2.5 | P48: No | T48: 97.5 | V48: 48
A49: 12 | B49: 5a | C49: 3HB | D49: 3HV | E49: 95 | F49: 5 | G49: 607000 | K49: 4.04 | L49: Yes | M49: Reinforcment and stiffening modifiers | N49: mCNC | O49: 2.5 | P49: No | T49: 97.5 | V49: 49
A50: 12 | B50: 1b | C50: 3HB | D50: 3HV | E50: 95 | F50: 5 | G50: 607000 | K50: 4.04 | L50: No | P50: No | T50: 100 | V50: 50
A51: 12 | B51: 2b | C51: 3HB | D51: 3HV | E51: 95 | F51: 5 | G51: 607000 | K51: 4.04 | L51: Yes | M51: Reinforcment and stiffening modifiers | N51: CNC | O51: 1 | P51: No | T51: 99 | V51: 51
A52: 12 | B52: 3b | C52: 3HB | D52: 3HV | E52: 95 | F52: 5 | G52: 607000 | K52: 4.04 | L52: Yes | M52: Reinforcment and stiffening modifiers | N52: mCNC | O52: 1 | P52: No | T52: 99 | V52: 52
A53: 12 | B53: 4b | C53: 3HB | D53: 3HV | E53: 95 | F53: 5 | G53: 607000 | K53: 4.04 | L53: Yes | M53: Reinforcment and stiffening modifiers | N53: CNC | O53: 2.5 | P53: No | T53: 97.5 | V53: 53
A54: 12 | B54: 5b | C54: 3HB | D54: 3HV | E54: 95 | F54: 5 | G54: 607000 | K54: 4.04 | L54: Yes | M54: Reinforcment and stiffening modifiers | N54: mCNC | O54: 2.5 | P54: No | T54: 97.5 | V54: 54
A55: 13 | B55: 1 | C55: 3HB | D55: 3HV | E55: 84 | F55: 16 | G55: 2800000 | H55: 1960000 | K55: 1.43 | L55: No | P55: No | T55: 100 | V55: 55
A56: 13 | B56: 2 | C56: 3HB | D56: 3HV | E56: 82 | F56: 18 | G56: 867000 | H56: 798000 | K56: 1.09 | L56: No | P56: No | T56: 100 | V56: 56
A57: 13 | B57: 3 | C57: 3HB | D57: 3HV | E57: 81 | F57: 19 | G57: 696000 | H57: 645000 | K57: 1.08 | L57: No | P57: No | T57: 100 | V57: 57
A58: 13 | B58: 4 | C58: 3HB | D58: 3HV | E58: 77 | F58: 23 | G58: 854000 | H58: 752000 | K58: 1.14 | L58: No | P58: No | T58: 100 | V58: 58
A59: 13 | B59: 5 | C59: 3HB | D59: 3HV | E59: 76 | F59: 24 | G59: 649000 | H59: 599000 | K59: 1.08 | L59: No | P59: No | T59: 100 | V59: 59
A60: 13 | B60: 6 | C60: 3HB | D60: 3HV | E60: 77 | F60: 23 | G60: 686000 | H60: 640000 | K60: 1.07 | L60: No | P60: No | T60: 100 | V60: 60
A61: 13 | B61: 7 | C61: 3HB | D61: 3HV | E61: 78 | F61: 22 | G61: 845000 | H61: 796000 | K61: 1.06 | L61: No | P61: No | T61: 100 | V61: 61
A62: 13 | B62: 8 | C62: 3HB | D62: 3HV | E62: 79 | F62: 21 | G62: 1130000 | H62: 1010000 | K62: 1.12 | L62: No | P62: No | T62: 100 | V62: 62
A63: 14 | B63: 1 | C63: 3HB | D63: 3HV | E63: 88 | F63: 12 | G63: 65116 | L63: No | P63: No | T63: 100 | V63: 63
A64: 14 | B64: 2 | C64: 3HB | D64: 3HV | E64: 88 | F64: 12 | G64: 65116 | L64: Yes | M64: Reinforcment and stiffening modifiers | N64: CNW | O64: 0.5 | P64: No | T64: 99.5 | V64: 64
A65: 14 | B65: 3 | C65: 3HB | D65: 3HV | E65: 88 | F65: 12 | G65: 65116 | L65: Yes | M65: Reinforcment and stiffening modifiers | N65: CNW | O65: 1.2 | P65: No | T65: 98.8 | V65: 65
A66: 14 | B66: 4 | C66: 3HB | D66: 3HV | E66: 88 | F66: 12 | G66: 65116 | L66: Yes | M66: Reinforcment and stiffening modifiers | N66: CNW | O66: 2 | P66: No | T66: 98 | V66: 66
A67: 14 | B67: 5 | C67: 3HB | D67: 3HV | E67: 88 | F67: 12 | G67: 65116 | L67: Yes | M67: Reinforcment and stiffening modifiers | N67: CNW | O67: 2.3 | P67: No | T67: 97.7 | V67: 67
A68: 14 | B68: 6 | C68: 3HB | D68: 3HV | E68: 88 | F68: 12 | G68: 65116 | L68: Yes | M68: Reinforcment and stiffening modifiers | N68: CNW | O68: 2.9 | P68: No | T68: 97.1 | V68: 68
A69: 14 | B69: 7 | C69: 3HB | D69: 3HV | E69: 88 | F69: 12 | G69: 65116 | L69: Yes | M69: Reinforcment and stiffening modifiers | N69: CNW | O69: 3.3 | P69: No | T69: 96.7 | V69: 69
A70: 14 | B70: 8 | C70: 3HB | D70: 3HV | E70: 88 | F70: 12 | G70: 65116 | L70: Yes | M70: Reinforcment and stiffening modifiers | N70: CNW | O70: 3.6 | P70: No | T70: 96.4 | V70: 70
A71: 14 | B71: 9 | C71: 3HB | D71: 3HV | E71: 88 | F71: 12 | G71: 65116 | L71: Yes | M71: Reinforcment and stiffening modifiers | N71: CNW | O71: 4.2 | P71: No | T71: 95.8 | V71: 71
A72: 14 | B72: 10 | C72: 3HB | D72: 3HV | E72: 88 | F72: 12 | G72: 65116 | L72: Yes | M72: Reinforcment and stiffening modifiers | N72: CNW | O72: 4.6 | P72: No | T72: 95.4 | V72: 72
A73: 15 | B73: 1 | C73: 3HB | D73: 3HV | E73: 88 | F73: 12 | L73: No | P73: No | T73: 100 | V73: 73
A74: 15 | B74: 2 | C74: 3HB | D74: 3HV | E74: 88 | F74: 12 | L74: Yes | M74: Reinforcment and stiffening modifiers | N74: CNW | O74: 1.5 | P74: No | T74: 98.5 | V74: 74
A75: 15 | B75: 3 | C75: 3HB | D75: 3HV | E75: 88 | F75: 12 | L75: Yes | M75: Reinforcment and stiffening modifiers | N75: CNW | O75: 2 | P75: No | T75: 98 | V75: 75
A76: 15 | B76: 4 | C76: 3HB | D76: 3HV | E76: 88 | F76: 12 | L76: Yes | M76: Reinforcment and stiffening modifiers | N76: CNW | O76: 3 | P76: No | T76: 97 | V76: 76
A77: 15 | B77: 5 | C77: 3HB | D77: 3HV | E77: 88 | F77: 12 | L77: Yes | M77: Reinforcment and stiffening modifiers | N77: CNW | O77: 4 | P77: No | T77: 96 | V77: 77
A78: 15 | B78: 6 | C78: 3HB | D78: 3HV | E78: 88 | F78: 12 | L78: Yes | M78: Reinforcment and stiffening modifiers | N78: CNW | O78: 5 | P78: No | T78: 95 | V78: 78
A79: 16 | B79: 1 | C79: 3HB | D79: 3HV | E79: 88 | F79: 12 | L79: No | P79: No | T79: 100 | V79: 79
A80: 16 | B80: 2 | C80: 3HB | D80: 3HV | E80: 88 | F80: 12 | L80: Yes | M80: Reinforcment and stiffening modifiers | N80: CNW | O80: 1 | P80: No | T80: 99 | V80: 80
A81: 16 | B81: 3 | C81: 3HB | D81: 3HV | E81: 88 | F81: 12 | L81: Yes | M81: Reinforcment and stiffening modifiers | N81: CNW | O81: 5 | P81: No | T81: 95 | V81: 81
A82: 17 | B82: 1 | C82: 3HB | D82: 3HV | E82: 100 | F82: 0 | L82: No | P82: No | T82: 100 | V82: 82
A83: 17 | B83: 2 | C83: 3HB | D83: 3HV | E83: 95 | F83: 5 | K83: 3.64 | L83: No | P83: No | T83: 100 | V83: 83
A84: 17 | B84: 3 | C84: 3HB | D84: 3HV | E84: 92 | F84: 8 | K84: 2.54 | L84: No | P84: No | T84: 100 | V84: 84
A85: 17 | B85: 4 | C85: 3HB | D85: 3HV | E85: 80 | F85: 20 | K85: 2.65 | L85: No | P85: No | T85: 100 | V85: 85
A86: 18 | B86: 1 | C86: 3HB | D86: 3HV | E86: 95 | F86: 5 | G86: 70000 | L86: No | P86: No | T86: 100 | V86: 86
A87: 18 | B87: 2 | C87: 3HB | D87: 3HV | E87: 88 | F87: 12 | G87: 530000 | L87: No | P87: No | T87: 100 | V87: 87
A88: 19 | B88: 1 | C88: 3HB | D88: 3HV | I88: 1.25 | J88: g/cm3 | L88: Yes | M88: Reinforcment and stiffening modifiers | N88: WF | O88: 40 | P88: No | T88: 60 | V88: 88
A89: 19 | B89: 2 | C89: 3HB | D89: 3HV | I89: 1.25 | J89: g/cm3 | L89: Yes | M89: Reinforcment and stiffening modifiers | N89: WF | O89: 30 | P89: No | T89: 70 | V89: 89
A90: 19 | B90: 3 | C90: 3HB | D90: 3HV | I90: 1.25 | J90: g/cm3 | L90: Yes | M90: Reinforcment and stiffening modifiers | N90: WF | O90: 20 | P90: No | T90: 80 | V90: 90
A91: 19 | B91: 4 | C91: 3HB | D91: 3HV | I91: 1.25 | J91: g/cm3 | L91: Yes | M91: Reinforcment and stiffening modifiers | N91: WF | O91: 10 | P91: No | T91: 90 | V91: 91
A92: 19 | B92: 5 | C92: 3HB | D92: 3HV | I92: 1.25 | J92: g/cm3 | L92: No | P92: No | T92: 100 | V92: 92
A93: 20 | B93: 1a | C93: 3HB | D93: 3HV | E93: 80 | F93: 20 | G93: 280000 | L93: No | P93: No | T93: 100 | V93: 93
A94: 20 | B94: 2a | C94: 3HB | D94: 3HV | E94: 95 | F94: 5 | G94: 270000 | L94: No | P94: No | T94: 100 | V94: 94
A95: 20 | B95: 3a | C95: 3HB | D95: 3HV | E95: 88 | F95: 12 | G95: 500000 | L95: No | P95: No | T95: 100 | V95: 95
A96: 20 | B96: 4a | C96: 3HB | D96: 3HV | E96: 95 | F96: 5 | G96: 150000 | L96: No | P96: No | T96: 100 | V96: 96
A97: 20 | B97: 1b | C97: 3HB | D97: 3HV | E97: 80 | F97: 20 | G97: 280000 | L97: No | P97: No | T97: 100 | V97: 97
A98: 20 | B98: 2b | C98: 3HB | D98: 3HV | E98: 95 | F98: 5 | G98: 270000 | L98: No | P98: No | T98: 100 | V98: 98
A99: 20 | B99: 3b | C99: 3HB | D99: 3HV | E99: 88 | F99: 12 | G99: 500000 | L99: No | P99: No | T99: 100 | V99: 99
A100: 20 | B100: 4b | C100: 3HB | D100: 3HV | E100: 95 | F100: 5 | G100: 150000 | L100: No | P100: No | T100: 100 | V100: 100
...

Sheet Thermal_properties
A1: Study_id | B1: Instance | C1: Tg1 | D1: Tg2 | E1: Tc1 | F1: Tc2 | G1: Tmc | H1: Tm1 | I1: Tm2 | J1: Td5 | K1: Tdeg | L1: Temperature_units | M1: DΗm1 | N1: DΗm2 | O1: DHc1 | P1: DHc2 | Q1: Enthaply_units | R1: Crystallinity_%
A2: 1 | B2: 1 | E2: 125 | H2: 168 | L2: celsius
A3: 1 | B3: 2 | E3: 125 | H3: 168 | L3: celsius
A4: 1 | B4: 3 | E4: 125 | H4: 168 | L4: celsius
A5: 1 | B5: 4 | E5: 125 | H5: 168 | L5: celsius
A6: 1 | B6: 5 | E6: 125 | H6: 168 | L6: celsius
A7: 2 | B7: 1 | C7: 3 | G7: 89 | H7: 172 | L7: celsius | M7: 92 | Q7: J/g | R7: 63
A8: 2 | B8: 2 | C8: 7 | G8: 132 | H8: 174 | L8: celsius | M8: 90 | Q8: J/g | R8: 61
A9: 2 | B9: 3 | C9: 17 | G9: 86 | H9: 165 | L9: celsius | M9: 31 | Q9: J/g | R9: 21
A10: 3 | B10: 1 | C10: 3.8 | E10: 46.6 | G10: 63.2 | L10: celsius | M10: 83.3 | O10: 72.8 | P10: 15.3 | Q10: J/g
A11: 3 | B11: 2 | C11: 4.6 | E11: 46.7 | G11: 62.9 | L11: celsius | M11: 83.1 | O11: 30 | P11: 45 | Q11: J/g
A12: 3 | B12: 3 | C12: 3.8 | E12: 41.6 | G12: 47.3 | L12: celsius | M12: 83.7 | O12: 50 | P12: 27.9 | Q12: J/g
A13: 3 | B13: 4 | C13: 4.7 | E13: 41.2 | G13: 62.2 | L13: celsius | M13: 82.3 | O13: 15.7 | P13: 49.7 | Q13: J/g
A14: 4 | B14: 1
A15: 4 | B15: 2
A16: 4 | B16: 3
A17: 5 | B17: 1 | E17: 91 | I17: 170 | L17: celsius | O17: 74 | Q17: J/g | R17: 64.3
A18: 5 | B18: 2 | E18: 71 | H18: 163 | I18: 172 | L18: celsius | O18: 47 | Q18: J/g | R18: 62.3
A19: 5 | B19: 3 | E19: 60 | H19: 160 | I19: 170 | L19: celsius | O19: 34 | Q19: J/g | R19: 64.2
A20: 5 | B20: 4 | E20: 66 | H20: 158 | I20: 170 | L20: celsius | O20: 33 | Q20: J/g | R20: 64.8
A21: 5 | B21: 5 | E21: 71 | H21: 158 | I21: 170 | L21: celsius | O21: 34 | Q21: J/g | R21: 64.8
A22: 5 | B22: 6 | E22: 77 | H22: 167 | I22: 174 | L22: celsius | O22: 49 | Q22: J/g | R22: 64.5
A23: 6 | B23: 1 | C23: -1.3 | G23: 53 | H23: 167.8 | J23: 265.5 | L23: celsius | M23: 74.1 | Q23: J/g | R23: 50.8
A24: 6 | B24: 2 | C24: 0.2 | G24: 72.9 | H24: 167.7 | J24: 265.1 | L24: celsius | M24: 71.3 | Q24: J/g | R24: 48.8
A25: 6 | B25: 3 | C25: 1.3 | G25: 69.4 | H25: 168.6 | J25: 267.5 | L25: celsius | M25: 65.1 | Q25: J/g | R25: 44.6
A26: 6 | B26: 4 | C26: 2 | G26: 68.4 | H26: 169.2 | J26: 266.5 | L26: celsius | M26: 62.3 | Q26: J/g | R26: 42.7
A27: 7 | B27: 1 | C27: 3.9 | E27: 47.4 | H27: 175 | L27: celsius | M27: 87.4 | O27: 68.7 | Q27: J/g
A28: 7 | B28: 2 | C28: 3.8 | E28: 42.9 | H28: 171.4 | L28: celsius | M28: 87.8 | O28: 25.1 | Q28: J/g
A29: 8 | B29: 1 | C29: -13.4 | E29: 85.7 | H29: 161.3 | I29: 170.3 | J29: 215.7 | K29: 279.1 | L29: celsius | M29: 86 | N29: 88.7 | O29: 73.9 | Q29: J/g | R29: 58.9
A30: 8 | B30: 2 | C30: -10.1 | E30: 87.5 | H30: 161.8 | I30: 170.4 | J30: 226.5 | K30: 287.2 | L30: celsius | M30: 83.7 | N30: 85.4 | O30: 68.5 | Q30: J/g | R30: 60.4
A31: 8 | B31: 3 | C31: -6.3 | E31: 83.8 | H31: 161.2 | I31: 170 | J31: 229.3 | K31: 288.9 | L31: celsius | M31: 84.5 | N31: 79.9 | O31: 61.9 | Q31: J/g | R31: 64.3
A32: 8 | B32: 4 | C32: -21 | E32: 77 | H32: 155.5 | I32: 166.7 | J32: 203 | K32: 287.4 | L32: celsius | M32: 79 | N32: 73.7 | O32: 57.5 | Q32: J/g | R32: 63.6
A33: 9 | B33: 1 | C33: −3.7 | E33: 104.2 | H33: 150.8 | I33: 162.3 | L33: celsius | M33: 20.1 | N33: 17.3 | O33: 28.6 | Q33: J/g
A34: 9 | B34: 2 | C34: −2.6 | E34: 100.8 | H34: 149.4 | I34: 161.7 | L34: celsius | M34: 18.3 | N34: 19 | O34: 32.5 | Q34: J/g
A35: 9 | B35: 3 | C35: −2.2 | E35: 96 | H35: 148.2 | I35: 161.4 | L35: celsius | M35: 15.6 | N35: 20.3 | O35: 30.7 | Q35: J/g
A36: 9 | B36: 4 | C36: −1.5 | E36: 107.2 | H36: 151.1 | I36: 161.9 | L36: celsius | M36: 20.5 | N36: 13.5 | O36: 26.9 | Q36: J/g
A37: 11 | B37: 1a | L37: celsius
A38: 11 | B38: 2a | L38: celsius
A39: 11 | B39: 3a | L39: celsius
A40: 11 | B40: 4a | L40: celsius
A41: 11 | B41: 1b | L41: celsius
A42: 11 | B42: 2b | L42: celsius
A43: 11 | B43: 3b | L43: celsius
A44: 11 | B44: 4b | L44: celsius
A45: 12 | B45: 1a
A46: 12 | B46: 2a
A47: 12 | B47: 3a
A48: 12 | B48: 4a
A49: 12 | B49: 5a
A50: 12 | B50: 1b
A51: 12 | B51: 2b
A52: 12 | B52: 3b
A53: 12 | B53: 4b
A54: 12 | B54: 5b
A55: 13 | B55: 1 | C55: −0.7 | E55: 61.8 | H55: 126.1 | I55: 152.5 | L55: celsius | R55: 29
A56: 13 | B56: 2 | C56: −3.5 | E56: 107.1 | H56: 150.9 | I56: 166.5 | L56: celsius | R56: 19.3
A57: 13 | B57: 3 | C57: −5.3 | E57: 104.8 | H57: 159.7 | I57: 170.1 | L57: celsius | R57: 25.8
A58: 13 | B58: 4 | C58: −7.4 | E58: 80 | H58: 153.8 | I58: 165.3 | L58: celsius | R58: 21.6
A59: 13 | B59: 5 | C59: −7.2 | E59: 71.5 | I59: 162.6 | L59: celsius | R59: 23.8
A60: 13 | B60: 6 | C60: −2.5 | E60: 56.5 | I60: 155.6 | L60: celsius | R60: 16.6
A61: 13 | B61: 7 | C61: −1.6 | E61: 64.2 | H61: 128.6 | I61: 152.1 | L61: celsius | R61: 23.3
A62: 13 | B62: 8 | C62: −1.9 | E62: 66.4 | H62: 130.9 | I62: 153.1 | L62: celsius | R62: 24.3
A63: 14 | B63: 1
A64: 14 | B64: 2
A65: 14 | B65: 3
A66: 14 | B66: 4
A67: 14 | B67: 5
A68: 14 | B68: 6
A69: 14 | B69: 7
A70: 14 | B70: 8
A71: 14 | B71: 9
A72: 14 | B72: 10
A73: 15 | B73: 1
A74: 15 | B74: 2
... A85: 17 | B85: 4
A86: 18 | B86: 1 | E86: 103 | H86: 152 | I86: 162 | L86: celsius
A87: 18 | B87: 2 | E87: 94 | H87: 144 | I87: 153 | L87: celsius
A88: 19 | B88: 1
A89: 19 | B89: 2
A90: 19 | B90: 3
A91: 19 | B91: 4
A92: 19 | B92: 5
A93: 20 | B93: 1a | C93: -0.05 | E93: 66.1 | H93: 130 | I93: 163 | J93: 244 | K93: 298 | L93: celsius | R93: 5.71
A94: 20 | B94: 2a | C94: -0.48 | I94: 165 | J94: 255 | K94: 300 | L94: celsius | R94: 50.2
A95: 20 | B95: 3a | C95: -2.76 | H95: 149 | I95: 158 | J95: 264 | K95: 309 | L95: celsius | R95: 5.33
A96: 20 | B96: 4a | C96: 2.08 | H96: 144 | I96: 159 | J96: 241 | K96: 291 | L96: celsius | R96: 32.3
A97: 20 | B97: 1b | C97: -0.05 | E97: 66.1 | H97: 130 | I97: 163 | J97: 244 | K97: 298 | L97: celsius | R97: 5.71
A98: 20 | B98: 2b | C98: -0.48 | I98: 165 | J98: 255 | K98: 300 | L98: celsius | R98: 50.2
A99: 20 | B99: 3b | C99: -2.76 | H99: 149 | I99: 158 | J99: 264 | K99: 309 | L99: celsius | R99: 5.33
A100: 20 | B100: 4b | C100: 2.08 | H100: 144 | I100: 159 | J100: 241 | K100: 291 | L100: celsius | R100: 32.3
A101: 20 | B101: 1c | C101: -0.05 | E101: 66.1 | H101: 130 | I101: 163 | J101: 244 | K101: 298 | L101: celsius | R101: 5.71
A102: 20 | B102: 2c | C102: -0.48 | I102: 165 | J102: 255 | K102: 300 | L102: celsius | R102: 50.2
A103: 20 | B103: 3c | C103: -2.76 | H103: 149 | I103: 158 | J103: 264 | K103: 309 | L103: celsius | R103: 5.33
A104: 20 | B104: 4c | C104: 2.08 | H104: 144 | I104: 159 | J104: 241 | K104: 291 | L104: celsius | R104: 32.3
A105: 20 | B105: 1d | C105: -0.05 | E105: 66.1 | H105: 130 | I105: 163 | J105: 244 | K105: 298 | L105: celsius | R105: 5.71
A106: 20 | B106: 2d | C106: -0.48 | I106: 165 | J106: 255 | K106: 300 | L106: celsius | R106: 50.2
A107: 20 | B107: 3d | C107: -2.76 | H107: 149 | I107: 158 | J107: 264 | K107: 309 | L107: celsius | R107: 5.33
A108: 20 | B108: 4d | C108: 2.08 | H108: 144 | I108: 159 | J108: 241 | K108: 291 | L108: celsius | R108: 32.3
A109: 20 | B109: 1e | C109: -0.05 | E109: 66.1 | H109: 130 | I109: 163 | J109: 244 | K109: 298 | L109: celsius | R109: 5.71
A110: 20 | B110: 2e | C110: -0.48 | I110: 165 | J110: 255 | K110: 300 | L110: celsius | R110: 50.2
...

Sheet Rheological_experimental_detail
A1: Study_id | B1: Instance | C1: Test type | D1: constant parameters | E1: geometry | F1: plate diameter | G1: gap size | H1: morphology | I1: diameter | J1: thickness | K1: size units | L1: Angular_frequency_units | M1: Texp | N1: Texp_units | O1: Viscosity_units | P1: Modulus_units | Q1: Strain_fixed(%) | R1: Frequency_experimental_fixed (Hz) | V1: Row No.
A2: 1 | B2: 1 | C2: DFS | D2: strain,temp | E2: parallel plate | G2: 1.8 | K2: mm | L2: rad/s | M2: 180 | N2: celsius | O2: Pa*s | Q2: 1 | V2: 1
A3: 1 | B3: 2 | C3: DFS | D3: strain,temp | E3: parallel plate | G3: 1.8 | K3: mm | L3: rad/s | M3: 170 | N3: celsius | O3: Pa*s | Q3: 1 | V3: 2
A4: 1 | B4: 3 | C4: DFS | D4: strain,temp | E4: parallel plate | G4: 1.8 | K4: mm | L4: rad/s | M4: 160 | N4: celsius | O4: Pa*s | Q4: 1 | V4: 3
A5: 1 | B5: 4 | C5: DFS | D5: strain,temp | E5: parallel plate | G5: 1.8 | K5: mm | L5: rad/s | M5: 150 | N5: celsius | O5: Pa*s | Q5: 1 | V5: 4
A6: 1 | B6: 5 | C6: DFS | D6: strain,temp | E6: parallel plate | G6: 1.8 | K6: mm | L6: rad/s | M6: 145 | N6: celsius | O6: Pa*s | Q6: 1 | V6: 5
A7: 2 | B7: 1 | C7: DFS | D7: strain,temp | E7: parallel plate | F7: 25 | G7: 0.75 | H7: disc | I7: 25 | J7: 0.5 | K7: mm | L7: rad/s | M7: 175 | N7: celsius | O7: Pa*s | P7: Pa | V7: 6
A8: 2 | B8: 2 | C8: DFS | D8: strain,temp | E8: parallel plate | F8: 25 | G8: 0.75 | H8: disc | I8: 25 | J8: 0.5 | K8: mm | L8: rad/s | M8: 175 | N8: celsius | O8: Pa*s | P8: Pa | V8: 7
A9: 2 | B9: 3 | C9: DFS | D9: strain,temp | E9: parallel plate | F9: 25 | G9: 0.75 | H9: disc | I9: 25 | J9: 0.5 | K9: mm | L9: rad/s | M9: 175 | N9: celsius | O9: Pa*s | P9: Pa | V9: 8
A10: 3 | B10: 1 | C10: DFS | D10: strain,temp | E10: parallel plate | F10: 25 | G10: 0.8 | K10: mm | L10: rad/s | M10: 190 | N10: celsius | O10: Pa*s | P10: Pa | V10: 10
A11: 3 | B11: 2 | C11: DFS | D11: strain,temp | E11: parallel plate | F11: 25 | G11: 0.8 | K11: mm | L11: rad/s | M11: 190 | N11: celsius | O11: Pa*s | P11: Pa | V11: 11
A12: 3 | B12: 3 | C12: DFS | D12: strain,temp | E12: parallel plate | F12: 25 | G12: 0.8 | K12: mm | L12: rad/s | M12: 190 | N12: celsius | O12: Pa*s | P12: Pa | V12: 12
A13: 3 | B13: 4 | C13: DFS | D13: strain,temp | E13: parallel plate | F13: 25 | G13: 0.8 | K13: mm | L13: rad/s | M13: 190 | N13: celsius | O13: Pa*s | P13: Pa | V13: 13
A14: 4 | B14: 1 | C14: DFS | D14: strain,temp | E14: parallel plate | F14: 25 | G14: 1.5 | K14: mm | L14: hz | M14: 180 | N14: celsius | O14: Pa*s | P14: Pa | Q14: 0.1 | V14: 14
A15: 4 | B15: 2 | C15: DFS | D15: strain,temp | E15: parallel plate | F15: 25 | G15: 1.5 | K15: mm | L15: hz | M15: 180 | N15: celsius | O15: Pa*s | P15: Pa | Q15: 0.1 | V15: 15
A16: 4 | B16: 3 | C16: DFS | D16: strain,temp | E16: parallel plate | F16: 25 | G16: 1.5 | K16: mm | L16: hz | M16: 180 | N16: celsius | O16: Pa*s | P16: Pa | Q16: 0.1 | V16: 16
A17: 5 | B17: 1 | C17: DFS | D17: strain,temp | E17: parallel plate | H17: disc | I17: 25 | J17: 2 | K17: mm | L17: rad/s | M17: 175 | N17: celsius | P17: Pa | Q17: 1 | V17: 17
A18: 5 | B18: 2 | C18: DFS | D18: strain,temp | E18: parallel plate | H18: disc | I18: 25 | J18: 2 | K18: mm | L18: rad/s | M18: 175 | N18: celsius | P18: Pa | Q18: 1 | V18: 18
A19: 5 | B19: 3 | C19: DFS | D19: strain,temp | E19: parallel plate | H19: disc | I19: 25 | J19: 2 | K19: mm | L19: rad/s | M19: 175 | N19: celsius | P19: Pa | Q19: 1 | V19: 19
A20: 5 | B20: 4 | C20: DFS | D20: strain,temp | E20: parallel plate | H20: disc | I20: 25 | J20: 2 | K20: mm | L20: rad/s | M20: 175 | N20: celsius | P20: Pa | Q20: 1 | V20: 20
A21: 5 | B21: 5 | C21: DFS | D21: strain,temp | E21: parallel plate | H21: disc | I21: 25 | J21: 2 | K21: mm | L21: rad/s | M21: 175 | N21: celsius | P21: Pa | Q21: 1 | V21: 21
A22: 5 | B22: 6 | C22: DFS | D22: strain,temp | E22: parallel plate | H22: disc | I22: 25 | J22: 2 | K22: mm | L22: rad/s | M22: 175 | N22: celsius | P22: Pa | Q22: 1 | V22: 22
A23: 6 | B23: 1 | C23: DFS | D23: strain,temp | E23: parallel plate | F23: 25 | K23: mm | L23: rad/s | M23: 175 | N23: celsius | O23: Pa*s | P23: Pa | Q23: 1 | V23: 23
A24: 6 | B24: 2 | C24: DFS | D24: strain,temp | E24: parallel plate | F24: 25 | K24: mm | L24: rad/s | M24: 175 | N24: celsius | O24: Pa*s | P24: Pa | Q24: 1 | V24: 24
A25: 6 | B25: 3 | C25: DFS | D25: strain,temp | E25: parallel plate | F25: 25 | K25: mm | L25: rad/s | M25: 175 | N25: celsius | O25: Pa*s | P25: Pa | Q25: 1 | V25: 25
A26: 6 | B26: 4 | C26: DFS | D26: strain,temp | E26: parallel plate | F26: 25 | K26: mm | L26: rad/s | M26: 175 | N26: celsius | O26: Pa*s | P26: Pa | Q26: 1 | V26: 26
A27: 7 | B27: 1 | C27: DFS | D27: strain,temp | E27: parallel plate | F27: 20 | K27: mm | L27: rad/s | M27: 190 | N27: celsius | P27: Pa | Q27: 0.3 | V27: 27
A28: 7 | B28: 2 | C28: DFS | D28: strain,temp | E28: parallel plate | F28: 20 | K28: mm | L28: rad/s | M28: 190 | N28: celsius | P28: Pa | Q28: 0.3 | V28: 28
A29: 8 | B29: 1 | C29: DTS | D29: angular frequency,stress or strain | L29: hz | N29: celsius | O29: Pa*s | P29: MPa | R29: 1 | V29: 29
A30: 8 | B30: 2 | C30: DTS | D30: angular frequency,stress or strain | L30: hz | N30: celsius | O30: Pa*s | P30: MPa | R30: 1 | V30: 30
A31: 8 | B31: 3 | C31: DTS | D31: angular frequency,stress or strain | L31: hz | N31: celsius | O31: Pa*s | P31: MPa | R31: 1 | V31: 31
A32: 8 | B32: 4 | C32: DTS | D32: angular frequency,stress or strain | L32: hz | N32: celsius | O32: Pa*s | P32: MPa | R32: 1 | V32: 32
A33: 9 | B33: 1 | C33: DTS | D33: angular frequency,strain | L33: hz | N33: celsius | P33: MPa | R33: 1 | V33: 33
A34: 9 | B34: 2 | C34: DTS | D34: angular frequency,strain | L34: hz | N34: celsius | P34: MPa | R34: 1 | V34: 34
A35: 9 | B35: 3 | C35: DTS | D35: angular frequency,strain | L35: hz | N35: celsius | P35: MPa | R35: 1 | V35: 35
A36: 9 | B36: 4 | C36: DTS | D36: angular frequency,strain | L36: hz | N36: celsius | P36: MPa | R36: 1 | V36: 36
A37: 11 | B37: 1a | C37: DFS | D37: strain,temp | F37: 25 | G37: 0.5 | K37: mm | L37: hz | M37: 190 | N37: celsius | O37: Pa*s | V37: 37
A38: 11 | B38: 2a | C38: DFS | D38: strain,temp | F38: 25 | G38: 0.5 | K38: mm | L38: hz | M38: 190 | N38: celsius | O38: Pa*s | V38: 38
A39: 11 | B39: 3a | C39: DFS | D39: strain,temp | F39: 25 | G39: 0.5 | K39: mm | L39: hz | M39: 190 | N39: celsius | O39: Pa*s | V39: 39
A40: 11 | B40: 4a | C40: DFS | D40: strain,temp | F40: 25 | G40: 0.5 | K40: mm | L40: hz | M40: 190 | N40: celsius | O40: Pa*s | V40: 40
A41: 11 | B41: 1b | C41: DTS | D41: angular frequency,strain | F41: 25 | G41: 0.5 | K41: mm | L41: hz | N41: celsius | O41: Pa*s | P41: Gpa | Q41: 0.05 | R41: 1 | V41: 41
A42: 11 | B42: 2b | C42: DTS | D42: angular frequency,strain | F42: 25 | G42: 0.5 | K42: mm | L42: hz | N42: celsius | O42: Pa*s | P42: Gpa | Q42: 0.05 | R42: 1 | V42: 42
A43: 11 | B43: 3b | C43: DTS | D43: angular frequency,strain | F43: 25 | G43: 0.5 | K43: mm | L43: hz | N43: celsius | O43: Pa*s | P43: Gpa | Q43: 0.05 | R43: 1 | V43: 43
A44: 11 | B44: 4b | C44: DTS | D44: angular frequency,strain | F44: 25 | G44: 0.5 | K44: mm | L44: hz | N44: celsius | O44: Pa*s | P44: Gpa | Q44: 0.05 | R44: 1 | V44: 44
A45: 12 | B45: 1a | C45: DFS | E45: parallel plate | G45: 1 | I45: 20 | J45: 1.55 | K45: mm | L45: hz | M45: 200 | N45: celsius | O45: Pa*s | P45: Pa | Q45: 0.1 | V45: 45
A46: 12 | B46: 2a | C46: DFS | E46: parallel plate | G46: 1 | I46: 20 | J46: 1.55 | K46: mm | L46: hz | M46: 200 | N46: celsius | O46: Pa*s | P46: Pa | Q46: 0.1 | V46: 46
A47: 12 | B47: 3a | C47: DFS | E47: parallel plate | G47: 1 | I47: 20 | J47: 1.55 | K47: mm | L47: hz | M47: 200 | N47: celsius | O47: Pa*s | P47: Pa | Q47: 0.1 | V47: 47
A48: 12 | B48: 4a | C48: DFS | E48: parallel plate | G48: 1 | I48: 20 | J48: 1.55 | K48: mm | L48: hz | M48: 200 | N48: celsius | O48: Pa*s | P48: Pa | Q48: 0.1 | V48: 48
A49: 12 | B49: 5a | C49: DFS | E49: parallel plate | G49: 1 | I49: 20 | J49: 1.55 | K49: mm | L49: hz | M49: 200 | N49: celsius | O49: Pa*s | P49: Pa | Q49: 0.1 | V49: 49
A50: 12 | B50: 1b | C50: DTS | E50: parallel plate | L50: hz | N50: celsius | P50: MPa | R50: 1 | V50: 50
A51: 12 | B51: 2b | C51: DTS | E51: parallel plate | L51: hz | N51: celsius | P51: MPa | R51: 1 | V51: 51
A52: 12 | B52: 3b | C52: DTS | E52: parallel plate | L52: hz | N52: celsius | P52: MPa | R52: 1 | V52: 52
A53: 12 | B53: 4b | C53: DTS | E53: parallel plate | L53: hz | N53: celsius | P53: MPa | R53: 1 | V53: 53
A54: 12 | B54: 5b | C54: DTS | E54: parallel plate | L54: hz | N54: celsius | P54: MPa | R54: 1 | V54: 54
A55: 13 | B55: 1 | C55: DFS | D55: strain,temp | E55: parallel plate | F55: 25 | H55: disc | I55: 25 | J55: 1.5 | K55: mm | L55: rad/s | M55: 180 | N55: celsius | O55: Pa*s | Q55: 0.5 | V55: 55
A56: 13 | B56: 2 | C56: DFS | D56: strain,temp | E56: parallel plate | F56: 25 | H56: disc | I56: 25 | J56: 1.5 | K56: mm | L56: rad/s | M56: 180 | N56: celsius | O56: Pa*s | Q56: 0.5 | V56: 56
A57: 13 | B57: 3 | C57: DFS | D57: strain,temp | E57: parallel plate | F57: 25 | H57: disc | I57: 25 | J57: 1.5 | K57: mm | L57: rad/s | M57: 180 | N57: celsius | O57: Pa*s | Q57: 0.5 | V57: 57
A58: 13 | B58: 4 | C58: DFS | D58: strain,temp | E58: parallel plate | F58: 25 | H58: disc | I58: 25 | J58: 1.5 | K58: mm | L58: rad/s | M58: 180 | N58: celsius | O58: Pa*s | Q58: 0.5 | V58: 58
A59: 13 | B59: 5 | C59: DFS | D59: strain,temp | E59: parallel plate | F59: 25 | H59: disc | I59: 25 | J59: 1.5 | K59: mm | L59: rad/s | M59: 180 | N59: celsius | O59: Pa*s | Q59: 0.5 | V59: 59
A60: 13 | B60: 6 | C60: DFS | D60: strain,temp | E60: parallel plate | F60: 25 | H60: disc | I60: 25 | J60: 1.5 | K60: mm | L60: rad/s | M60: 180 | N60: celsius | O60: Pa*s | Q60: 0.5 | V60: 60
A61: 13 | B61: 7 | C61: DFS | D61: strain,temp | E61: parallel plate | F61: 25 | H61: disc | I61: 25 | J61: 1.5 | K61: mm | L61: rad/s | M61: 180 | N61: celsius | O61: Pa*s | Q61: 0.5 | V61: 61
A62: 13 | B62: 8 | C62: DFS | D62: strain,temp | E62: parallel plate | F62: 25 | H62: disc | I62: 25 | J62: 1.5 | K62: mm | L62: rad/s | M62: 180 | N62: celsius | O62: Pa*s | Q62: 0.5 | V62: 62
A63: 14 | B63: 1 | C63: DFS | D63: strain,temp | E63: parallel plate | F63: 25 | G63: 0.5 | K63: mm | L63: rad/s | M63: 175 | N63: celsius | P63: Pa | Q63: 0.6 | V63: 63
A64: 14 | B64: 2 | C64: DFS | D64: strain,temp | E64: parallel plate | F64: 25 | G64: 0.5 | K64: mm | L64: rad/s | M64: 175 | N64: celsius | P64: Pa | Q64: 0.6 | V64: 64
A65: 14 | B65: 3 | C65: DFS | D65: strain,temp | E65: parallel plate | F65: 25 | G65: 0.5 | K65: mm | L65: rad/s | M65: 175 | N65: celsius | P65: Pa | Q65: 0.6 | V65: 65
A66: 14 | B66: 4 | C66: DFS | D66: strain,temp | E66: parallel plate | F66: 25 | G66: 0.5 | K66: mm | L66: rad/s | M66: 175 | N66: celsius | P66: Pa | Q66: 0.6 | V66: 66
A67: 14 | B67: 5 | C67: DFS | D67: strain,temp | E67: parallel plate | F67: 25 | G67: 0.5 | K67: mm | L67: rad/s | M67: 175 | N67: celsius | P67: Pa | Q67: 0.6 | V67: 67
A68: 14 | B68: 6 | C68: DFS | D68: strain,temp | E68: parallel plate | F68: 25 | G68: 0.5 | K68: mm | L68: rad/s | M68: 175 | N68: celsius | P68: Pa | Q68: 0.6 | V68: 68
A69: 14 | B69: 7 | C69: DFS | D69: strain,temp | E69: parallel plate | F69: 25 | G69: 0.5 | K69: mm | L69: rad/s | M69: 175 | N69: celsius | P69: Pa | Q69: 0.6 | V69: 69
A70: 14 | B70: 8 | C70: DFS | D70: strain,temp | E70: parallel plate | F70: 25 | G70: 0.5 | K70: mm | L70: rad/s | M70: 175 | N70: celsius | P70: Pa | Q70: 0.6 | V70: 70
A71: 14 | B71: 9 | C71: DFS | D71: strain,temp | E71: parallel plate | F71: 25 | G71: 0.5 | K71: mm | L71: rad/s | M71: 175 | N71: celsius | P71: Pa | Q71: 0.6 | V71: 71
A72: 14 | B72: 10 | C72: DFS | D72: strain,temp | E72: parallel plate | F72: 25 | G72: 0.5 | K72: mm | L72: rad/s | M72: 175 | N72: celsius | P72: Pa | Q72: 0.6 | V72: 72
A73: 15 | B73: 1 | C73: DFS | D73: strain,temp | E73: parallel plate | F73: 25 | G73: 0.5 | K73: mm | L73: rad/s | M73: 175 | N73: celsius | O73: Pa*s | Q73: 0.6 | V73: 73
A74: 15 | B74: 2 | C74: DFS | D74: strain,temp | E74: parallel plate | F74: 25 | G74: 0.5 | K74: mm | L74: rad/s | M74: 175 | N74: celsius | O74: Pa*s | Q74: 0.6 | V74: 74
A75: 15 | B75: 3 | C75: DFS | D75: strain,temp | E75: parallel plate | F75: 25 | G75: 0.5 | K75: mm | L75: rad/s | M75: 175 | N75: celsius | O75: Pa*s | Q75: 0.6 | V75: 75
A76: 15 | B76: 4 | C76: DFS | D76: strain,temp | E76: parallel plate | F76: 25 | G76: 0.5 | K76: mm | L76: rad/s | M76: 175 | N76: celsius | O76: Pa*s | Q76: 0.6 | V76: 76
A77: 15 | B77: 5 | C77: DFS | D77: strain,temp | E77: parallel plate | F77: 25 | G77: 0.5 | K77: mm | L77: rad/s | M77: 175 | N77: celsius | O77: Pa*s | Q77: 0.6 | V77: 77
A78: 15 | B78: 6 | C78: DFS | D78: strain,temp | E78: parallel plate | F78: 25 | G78: 0.5 | K78: mm | L78: rad/s | M78: 175 | N78: celsius | O78: Pa*s | Q78: 0.6 | V78: 78
A79: 16 | B79: 1 | C79: DTS | L79: hz | N79: celsius | P79: Gpa | R79: 1 | V79: 79
A80: 16 | B80: 2 | C80: DTS | L80: hz | N80: celsius | P80: Gpa | R80: 1 | V80: 80
A81: 16 | B81: 3 | C81: DTS | L81: hz | N81: celsius | P81: Gpa | R81: 1 | V81: 81
A82: 17 | B82: 1 | C82: DFS | D82: strain,temp | E82: parallel plate | H82: disc | I82: 5 | J82: 2 | K82: mm | L82: rad/s | M82: 180 | N82: celsius | P82: dyne/cm^2 | V82: 82
A83: 17 | B83: 2 | C83: DFS | D83: strain,temp | E83: parallel plate | H83: disc | I83: 5 | J83: 2 | K83: mm | L83: rad/s | M83: 180 | N83: celsius | P83: dyne/cm^2 | V83: 83
A84: 17 | B84: 3 | C84: DFS | D84: strain,temp | E84: parallel plate | H84: disc | I84: 5 | J84: 2 | K84: mm | L84: rad/s | M84: 180 | N84: celsius | P84: dyne/cm^2 | V84: 84
A85: 17 | B85: 4 | C85: DFS | D85: strain,temp | E85: parallel plate | H85: disc | I85: 5 | J85: 2 | K85: mm | L85: rad/s | M85: 180 | N85: celsius | P85: dyne/cm^2 | V85: 85
A86: 18 | B86: 1 | C86: DFS | L86: rad/s | M86: 175 | N86: celsius | P86: Pa | V86: 86
A87: 18 | B87: 2 | C87: DFS | L87: rad/s | M87: 165 | N87: celsius | P87: Pa | V87: 87
A88: 19 | B88: 1 | C88: DTS | H88: rectangular_bars | L88: hz | N88: celsius | P88: MPa | R88: 1 | V88: 88
A89: 19 | B89: 2 | C89: DTS | H89: rectangular_bars | L89: hz | N89: celsius | P89: MPa | R89: 1 | V89: 89
A90: 19 | B90: 3 | C90: DTS | H90: rectangular_bars | L90: hz | N90: celsius | P90: MPa | R90: 1 | V90: 90
A91: 19 | B91: 4 | C91: DTS | H91: rectangular_bars | L91: hz | N91: celsius | P91: MPa | R91: 1 | V91: 91
A92: 19 | B92: 5 | C92: DTS | H92: rectangular_bars | L92: hz | N92: celsius | P92: MPa | R92: 1 | V92: 92
A93: 20 | B93: 1a | C93: DFS | D93: strain,temp | E93: parallel plate | F93: 25 | G93: 0.9 | I93: 25 | J93: 1 | K93: mm | L93: rad/s | M93: 150 | N93: celsius | O93: Pa*s | V93: 93
A94: 20 | B94: 2a | C94: DFS | D94: strain,temp | E94: parallel plate | F94: 25 | G94: 0.9 | I94: 25 | J94: 1 | K94: mm | L94: rad/s | M94: 150 | N94: celsius | O94: Pa*s | V94: 94
A95: 20 | B95: 3a | C95: DFS | D95: strain,temp | E95: parallel plate | F95: 25 | G95: 0.9 | I95: 25 | J95: 1 | K95: mm | L95: rad/s | M95: 150 | N95: celsius | O95: Pa*s | V95: 95
A96: 20 | B96: 4a | C96: DFS | D96: strain,temp | E96: parallel plate | F96: 25 | G96: 0.9 | I96: 25 | J96: 1 | K96: mm | L96: rad/s | M96: 150 | N96: celsius | O96: Pa*s | V96: 96
A97: 20 | B97: 1b | C97: DFS | D97: strain,temp | E97: parallel plate | F97: 25 | G97: 0.9 | I97: 25 | J97: 1 | K97: mm | L97: rad/s | M97: 160 | N97: celsius | O97: Pa*s | V97: 97
A98: 20 | B98: 2b | C98: DFS | D98: strain,temp | E98: parallel plate | F98: 25 | G98: 0.9 | I98: 25 | J98: 1 | K98: mm | L98: rad/s | M98: 160 | N98: celsius | O98: Pa*s | V98: 98
A99: 20 | B99: 3b | C99: DFS | D99: strain,temp | E99: parallel plate | F99: 25 | G99: 0.9 | I99: 25 | J99: 1 | K99: mm | L99: rad/s | M99: 160 | N99: celsius | O99: Pa*s | V99: 99
A100: 20 | B100: 4b | C100: DFS | D100: strain,temp | E100: parallel plate | F100: 25 | G100: 0.9 | I100: 25 | J100: 1 | K100: mm | L100: rad/s | M100: 160 | N100: celsius | O100: Pa*s | V100: 100
...

Sheet Storage_modulus_G
A1: Study_id | B1: Instance
A2: 1 | B2: 1
A3: 1 | B3: 2
A4: 1 | B4: 3
A5: 1 | B5: 4
A6: 1 | B6: 5
A7: 2 | B7: 1 | C7: 78.116806 | D7: 110.30285 | E7: 161.51092 | F7: 240.82605 | G7: 365.67181 | H7: 545.24672 | I7: 756.04718 | J7: 1010.9551 | K7: 1453.6524 | L7: 2015.6559 | M7: 2552.349
A8: 2 | B8: 2 | C8: 2.2640686 | D8: 2.4346432 | E8: 2.7646514 | F8: 2.9729398 | G8: 3.4377762 | H8: 3.9037559 | I8: 4.5968525 | J8: 6.2593606 | K8: 8.2191423 | L8: 11.605631 | M8: 28.773357
A9: 2 | B9: 3 | C9: 690.42533 | D9: 843.07752 | E9: 1067.5572 | F9: 1453.6524 | G9: 2015.6559 | H9: 2599.121 | I9: 3670.0229 | J9: 4819.0929 | K9: 7317.3413 | L9: 11947.776 | M9: 12616.717
A10: 3 | B10: 1 | C10: 23.747494 | D10: 14.724465 | E10: 21.193096 | F10: 40.083479 | G10: 164.36732 | H10: 332.84384 | I10: 906.07968 | J10: 1675.1462 | K10: 3241.2192 | L10: 6130.2672 | M10: 10114.452 | N10: 17465.243 | O10: 26914.327 | P10: 39629.908 | Q10: 57039.791 | R10: 78444.668 | S10: 96277.662 | T10: 115505.58 | U10: 138573.57 | V10: 166248.53 | W10: 194962.27 | X10: 218461.03 | Y10: 233898.81
A11: 3 | B11: 2 | C11: 2151.7122 | D11: 2009.695 | E11: 1529.3751 | F11: 1564.5833 | G11: 2959.1684 | H11: 4163.3207 | I11: 6869.1468 | J11: 10829.2 | K11: 16312.503 | L11: 24019.288 | M11: 34571.243 | N11: 47544.523 | O11: 71618.416 | P11: 98494.1 | Q11: 138573.57 | R11: 177996.66 | S11: 223490.28 | T11: 307357.74 | U11: 377230.03 | V11: 462986.54 | W11: 581319.85 | X11: 651386.2 | Y11: 781476.6
A12: 3 | B12: 3 | C12: 132407.03 | D12: 138573.57 | E12: 145027.3 | F12: 148366.01 | G12: 158850.46 | H12: 170075.79 | I12: 182094.38 | J12: 199450.56 | K12: 218461.03 | L12: 244792.08 | M12: 287071.52 | N12: 344403.49 | O12: 413185.41 | P12: 473645.1 | Q12: 581319.85 | R12: 713472.54 | S12: 855962.41 | T12: 1050550.2 | U12: 1231996.7 | V12: 1380489 | W12: 1618921.2 | X12: 1656190.8 | Y12: 1855811.1
A13: 3 | B13: 4 | C13: 168.15128 | D13: 1364.8679 | E13: 5227.4111 | F13: 8823.3654 | G13: 17072.218 | H13: 29479.644 | I13: 43407.201 | J13: 63914.783 | K13: 87899.584 | L13: 110365.57 | M13: 170075.79 | N13: 228635.32 | O13: 280611.48 | P13: 336653.29 | Q13: 403887.39 | R13: 484549.03 | S13: 608393.43 | T13: 697417.09 | U13: 763890.84 | V13: 855962.41 | W13: 1003800.6 | X13: 959131.36 | Y13: 1150682.5
A14: 4 | B14: 1 | C14: 0.66089431 | D14: 0.7961412 | E14: 1.5479929 | F14: 2.0741095 | G14: 3.8239152 | H14: 6.684709 | I14: 14.846263 | J14: 20.978874 | K14: 45.369676 | L14: 93.035108 | M14: 195.9202 | N14: 423.70414 | O14: 966.38129 | P14: 2035.0771 | Q14: 3557.5836 | R14: 6917.2583 | S14: 11164.899 | T14: 17547.871 | U14: 27579.987 | V14: 41101.852 | W14: 59645.483
A15: 4 | B15: 2 | C15: 19.36996 | D15: 26.652784 | E15: 50.462678 | F15: 67.613435 | G15: 100.76282 | H15: 146.22327 | I15: 206.62436 | J15: 291.97558 | K15: 423.70414 | L15: 702.31938 | M15: 1074.8631 | N15: 1689.3622 | O15: 2655.1705 | P15: 4519.7614 | Q15: 7295.1849 | R15: 12418.222 | S15: 20043.806 | T15: 35039.222 | U15: 52218.186 | V15: 75777.095 | W15: 109964.91
A16: 4 | B16: 3 | C16: 75.203426 | D16: 83.645435 | E16: 162.63766 | F16: 185.77056 | G16: 206.62436 | H16: 299.84561 | I16: 401.75417 | J16: 583.01076 | K16: 846.04359 | L16: 1195.5225 | M16: 1829.6846 | N16: 2655.1705 | O16: 4285.6155 | P16: 6917.2583 | Q16: 11164.899 | R16: 18020.863 | S16: 26856.097 | T16: 46948.007 | U16: 68129.207 | V16: 98866.579 | W16: 139705.83
A17: 5 | B17: 1 | C17: 8.3623838 | D17: 9.6548029 | E17: 10.970386 | F17: 11.146967 | G17: 12.465233 | H17: 14.623406 | I17: 17.711947 | J17: 19.806603 | K17: 22.505491 | L17: 25.983748 | M17: 29.524347 | N17: 31.978226 | O17: 36.335645 | P17: 38.118632 | Q17: 41.951374 | R17: 46.169488 | S17: 51.629599 | T17: 58.664754 | U17: 63.540601 | V17: 71.055059 | W17: 82.036726 | X17: 88.855105 | Y17: 104.23907 | Z17: 116.56662 | AA17: 138.94955 | AB17: 163.00663 | AC17: 191.22884 | AD17: 227.94829 | AE17: 276.09217 | AF17: 339.78692 | AG17: 424.90715 | AH17: 514.64978 | AI17: 653.93409 | AJ17: 792.04842 | AK17: 1022.6069 | AL17: 1299.3643 | AM17: 1651.023 | AN17: 2064.6218 | AO17: 2752.1185 | AP17: 3910.5065 | AQ17: 5468.4479 | AR17: 8828.9379 | AS17: 16991.659
A18: 5 | B18: 2 | C18: 362.19788 | D18: 418.17611 | E18: 460.22277 | F18: 490.57719 | G18: 514.64978 | H18: 514.64978 | I18: 575.51345 | J18: 603.75386 | K18: 633.38001 | L18: 633.38001 | M18: 643.575 | N18: 719.68567 | O18: 708.285 | P18: 708.285 | Q18: 731.26985 | R18: 767.15321 | S18: 792.04842 | T18: 792.04842 | U18: 830.91418 | V18: 885.7179 | W18: 899.97457 | X18: 857.87853 | Y18: 857.87853 | Z18: 871.68708 | AA18: 914.46071 | AB18: 929.18002 | AC18: 1039.067 | AD18: 1039.067 | AE18: 990.46495 | AF18: 1107.5996 | AG18: 1143.5428 | AH18: 1180.6524 | AI18: 1299.3643 | AJ18: 1299.3643 | AK18: 1320.2791 | AL18: 1453.0301 | AM18: 1524.3302 | AN18: 1817.0296 | AO18: 2200.7958 | AP18: 2933.637 | AQ18: 4372.972 | AR18: 7770.1599 | AS18: 16991.659
A19: 5 | B19: 3 | C19: 168.29643 | D19: 217.28608 | E19: 246.89392 | F19: 280.5362 | G19: 323.89349 | H19: 362.19788 | I19: 418.17611 | J19: 445.75731 | K19: 490.57719 | L19: 539.90361 | M19: 584.77701 | N19: 633.38001 | O19: 767.15321 | P19: 817.75152 | Q19: 899.97457 | R19: 1006.4076 | S19: 1072.7862 | T19: 1180.6524 | U19: 1407.3593 | V19: 1599.129 | W19: 1677.5981 | X19: 1817.0296 | Y19: 2131.6217 | Z19: 2272.2148 | AA19: 2422.0808 | AB19: 2933.637 | AC19: 3077.5904 | AD19: 3333.3804 | AE19: 4037.408 | AF19: 4372.972 | AG19: 4661.3955 | AH19: 5381.8212 | AI19: 6115.1592 | AJ19: 6623.4129 | AK19: 7406.7131 | AL19: 7895.2297 | AM19: 8828.9379 | AN19: 9411.2587 | AO19: 10357.539 | AP19: 12150.796 | AQ19: 12952.213 | AR19: 17265.16 | AS19: 24532.199
A20: 5 | B20: 4 | C20: 73.773048 | D20: 89.768713 | E20: 109.2326 | F20: 118.53965 | G20: 128.63969 | H20: 139.6003 | I20: 151.4948 | J20: 159.11259 | K20: 172.66961 | L20: 184.3423 | M20: 190.4713 | N20: 206.70021 | O20: 224.31188 | P20: 235.59121 | Q20: 251.51749 | R20: 272.94777 | S20: 282.02272 | T20: 301.08782 | U20: 316.22777 | V20: 348.82985 | W20: 378.55152 | X20: 384.7931 | Y20: 417.57899 | Z20: 468.22494 | AA20: 491.76924 | AB20: 551.41335 | AC20: 588.6896 | AD20: 660.08866 | AE20: 704.71151 | AF20: 728.14171 | AG20: 829.91591 | AH20: 915.47761 | AI20: 977.36508 | AJ20: 1113.9739 | AK20: 1208.8888 | AL20: 1377.8583 | AM20: 1570.445 | AN20: 1789.95 | AO20: 2287.5732 | AP20: 3172.6375 | AQ20: 4546.4294 | AR20: 7927.7095 | AS20: 16821.018
A21: 5 | B21: 5 | C21: 5.4781808 | D21: 7.850302 | E21: 9.0950862 | F21: 9.552425 | G21: 10.710988 | H21: 11.815257 | I21: 12.613984 | J21: 13.688745 | K21: 15.100011 | L21: 15.602055 | M21: 16.931412 | N21: 18.374035 | O21: 19.939576 | P21: 22.357942 | Q21: 23.869367 | R21: 25.069619 | S21: 28.110181 | T21: 31.519516 | U21: 31.519516 | V21: 33.650276 | W21: 38.986037 | X21: 43.005374 | Y21: 48.221269 | Z21: 51.481089 | AA21: 57.724959 | AB21: 63.67622 | AC21: 71.399173 | AD21: 76.225849 | AE21: 88.312611 | AF21: 105.71771 | AG21: 118.53965 | AH21: 139.6003 | AI21: 159.11259 | AJ21: 190.4713 | AK21: 243.42414 | AL21: 311.09836 | AM21: 372.41119 | AN21: 569.7467 | AO21: 843.5996 | AP21: 1570.445 | AQ21: 2694.0008 | AR21: 5623.4133 | AS21: 15001.558
A22: 5 | B22: 6 | C22: 3.1934591 | D22: 4.0812712 | E22: 4.8063809 | F22: 5.4781808 | G22: 6.5578483 | H22: 6.8876042 | I22: 7.5976943 | J22: 7.850302 | K22: 8.5191787 | L22: 8.9475585 | M22: 9.397479 | N22: 9.552425 | O22: 9.8700234 | P22: 10.366329 | Q22: 10.53725 | R22: 11.623607 | S22: 12.409378 | T22: 13.248268 | U22: 13.914446 | V22: 15.348981 | W22: 16.120792 | X22: 17.494347 | Y22: 18.676987 | Z22: 20.94222 | AA22: 23.869367 | AB22: 26.330223 | AC22: 29.044786 | AD22: 34.769079 | AE22: 42.307801 | AF22: 49.016343 | AG22: 61.627241 | AH22: 74.989421 | AI22: 91.248823 | AJ22: 114.72527 | AK22: 151.4948 | AL22: 210.10829 | AM22: 301.08782 | AN22: 453.15836 | AO22: 764.75571 | AP22: 1570.445 | AQ22: 2876.1188 | AR22: 6622.5116 | AS22: 17098.363
A23: 6 | B23: 1 | C23: 15.091406 | D23: 21.789989 | E23: 25.135957 | F23: 27.273818 | G23: 27.836111 | H23: 41.865969 | I23: 48.294709 | J23: 54.585254 | K23: 62.967107 | L23: 68.322579 | M23: 66.942453 | N23: 72.636037 | O23: 102.75828 | P23: 116.14289 | Q23: 148.36934 | R23: 189.53775 | S23: 252.21594 | T23: 322.19892 | U23: 465.21253 | V23: 644.84223 | W23: 875.77574 | X23: 1165.3858 | Y23: 1582.7385 | Z23: 2106.1338 | AA23: 2979.5499 | AB23: 3884.7658 | AC23: 4862.4345 | AD23: 6470.3918 | AE23: 8265.7474 | AF23: 10559.265 | AG23: 13216.687 | AH23: 16883.954 | AI23: 21133.093 | AJ23: 22930.503 | AK23: 26996.945
A24: 6 | B24: 2 | C24: 1141.8448 | D24: 1488.7483 | E24: 1752.7594 | F24: 2021.9048 | G24: 2063.5896 | H24: 2285.2646 | I24: 2582.9278 | J24: 2690.528 | K24: 2802.6107 | L24: 2979.5499 | M24: 3167.6599 | N24: 3367.6461 | O24: 3654.0708 | P24: 4130.0255 | Q24: 4573.6811 | R24: 5169.418 | S24: 5963.2094 | T24: 6603.7893 | U24: 7165.4542 | V24: 7935.1816 | W24: 8787.5946 | X24: 10345.966 | Y24: 11934.644 | Z24: 13489.17 | AA24: 15560.503 | AB24: 18319.966 | AC24: 21568.786 | AD24: 24378.191 | AE24: 29293.087 | AF24: 35924.558 | AG24: 42295.335 | AH24: 46838.784 | AI24: 55145.064 | AJ24: 59835.257 | AK24: 69023.276
A25: 6 | B25: 3 | C25: 7935.1816 | D25: 7774.8897 | E25: 7774.8897 | F25: 8436.159 | G25: 8787.5946 | H25: 9342.3881 | I25: 9342.3881 | J25: 10345.966 | K25: 10999.145 | L25: 12431.82 | M25: 14340.791 | N25: 15560.503 | O25: 17949.9 | P25: 19083.144 | Q25: 21133.093 | R25: 23403.253 | S25: 25917.277 | T25: 29293.087 | U25: 32439.809 | V25: 35198.877 | W25: 38980.01 | X25: 44057.284 | Y25: 49795.89 | Z25: 54031.126 | AA25: 61068.857 | AB25: 67628.996 | AC25: 78013.784 | AD25: 86394.181 | AE25: 101715.12 | AF25: 112641.56 | AG25: 127313.5 | AH25: 146863.15 | AI25: 152981.22 | AJ25: 156135.17 | AK25: 162639.49
A26: 6 | B26: 4 | C26: 21568.786 | D26: 19083.144 | E26: 20287.934 | F26: 20706.202 | G26: 22013.461 | H26: 22930.503 | I26: 24880.787 | J26: 26451.603 | K26: 27553.53 | L26: 29293.087 | M26: 31142.468 | N26: 35198.877 | O26: 37421.112 | P26: 38980.01 | Q26: 40603.849 | R26: 44965.596 | S26: 46838.784 | T26: 47804.441 | U26: 56281.968 | V26: 56281.968 | W26: 62327.89 | X26: 66262.88 | Y26: 74893.838 | Z26: 81263.702 | AA26: 84649.006 | AB26: 89993.211 | AC26: 105952.4 | AD26: 122221.94 | AE26: 132617.15 | AF26: 140989.77 | AG26: 162639.49 | AH26: 180110.55 | AI26: 191481.59 | AJ26: 156135.17 | AK26: 140989.77
A27: 7 | B27: 1 | C27: 1.8968234 | D27: 5.2178163 | E27: 15.270614 | F27: 45.623944 | G27: 133.52437 | H27: 345.23641 | I27: 741.2337 | J27: 1465.2755 | K27: 2666.9137 | L27: 4657.5919 | M27: 7645.5384 | N27: 11555.275 | O27: 17828.757 | P27: 24809.547 | Q27: 35244.001 | R27: 47059.33 | S27: 59060.953 | T27: 75670.006 | U27: 91125.779 | V27: 109738.43 | W27: 129451.66 | X27: 152706.14
A28: 7 | B28: 2 | C28: 8303.9077 | D28: 9018.9702 | E28: 12550.317 | F28: 21031.486 | G28: 36730.126 | H28: 68246.552 | I28: 129451.66 | J28: 195649.99 | K28: 314599.37 | L28: 465759.19 | M28: 675454.99
A29: 8 | B29: 1 | C29: 6874.0686 | D29: 6236.9598 | E29: 5275.7079 | F29: 4359.1654 | G29: 3643.8152 | H29: 3163.1893 | I29: 2682.5633 | J29: 2201.9374 | K29: 1631.8927 | L29: 1151.2668 | M29: 815.94635 | N29: 558.86736 | O29: 402.3845 | P29: 223.54694
A30: 8 | B30: 2 | C30: 7522.3547 | D30: 6762.2951 | E30: 5678.0924 | F30: 4817.4367 | G30: 4102.0864 | H30: 3587.9285 | I30: 3040.2385 | J30: 2369.5976 | K30: 1732.4888 | L30: 1274.2176 | M30: 961.25186 | N30: 760.05961 | O30: 581.22206 | P30: 424.7392
A31: 8 | B31: 3 | C31: 7622.9508 | D31: 7108.7928 | E31: 6315.2012 | F31: 5208.6438 | G31: 4415.0522 | H31: 3856.1848 | I31: 3375.5589 | J31: 2894.9329 | K31: 2302.5335 | L31: 1643.07 | M31: 1274.2176 | N31: 994.7839 | O31: 793.59165 | P31: 558.86736
A32: 8 | B32: 4 | C32: 4046.1997 | D32: 3643.8152 | E32: 3084.9478 | F32: 2604.3219 | G32: 2257.8241 | H32: 1967.2131 | I32: 1687.7794 | J32: 1430.7004 | K32: 1117.7347 | L32: 894.18778 | M32: 670.64083 | N32: 536.51267 | O32: 357.67511 | P32: 212.3696
A33: 9 | B33: 1 | C33: 2779.4524 | D33: 2835.9128 | E33: 2742.4381 | F33: 2705.9166 | G33: 2616.7267 | H33: 2303.8034 | I33: 1490.105 | J33: 944.61477 | K33: 722.44769 | L33: 586.89303 | M33: 445.86093 | N33: 321.0334 | O33: 239.03256 | P33: 174.43365
A34: 9 | B34: 2 | C34: 3444.4343 | D34: 3375.8588 | E34: 3375.8588 | F34: 3286.544 | G34: 3052.9252 | H34: 2599.2447 | I34: 1658.8084 | J34: 1016.8995 | K34: 757.15512 | L34: 627.5828 | M34: 483.20778 | N34: 347.92426 | O34: 271.50011 | P34: 207.6451
A35: 9 | B35: 3 | C35: 3242.7766 | D35: 3199.5921 | E35: 3114.9407 | F35: 3156.9827 | G35: 2932.5735 | H35: 2530.4766 | I35: 1625.783 | J35: 1030.6244 | K35: 767.37435 | L35: 606.897 | M35: 470.42358 | N35: 329.75778 | O35: 250.51603 | P35: 181.59234
A36: 9 | B36: 4 | C36: 3398.5643 | D36: 3375.8588 | E36: 3286.544 | F36: 3242.7766 | G36: 3073.4586 | H36: 2652.0444 | I36: 1750.1928 | J36: 1080.1371 | K36: 777.73151 | L36: 644.63795 | M36: 493.02341 | N36: 329.75778 | O36: 125.59752
A37: 11 | B37: 1a
A38: 11 | B38: 2a
A39: 11 | B39: 3a
A40: 11 | B40: 4a
A41: 11 | B41: 1b | C41: 4.0447032 | D41: 3.9392078 | E41: 3.7861015 | F41: 3.5911763 | G41: 3.3174428 | H41: 3.0645743 | I41: 2.868638 | J41: 2.3373465 | K41: 1.6038546 | L41: 1.1450476 | M41: 0.92072936 | N41: 0.74526358 | O41: 0.64443959
A42: 11 | B42: 2b | C42: 2.7389851 | D42: 2.7389851 | E42: 2.5638657 | F42: 2.4479874 | G42: 2.2170096 | H42: 1.9814681 | I42: 1.7945083 | J42: 1.5112629 | K42: 1.0647795 | L42: 0.77029504 | M42: 0.58750294 | N42: 0.48827637 | O42: 0.43640048
A43: 11 | B43: 3b | C43: 2.6325282 | D43: 2.5638657 | E43: 2.4642151 | F43: 2.2914732 | G43: 2.0890201 | H43: 1.8794534 | I43: 1.6797749 | J43: 1.3868749 | K43: 0.92683289 | L43: 0.67050011 | M43: 0.51819196 | N43: 0.42783558 | O43: 0.37986298
A44: 11 | B44: 4b | C44: 1.4914241 | D44: 1.4334565 | E44: 1.350702 | F44: 1.2395294 | G44: 1.1005427 | H44: 0.97714037 | I44: 0.84494661 | J44: 0.66608463 | K44: 0.50135283 | L44: 0.39784422 | M44: 0.32630959 | N44: 0.27299516 | O44: 0.24887587
A45: 12 | B45: 1a | C45: 22939.422 | D45: 19957.771 | E45: 17097.114 | F45: 17363.674 | G45: 17909.338 | H45: 20268.932 | I45: 23660.293 | J45: 27195.092 | K45: 31257.984 | L45: 37056.895 | M45: 43931.608 | N45: 51282.165 | O45: 59862.603 | P45: 74339.672 | Q45: 88130.977 | R45: 109444.45 | S45: 135912.27 | T45: 168781.07 | U45: 200092.95 | V45: 240912.14 | W45: 299174.01 | X45: 365822.12 | Y45: 433688.62 | Z45: 483293.05 | AA45: 468568.03
A46: 12 | B46: 2a | C46: 192.50162 | D46: 167.48059 | E46: 301.49722 | F46: 386.17664 | G46: 487.04559 | H46: 568.53716 | I46: 663.66376 | J46: 717.03892 | K46: 863.31719 | L46: 1213.3519 | M46: 1786.3226 | N46: 2797.7478 | O46: 4381.8497 | P46: 6653.7809 | Q46: 10261.204 | R46: 14646.49 | S46: 20905.895 | T46: 28487.036 | U46: 36488.013 | V46: 51282.165 | W46: 64677.033 | X46: 81570.657 | Y46: 95218.91 | Z46: 125795.2 | AA46: 161126.46
A47: 12 | B47: 3a | C47: 108.60114 | D47: 103.6758 | E47: 95.958351 | F47: 95.958351 | G47: 102.08421 | H47: 87.451917 | I47: 95.958351 | J47: 95.958351 | K47: 102.08421 | L47: 119.16476 | M47: 136.96773 | N47: 159.88492 | O47: 201.64682 | P47: 254.31691 | Q47: 325.74513 | R47: 423.74048 | S47: 577.40188 | T47: 799.05333 | U47: 1072.0997 | V47: 1578.3681 | W47: 2323.7073 | X47: 3696.1463 | Y47: 6862.8758 | Z47: 12547.127 | AA47: 39422.561
A48: 12 | B48: 4a | C48: 9.871907 | D48: 18.329813 | E48: 34.03416 | F48: 54.979602 | G48: 79.699553 | H48: 112.01393 | I48: 132.79466 | J48: 189.54641 | K48: 242.78299 | L48: 335.98206 | M48: 510.18402 | N48: 663.66376 | O48: 1290.81 | P48: 2117.7172 | Q48: 2885.6687 | R48: 4734.26 | S48: 6969.8787 | T48: 10103.672 | U48: 14200.239 | V48: 20584.956 | W48: 27619.09 | X48: 37056.895 | Y48: 52893.737 | Z48: 70968.221 | AA48: 89505.102
A49: 12 | B49: 5a | C49: 132.79466 | D49: 224.71064 | E49: 242.78299 | F49: 262.30881 | G49: 283.405 | H49: 279.05428 | I49: 296.86875 | J49: 341.22034 | K49: 386.17664 | L49: 526.21623 | M49: 674.01171 | N49: 947.29192 | O49: 1158.3233 | P49: 1602.9773 | Q49: 2252.9096 | R49: 3117.7485 | S49: 4519.5519 | T49: 5700.0577 | U49: 7888.1755 | V49: 11434.86 | W49: 15342.293 | X49: 21562.875 | Y49: 31745.326 | Z49: 46018.672 | AA49: 62706.502
A50: 12 | B50: 1b | C50: 12525.235 | D50: 11603.143 | E50: 11456.202 | F50: 11026.441 | G50: 5132.5361 | H50: 3370.3517 | I50: 2713.8088 | J50: 1828.0673
A51: 12 | B51: 2b | C51: 10345.704 | D51: 9831.5042 | E51: 9831.5042 | F51: 7816.0803 | G51: 3732.1202 | H51: 2328.9424 | I51: 1759.4927 | J51: 1155.395
A52: 12 | B52: 3b | C52: 11456.202 | D52: 11026.441 | E52: 10478.407 | F52: 6793.6517 | G52: 3370.3517 | H52: 2514.0191 | I52: 1923.6804 | J52: 1200.4272
A53: 12 | B53: 4b | C53: 13869.682 | D53: 12848.607 | E53: 13520.612 | F53: 10478.407 | G53: 6057.423 | H53: 4185.7259 | I53: 3501.7114 | J53: 2103.1882
A54: 12 | B54: 5b | C54: 11026.441 | D54: 11311.117 | E54: 10478.407 | F54: 6793.6517 | G54: 3828.4747 | H54: 2929.4743 | I54: 2389.069 | J54: 1490.8419
A55: 13 | B55: 1
A56: 13 | B56: 2
A57: 13 | B57: 3
A58: 13 | B58: 4
A59: 13 | B59: 5
A60: 13 | B60: 6
A61: 13 | B61: 7
A62: 13 | B62: 8
A63: 14 | B63: 1 | C63: 226.93415 | D63: 408.52499 | E63: 649.20079 | F63: 1148.052 | G63: 1824.4081 | H63: 3284.2888 | I63: 5312.9848 | J63: 8443.0483 | K63: 13658.296 | L63: 19504.525 | M63: 25479.419 | N63: 33882.917 | O63: 46692.347
A64: 14 | B64: 2 | C64: 488.18908 | D64: 672.74934 | E64: 910.71204 | F64: 1347.703 | G64: 2180.1753 | H64: 2559.3166 | I64: 4214.6166 | J64: 6349.0392 | K64: 8749.2923 | L64: 14930.736 | M64: 18821.825 | N64: 26878.225 | O64: 36385.503
A65: 14 | B65: 3 | C65: 2514.1269 | D65: 2848.0366 | E65: 3403.4157 | F65: 4140.1993 | G65: 5127.0155 | H65: 6697.5934 | I65: 8147.518 | J65: 11029.439 | K65: 13658.296 | L65: 18821.825 | M65: 23307.989 | N65: 39072.957 | O65: 41958.907
A66: 14 | B66: 4 | C66: 6018.6161 | D66: 6817.9827 | E66: 7321.5578 | F66: 8147.518 | G66: 9229.6236 | H66: 11227.67 | I66: 12494.296 | J66: 13417.113 | K66: 15199.116 | L66: 17842.292 | M66: 21704.871 | N66: 23726.95 | O66: 26878.225
A67: 14 | B67: 5 | C67: 8147.518 | D67: 8906.561 | E67: 9395.5071 | F67: 11029.439 | G67: 11844.071 | H67: 13180.226 | I67: 14667.085 | J67: 19504.525 | K67: 23307.989 | L67: 28353.805 | M67: 35111.933 | N67: 40490.228 | O67: 45867.903
A68: 14 | B68: 6 | C68: 10643.378 | D68: 11029.439 | E68: 12273.668 | F68: 13180.226 | G68: 14408.128 | H68: 16033.507 | I68: 18821.825 | J68: 22492.159 | K68: 24587.585 | L68: 28353.805 | M68: 33882.917 | N68: 36385.503 | O68: 41218.2
A69: 14 | B69: 7 | C69: 11429.496 | D69: 11844.071 | E69: 12947.495 | F69: 13417.113 | G69: 14408.128 | H69: 15750.425 | I69: 16321.721 | J69: 16913.749 | K69: 18821.825 | L69: 21321.615 | M69: 22492.159 | N69: 24587.585 | O69: 26878.225
A70: 14 | B70: 8 | C70: 21704.871 | D70: 24587.585 | E70: 24587.585 | F70: 25479.419 | G70: 26403.619 | H70: 27361.306 | I70: 28863.446 | J70: 30448.013 | K70: 32696.92 | L70: 33284.625 | M70: 35111.933 | N70: 36385.503 | O70: 45057.985
A71: 14 | B71: 9 | C71: 27853.145 | D71: 29910.393 | E71: 32119.592 | F71: 33882.917 | G71: 37039.533 | H71: 35743.046 | I71: 37705.294 | J71: 39775.267 | K71: 41218.012 | L71: 45867.903 | M71: 48385.992 | N71: 54812.336 | O71: 58860.766
A72: 14 | B72: 10 | C72: 53844.481 | D72: 55797.551 | E72: 56800.475 | F72: 60995.789 | G72: 62092.147 | H72: 67876.806 | I72: 72890.224 | J72: 74200.377 | K72: 74200.377 | L72: 85566.131 | M72: 88669.762 | N72: 91886.03 | O72: 95218.96
A73: 15 | B73: 1
A74: 15 | B74: 2
A75: 15 | B75: 3
A76: 15 | B76: 4
A77: 15 | B77: 5
A78: 15 | B78: 6
A79: 16 | B79: 1 | C79: 1.6230152 | D79: 1.795533 | E79: 1.795533 | F79: 1.5943383 | G79: 1.3499654 | H79: 1.0707237 | I79: 0.85939662 | J79: 0.66167575 | K79: 0.49160123 | L79: 0.38302379
A80: 16 | B80: 2 | C80: 2.4167172 | D80: 2.2503915 | E80: 2.2503915 | F80: 2.1975337 | G80: 2.0221179 | H80: 1.742971 | I80: 1.3989638 | J80: 1.1030131 | K80: 0.82929609 | L80: 0.71481472
A81: 16 | B81: 3 | C81: 2.8883192 | D81: 2.6736024 | E81: 2.7216905 | F81: 2.6895364 | G81: 2.4748475 | H81: 2.0955128 | I81: 1.6719597 | J81: 1.3824364 | K81: 1.1161994 | L81: 0.96784664
A82: 17 | B82: 1 | C82: 26366.51 | D82: 32267.99 | E82: 39490.37 | F82: 50321.59 | G82: 59146.61 | H82: 80077.18 | I82: 106246.78 | J82: 146779.93 | K82: 187037.99 | L82: 243200.75 | M82: 316227.77
A83: 17 | B83: 2 | C83: 3099.05 | D83: 3716.85 | E83: 4931.54 | F83: 6158.48 | G83: 8507.94 | H83: 9604.09 | I83: 13815 | J83: 19474.83 | K83: 28585.14 | L83: 41957.25 | M83: 61584.82
A84: 17 | B84: 3 | C84: 1760.41 | D84: 2432.01 | E84: 3428.37 | F84: 4736.29 | G84: 6951.93 | H84: 11518.7 | I84: 17252.11 | J84: 27453.42 | K84: 42813.32 | L84: 94120.5 | M84: 140968.74
A85: 17 | B85: 4 | C85: 4195.73 | D85: 5032.16 | E85: 6284.14 | F85: 8507.94 | G85: 11753.72 | H85: 16237.77 | I85: 23833.78 | J85: 35696.99 | K85: 53465.07 | L85: 76906.83 | M85: 108414.59
A86: 18 | B86: 1 | C86: 2130.32 | D86: 2310.13 | E86: 2556.38 | F86: 2716.55 | G86: 3006.12 | H86: 3130.41 | I86: 3464.09 | J86: 3681.14 | K86: 3911.79 | L86: 3911.79 | M86: 4328.76 | N86: 4790.18 | O86: 4888.21 | P86: 4888.21 | Q86: 4988.24 | R86: 5632.91 | S86: 5985.85 | T86: 6233.35 | U86: 6491.08 | V86: 6492.12
A87: 18 | B87: 2 | C87: 160.01 | D87: 226.48 | E87: 327.18 | F87: 482.43 | G87: 711.33 | H87: 1048.84 | I87: 1611.02 | J87: 2234.15 | K87: 3502.5 | L87: 4857.25 | M87: 6875.09 | N87: 9731.18 | O87: 13773.78 | P87: 17965.44 | Q87: 22494.22 | R87: 25428.78 | S87: 25953.81
A88: 19 | B88: 1 | C88: 5420.22 | D88: 5042.7 | E88: 4746.07 | F88: 4112.36 | G88: 3573.03 | H88: 3155.06 | I88: 2750.56 | J88: 2305.62 | K88: 1901.12 | L88: 1617.98 | M88: 1348.31 | N88: 1132.58
A89: 19 | B89: 2 | C89: 4489.89 | D89: 4314.61 | E89: 3950.56 | F89: 3303.37 | G89: 2723.6 | H89: 2386.52 | I89: 1995.51 | J89: 1671.91 | K89: 1294.38 | L89: 1051.69 | M89: 862.92 | N89: 728.09
A90: 19 | B90: 3 | C90: 4058.43 | D90: 3883.15 | E90: 3573.03 | F90: 2831.46 | G90: 2332.58 | H90: 1968.54 | I90: 1685.39 | J90: 1334.83 | K90: 1078.65 | L90: 822.47 | M90: 701.12 | N90: 552.81
A91: 19 | B91: 4 | C91: 3802.25 | D91: 3559.55 | E91: 3114.61 | F91: 2238.2 | G91: 1698.88 | H91: 1456.18 | I91: 1186.52 | J91: 943.82 | K91: 728.09 | L91: 633.71 | M91: 539.33 | N91: 417.98
A92: 19 | B92: 5 | C92: 2575.28 | D92: 2507.87 | E92: 2332.58 | F92: 1766.29 | G92: 1361.8 | H92: 1146.07 | I92: 903.37 | J92: 714.61 | K92: 539.33 | L92: 431.46 | M92: 296.63 | N92: 215.73
A93: 20 | B93: 1a
A94: 20 | B94: 2a
A95: 20 | B95: 3a
A96: 20 | B96: 4a
A97: 20 | B97: 1b
A98: 20 | B98: 2b
A99: 20 | B99: 3b
A100: 20 | B100: 4b
...

Sheet converted_MPa_Storage_modulus_G
A1: Study_id | B1: Instance
A2: 1 | B2: 1
A3: 1 | B3: 2
A4: 1 | B4: 3
A5: 1 | B5: 4
A6: 1 | B6: 5
A7: 2 | B7: 1 | C7: =Storage_modulus_G!C7/1000000 -> 7.8116806e-05 | D7: =Storage_modulus_G!D7/1000000 -> 0.00011030285 | E7: =Storage_modulus_G!E7/1000000 -> 0.00016151092 | F7: =Storage_modulus_G!F7/1000000 -> 0.00024082605 | G7: =Storage_modulus_G!G7/1000000 -> 0.00036567181 | H7: =Storage_modulus_G!H7/1000000 -> 0.00054524672 | I7: =Storage_modulus_G!I7/1000000 -> 0.00075604718 | J7: =Storage_modulus_G!J7/1000000 -> 0.0010109551 | ... M7: =Storage_modulus_G!M7/1000000 -> 0.002552349
A8: 2 | B8: 2 | C8: =Storage_modulus_G!C8/1000000 -> 2.2640686e-06 | D8: =Storage_modulus_G!D8/1000000 -> 2.4346432e-06 | E8: =Storage_modulus_G!E8/1000000 -> 2.7646514e-06 | F8: =Storage_modulus_G!F8/1000000 -> 2.9729398e-06 | G8: =Storage_modulus_G!G8/1000000 -> 3.4377762e-06 | H8: =Storage_modulus_G!H8/1000000 -> 3.9037559e-06 | I8: =Storage_modulus_G!I8/1000000 -> 4.5968525e-06 | J8: =Storage_modulus_G!J8/1000000 -> 6.2593606e-06 | ... M8: =Storage_modulus_G!M8/1000000 -> 2.8773357e-05
A9: 2 | B9: 3 | C9: =Storage_modulus_G!C9/1000000 -> 0.00069042533 | D9: =Storage_modulus_G!D9/1000000 -> 0.00084307752 | E9: =Storage_modulus_G!E9/1000000 -> 0.0010675572 | F9: =Storage_modulus_G!F9/1000000 -> 0.0014536524 | G9: =Storage_modulus_G!G9/1000000 -> 0.0020156559 | H9: =Storage_modulus_G!H9/1000000 -> 0.002599121 | I9: =Storage_modulus_G!I9/1000000 -> 0.0036700229 | J9: =Storage_modulus_G!J9/1000000 -> 0.0048190929 | ... M9: =Storage_modulus_G!M9/1000000 -> 0.012616717
A10: 3 | B10: 1 | C10: =Storage_modulus_G!C10/1000000 -> 2.3747494e-05 | D10: =Storage_modulus_G!D10/1000000 -> 1.4724465e-05 | E10: =Storage_modulus_G!E10/1000000 -> 2.1193096e-05 | F10: =Storage_modulus_G!F10/1000000 -> 4.0083479e-05 | G10: =Storage_modulus_G!G10/1000000 -> 0.00016436732 | H10: =Storage_modulus_G!H10/1000000 -> 0.00033284384 | I10: =Storage_modulus_G!I10/1000000 -> 0.00090607968 | J10: =Storage_modulus_G!J10/1000000 -> 0.0016751462 | ... Y10: =Storage_modulus_G!Y10/1000000 -> 0.23389881
A11: 3 | B11: 2 | C11: =Storage_modulus_G!C11/1000000 -> 0.0021517122 | D11: =Storage_modulus_G!D11/1000000 -> 0.002009695 | E11: =Storage_modulus_G!E11/1000000 -> 0.0015293751 | F11: =Storage_modulus_G!F11/1000000 -> 0.0015645833 | G11: =Storage_modulus_G!G11/1000000 -> 0.0029591684 | H11: =Storage_modulus_G!H11/1000000 -> 0.0041633207 | I11: =Storage_modulus_G!I11/1000000 -> 0.0068691468 | J11: =Storage_modulus_G!J11/1000000 -> 0.0108292 | ... Y11: =Storage_modulus_G!Y11/1000000 -> 0.7814766
A12: 3 | B12: 3 | C12: =Storage_modulus_G!C12/1000000 -> 0.13240703 | D12: =Storage_modulus_G!D12/1000000 -> 0.13857357 | E12: =Storage_modulus_G!E12/1000000 -> 0.1450273 | F12: =Storage_modulus_G!F12/1000000 -> 0.14836601 | G12: =Storage_modulus_G!G12/1000000 -> 0.15885046 | H12: =Storage_modulus_G!H12/1000000 -> 0.17007579 | I12: =Storage_modulus_G!I12/1000000 -> 0.18209438 | J12: =Storage_modulus_G!J12/1000000 -> 0.19945056 | ... Y12: =Storage_modulus_G!Y12/1000000 -> 1.8558111
A13: 3 | B13: 4 | C13: =Storage_modulus_G!C13/1000000 -> 0.00016815128 | D13: =Storage_modulus_G!D13/1000000 -> 0.0013648679 | E13: =Storage_modulus_G!E13/1000000 -> 0.0052274111 | F13: =Storage_modulus_G!F13/1000000 -> 0.0088233654 | G13: =Storage_modulus_G!G13/1000000 -> 0.017072218 | H13: =Storage_modulus_G!H13/1000000 -> 0.029479644 | I13: =Storage_modulus_G!I13/1000000 -> 0.043407201 | J13: =Storage_modulus_G!J13/1000000 -> 0.063914783 | ... Y13: =Storage_modulus_G!Y13/1000000 -> 1.1506825
A14: 4 | B14: 1 | C14: =Storage_modulus_G!C14/1000000 -> 6.6089431e-07 | D14: =Storage_modulus_G!D14/1000000 -> 7.961412e-07 | E14: =Storage_modulus_G!E14/1000000 -> 1.5479929e-06 | F14: =Storage_modulus_G!F14/1000000 -> 2.0741095e-06 | G14: =Storage_modulus_G!G14/1000000 -> 3.8239152e-06 | H14: =Storage_modulus_G!H14/1000000 -> 6.684709e-06 | I14: =Storage_modulus_G!I14/1000000 -> 1.4846263e-05 | J14: =Storage_modulus_G!J14/1000000 -> 2.0978874e-05 | ... W14: =Storage_modulus_G!W14/1000000 -> 0.059645483
A15: 4 | B15: 2 | C15: =Storage_modulus_G!C15/1000000 -> 1.936996e-05 | D15: =Storage_modulus_G!D15/1000000 -> 2.6652784e-05 | E15: =Storage_modulus_G!E15/1000000 -> 5.0462678e-05 | F15: =Storage_modulus_G!F15/1000000 -> 6.7613435e-05 | G15: =Storage_modulus_G!G15/1000000 -> 0.00010076282 | H15: =Storage_modulus_G!H15/1000000 -> 0.00014622327 | I15: =Storage_modulus_G!I15/1000000 -> 0.00020662436 | J15: =Storage_modulus_G!J15/1000000 -> 0.00029197558 | ... W15: =Storage_modulus_G!W15/1000000 -> 0.10996491
A16: 4 | B16: 3 | C16: =Storage_modulus_G!C16/1000000 -> 7.5203426e-05 | D16: =Storage_modulus_G!D16/1000000 -> 8.3645435e-05 | E16: =Storage_modulus_G!E16/1000000 -> 0.00016263766 | F16: =Storage_modulus_G!F16/1000000 -> 0.00018577056 | G16: =Storage_modulus_G!G16/1000000 -> 0.00020662436 | H16: =Storage_modulus_G!H16/1000000 -> 0.00029984561 | I16: =Storage_modulus_G!I16/1000000 -> 0.00040175417 | J16: =Storage_modulus_G!J16/1000000 -> 0.00058301076 | ... W16: =Storage_modulus_G!W16/1000000 -> 0.13970583
A17: 5 | B17: 1 | C17: =Storage_modulus_G!C17/1000000 -> 8.3623838e-06 | D17: =Storage_modulus_G!D17/1000000 -> 9.6548029e-06 | E17: =Storage_modulus_G!E17/1000000 -> 1.0970386e-05 | F17: =Storage_modulus_G!F17/1000000 -> 1.1146967e-05 | G17: =Storage_modulus_G!G17/1000000 -> 1.2465233e-05 | H17: =Storage_modulus_G!H17/1000000 -> 1.4623406e-05 | I17: =Storage_modulus_G!I17/1000000 -> 1.7711947e-05 | J17: =Storage_modulus_G!J17/1000000 -> 1.9806603e-05 | ... AS17: =Storage_modulus_G!AS17/1000000 -> 0.016991659
A18: 5 | B18: 2 | C18: =Storage_modulus_G!C18/1000000 -> 0.00036219788 | D18: =Storage_modulus_G!D18/1000000 -> 0.00041817611 | E18: =Storage_modulus_G!E18/1000000 -> 0.00046022277 | F18: =Storage_modulus_G!F18/1000000 -> 0.00049057719 | G18: =Storage_modulus_G!G18/1000000 -> 0.00051464978 | H18: =Storage_modulus_G!H18/1000000 -> 0.00051464978 | I18: =Storage_modulus_G!I18/1000000 -> 0.00057551345 | J18: =Storage_modulus_G!J18/1000000 -> 0.00060375386 | ... AS18: =Storage_modulus_G!AS18/1000000 -> 0.016991659
A19: 5 | B19: 3 | C19: =Storage_modulus_G!C19/1000000 -> 0.00016829643 | D19: =Storage_modulus_G!D19/1000000 -> 0.00021728608 | E19: =Storage_modulus_G!E19/1000000 -> 0.00024689392 | F19: =Storage_modulus_G!F19/1000000 -> 0.0002805362 | G19: =Storage_modulus_G!G19/1000000 -> 0.00032389349 | H19: =Storage_modulus_G!H19/1000000 -> 0.00036219788 | I19: =Storage_modulus_G!I19/1000000 -> 0.00041817611 | J19: =Storage_modulus_G!J19/1000000 -> 0.00044575731 | ... AS19: =Storage_modulus_G!AS19/1000000 -> 0.024532199
A20: 5 | B20: 4 | C20: =Storage_modulus_G!C20/1000000 -> 7.3773048e-05 | D20: =Storage_modulus_G!D20/1000000 -> 8.9768713e-05 | E20: =Storage_modulus_G!E20/1000000 -> 0.0001092326 | F20: =Storage_modulus_G!F20/1000000 -> 0.00011853965 | G20: =Storage_modulus_G!G20/1000000 -> 0.00012863969 | H20: =Storage_modulus_G!H20/1000000 -> 0.0001396003 | I20: =Storage_modulus_G!I20/1000000 -> 0.0001514948 | J20: =Storage_modulus_G!J20/1000000 -> 0.00015911259 | ... AS20: =Storage_modulus_G!AS20/1000000 -> 0.016821018
A21: 5 | B21: 5 | C21: =Storage_modulus_G!C21/1000000 -> 5.4781808e-06 | D21: =Storage_modulus_G!D21/1000000 -> 7.850302e-06 | E21: =Storage_modulus_G!E21/1000000 -> 9.0950862e-06 | F21: =Storage_modulus_G!F21/1000000 -> 9.552425e-06 | G21: =Storage_modulus_G!G21/1000000 -> 1.0710988e-05 | H21: =Storage_modulus_G!H21/1000000 -> 1.1815257e-05 | I21: =Storage_modulus_G!I21/1000000 -> 1.2613984e-05 | J21: =Storage_modulus_G!J21/1000000 -> 1.3688745e-05 | ... AS21: =Storage_modulus_G!AS21/1000000 -> 0.015001558
A22: 5 | B22: 6 | C22: =Storage_modulus_G!C22/1000000 -> 3.1934591e-06 | D22: =Storage_modulus_G!D22/1000000 -> 4.0812712e-06 | E22: =Storage_modulus_G!E22/1000000 -> 4.8063809e-06 | F22: =Storage_modulus_G!F22/1000000 -> 5.4781808e-06 | G22: =Storage_modulus_G!G22/1000000 -> 6.5578483e-06 | H22: =Storage_modulus_G!H22/1000000 -> 6.8876042e-06 | I22: =Storage_modulus_G!I22/1000000 -> 7.5976943e-06 | J22: =Storage_modulus_G!J22/1000000 -> 7.850302e-06 | ... AS22: =Storage_modulus_G!AS22/1000000 -> 0.017098363
A23: 6 | B23: 1 | C23: =Storage_modulus_G!C23/1000000 -> 1.5091406e-05 | D23: =Storage_modulus_G!D23/1000000 -> 2.1789989e-05 | E23: =Storage_modulus_G!E23/1000000 -> 2.5135957e-05 | F23: =Storage_modulus_G!F23/1000000 -> 2.7273818e-05 | G23: =Storage_modulus_G!G23/1000000 -> 2.7836111e-05 | H23: =Storage_modulus_G!H23/1000000 -> 4.1865969e-05 | I23: =Storage_modulus_G!I23/1000000 -> 4.8294709e-05 | J23: =Storage_modulus_G!J23/1000000 -> 5.4585254e-05 | ... AK23: =Storage_modulus_G!AK23/1000000 -> 0.026996945
A24: 6 | B24: 2 | C24: =Storage_modulus_G!C24/1000000 -> 0.0011418448 | D24: =Storage_modulus_G!D24/1000000 -> 0.0014887483 | E24: =Storage_modulus_G!E24/1000000 -> 0.0017527594 | F24: =Storage_modulus_G!F24/1000000 -> 0.0020219048 | G24: =Storage_modulus_G!G24/1000000 -> 0.0020635896 | H24: =Storage_modulus_G!H24/1000000 -> 0.0022852646 | I24: =Storage_modulus_G!I24/1000000 -> 0.0025829278 | J24: =Storage_modulus_G!J24/1000000 -> 0.002690528 | ... AK24: =Storage_modulus_G!AK24/1000000 -> 0.069023276
A25: 6 | B25: 3 | C25: =Storage_modulus_G!C25/1000000 -> 0.0079351816 | D25: =Storage_modulus_G!D25/1000000 -> 0.0077748897 | E25: =Storage_modulus_G!E25/1000000 -> 0.0077748897 | F25: =Storage_modulus_G!F25/1000000 -> 0.008436159 | G25: =Storage_modulus_G!G25/1000000 -> 0.0087875946 | H25: =Storage_modulus_G!H25/1000000 -> 0.0093423881 | I25: =Storage_modulus_G!I25/1000000 -> 0.0093423881 | J25: =Storage_modulus_G!J25/1000000 -> 0.010345966 | ... AK25: =Storage_modulus_G!AK25/1000000 -> 0.16263949
A26: 6 | B26: 4 | C26: =Storage_modulus_G!C26/1000000 -> 0.021568786 | D26: =Storage_modulus_G!D26/1000000 -> 0.019083144 | E26: =Storage_modulus_G!E26/1000000 -> 0.020287934 | F26: =Storage_modulus_G!F26/1000000 -> 0.020706202 | G26: =Storage_modulus_G!G26/1000000 -> 0.022013461 | H26: =Storage_modulus_G!H26/1000000 -> 0.022930503 | I26: =Storage_modulus_G!I26/1000000 -> 0.024880787 | J26: =Storage_modulus_G!J26/1000000 -> 0.026451603 | ... AK26: =Storage_modulus_G!AK26/1000000 -> 0.14098977
A27: 7 | B27: 1 | C27: =Storage_modulus_G!C27/1000000 -> 1.8968234e-06 | D27: =Storage_modulus_G!D27/1000000 -> 5.2178163e-06 | E27: =Storage_modulus_G!E27/1000000 -> 1.5270614e-05 | F27: =Storage_modulus_G!F27/1000000 -> 4.5623944e-05 | G27: =Storage_modulus_G!G27/1000000 -> 0.00013352437 | H27: =Storage_modulus_G!H27/1000000 -> 0.00034523641 | I27: =Storage_modulus_G!I27/1000000 -> 0.0007412337 | J27: =Storage_modulus_G!J27/1000000 -> 0.0014652755 | ... X27: =Storage_modulus_G!X27/1000000 -> 0.15270614
A28: 7 | B28: 2 | C28: =Storage_modulus_G!C28/1000000 -> 0.0083039077 | D28: =Storage_modulus_G!D28/1000000 -> 0.0090189702 | E28: =Storage_modulus_G!E28/1000000 -> 0.012550317 | F28: =Storage_modulus_G!F28/1000000 -> 0.021031486 | G28: =Storage_modulus_G!G28/1000000 -> 0.036730126 | H28: =Storage_modulus_G!H28/1000000 -> 0.068246552 | I28: =Storage_modulus_G!I28/1000000 -> 0.12945166 | J28: =Storage_modulus_G!J28/1000000 -> 0.19564999 | ... M28: =Storage_modulus_G!M28/1000000 -> 0.67545499
A29: 8 | B29: 1 | C29: 6874.0686 | D29: 6236.9598 | E29: 5275.7079 | F29: 4359.1654 | G29: 3643.8152 | H29: 3163.1893 | I29: 2682.5633 | J29: 2201.9374 | K29: 1631.8927 | L29: 1151.2668 | M29: 815.94635 | N29: 558.86736 | O29: 402.3845 | P29: 223.54694
A30: 8 | B30: 2 | C30: 7522.3547 | D30: 6762.2951 | E30: 5678.0924 | F30: 4817.4367 | G30: 4102.0864 | H30: 3587.9285 | I30: 3040.2385 | J30: 2369.5976 | K30: 1732.4888 | L30: 1274.2176 | M30: 961.25186 | N30: 760.05961 | O30: 581.22206 | P30: 424.7392
A31: 8 | B31: 3 | C31: 7622.9508 | D31: 7108.7928 | E31: 6315.2012 | F31: 5208.6438 | G31: 4415.0522 | H31: 3856.1848 | I31: 3375.5589 | J31: 2894.9329 | K31: 2302.5335 | L31: 1643.07 | M31: 1274.2176 | N31: 994.7839 | O31: 793.59165 | P31: 558.86736
A32: 8 | B32: 4 | C32: 4046.1997 | D32: 3643.8152 | E32: 3084.9478 | F32: 2604.3219 | G32: 2257.8241 | H32: 1967.2131 | I32: 1687.7794 | J32: 1430.7004 | K32: 1117.7347 | L32: 894.18778 | M32: 670.64083 | N32: 536.51267 | O32: 357.67511 | P32: 212.3696
A33: 9 | B33: 1 | C33: 2779.4524 | D33: 2835.9128 | E33: 2742.4381 | F33: 2705.9166 | G33: 2616.7267 | H33: 2303.8034 | I33: 1490.105 | J33: 944.61477 | K33: 722.44769 | L33: 586.89303 | M33: 445.86093 | N33: 321.0334 | O33: 239.03256 | P33: 174.43365
A34: 9 | B34: 2 | C34: 3444.4343 | D34: 3375.8588 | E34: 3375.8588 | F34: 3286.544 | G34: 3052.9252 | H34: 2599.2447 | I34: 1658.8084 | J34: 1016.8995 | K34: 757.15512 | L34: 627.5828 | M34: 483.20778 | N34: 347.92426 | O34: 271.50011 | P34: 207.6451
A35: 9 | B35: 3 | C35: 3242.7766 | D35: 3199.5921 | E35: 3114.9407 | F35: 3156.9827 | G35: 2932.5735 | H35: 2530.4766 | I35: 1625.783 | J35: 1030.6244 | K35: 767.37435 | L35: 606.897 | M35: 470.42358 | N35: 329.75778 | O35: 250.51603 | P35: 181.59234
A36: 9 | B36: 4 | C36: 3398.5643 | D36: 3375.8588 | E36: 3286.544 | F36: 3242.7766 | G36: 3073.4586 | H36: 2652.0444 | I36: 1750.1928 | J36: 1080.1371 | K36: 777.73151 | L36: 644.63795 | M36: 493.02341 | N36: 329.75778 | O36: 125.59752
A37: 11 | B37: 1a
A38: 11 | B38: 2a
A39: 11 | B39: 3a
A40: 11 | B40: 4a
A41: 11 | B41: 1b | C41: =Storage_modulus_G!C41*1000 -> 4044.7032 | D41: =Storage_modulus_G!D41*1000 -> 3939.2078 | E41: =Storage_modulus_G!E41*1000 -> 3786.1015 | F41: =Storage_modulus_G!F41*1000 -> 3591.1763 | G41: =Storage_modulus_G!G41*1000 -> 3317.4428 | H41: =Storage_modulus_G!H41*1000 -> 3064.5743 | I41: =Storage_modulus_G!I41*1000 -> 2868.638 | J41: =Storage_modulus_G!J41*1000 -> 2337.3465 | ... O41: =Storage_modulus_G!O41*1000 -> 644.43959
A42: 11 | B42: 2b | C42: =Storage_modulus_G!C42*1000 -> 2738.9851 | D42: =Storage_modulus_G!D42*1000 -> 2738.9851 | E42: =Storage_modulus_G!E42*1000 -> 2563.8657 | F42: =Storage_modulus_G!F42*1000 -> 2447.9874 | G42: =Storage_modulus_G!G42*1000 -> 2217.0096 | H42: =Storage_modulus_G!H42*1000 -> 1981.4681 | I42: =Storage_modulus_G!I42*1000 -> 1794.5083 | J42: =Storage_modulus_G!J42*1000 -> 1511.2629 | ... O42: =Storage_modulus_G!O42*1000 -> 436.40048
A43: 11 | B43: 3b | C43: =Storage_modulus_G!C43*1000 -> 2632.5282 | D43: =Storage_modulus_G!D43*1000 -> 2563.8657 | E43: =Storage_modulus_G!E43*1000 -> 2464.2151 | F43: =Storage_modulus_G!F43*1000 -> 2291.4732 | G43: =Storage_modulus_G!G43*1000 -> 2089.0201 | H43: =Storage_modulus_G!H43*1000 -> 1879.4534 | I43: =Storage_modulus_G!I43*1000 -> 1679.7749 | J43: =Storage_modulus_G!J43*1000 -> 1386.8749 | ... O43: =Storage_modulus_G!O43*1000 -> 379.86298
A44: 11 | B44: 4b | C44: =Storage_modulus_G!C44*1000 -> 1491.4241 | D44: =Storage_modulus_G!D44*1000 -> 1433.4565 | E44: =Storage_modulus_G!E44*1000 -> 1350.702 | F44: =Storage_modulus_G!F44*1000 -> 1239.5294 | G44: =Storage_modulus_G!G44*1000 -> 1100.5427 | H44: =Storage_modulus_G!H44*1000 -> 977.14037 | I44: =Storage_modulus_G!I44*1000 -> 844.94661 | J44: =Storage_modulus_G!J44*1000 -> 666.08463 | ... O44: =Storage_modulus_G!O44*1000 -> 248.87587
A45: 12 | B45: 1a | C45: =Storage_modulus_G!C45/1000000 -> 0.022939422 | D45: =Storage_modulus_G!D45/1000000 -> 0.019957771 | E45: =Storage_modulus_G!E45/1000000 -> 0.017097114 | F45: =Storage_modulus_G!F45/1000000 -> 0.017363674 | G45: =Storage_modulus_G!G45/1000000 -> 0.017909338 | H45: =Storage_modulus_G!H45/1000000 -> 0.020268932 | I45: =Storage_modulus_G!I45/1000000 -> 0.023660293 | J45: =Storage_modulus_G!J45/1000000 -> 0.027195092 | ... AA45: =Storage_modulus_G!AA45/1000000 -> 0.46856803
A46: 12 | B46: 2a | C46: =Storage_modulus_G!C46/1000000 -> 0.00019250162 | D46: =Storage_modulus_G!D46/1000000 -> 0.00016748059 | E46: =Storage_modulus_G!E46/1000000 -> 0.00030149722 | F46: =Storage_modulus_G!F46/1000000 -> 0.00038617664 | G46: =Storage_modulus_G!G46/1000000 -> 0.00048704559 | H46: =Storage_modulus_G!H46/1000000 -> 0.00056853716 | I46: =Storage_modulus_G!I46/1000000 -> 0.00066366376 | J46: =Storage_modulus_G!J46/1000000 -> 0.00071703892 | ... AA46: =Storage_modulus_G!AA46/1000000 -> 0.16112646
A47: 12 | B47: 3a | C47: =Storage_modulus_G!C47/1000000 -> 0.00010860114 | D47: =Storage_modulus_G!D47/1000000 -> 0.0001036758 | E47: =Storage_modulus_G!E47/1000000 -> 9.5958351e-05 | F47: =Storage_modulus_G!F47/1000000 -> 9.5958351e-05 | G47: =Storage_modulus_G!G47/1000000 -> 0.00010208421 | H47: =Storage_modulus_G!H47/1000000 -> 8.7451917e-05 | I47: =Storage_modulus_G!I47/1000000 -> 9.5958351e-05 | J47: =Storage_modulus_G!J47/1000000 -> 9.5958351e-05 | ... AA47: =Storage_modulus_G!AA47/1000000 -> 0.039422561
A48: 12 | B48: 4a | C48: =Storage_modulus_G!C48/1000000 -> 9.871907e-06 | D48: =Storage_modulus_G!D48/1000000 -> 1.8329813e-05 | E48: =Storage_modulus_G!E48/1000000 -> 3.403416e-05 | F48: =Storage_modulus_G!F48/1000000 -> 5.4979602e-05 | G48: =Storage_modulus_G!G48/1000000 -> 7.9699553e-05 | H48: =Storage_modulus_G!H48/1000000 -> 0.00011201393 | I48: =Storage_modulus_G!I48/1000000 -> 0.00013279466 | J48: =Storage_modulus_G!J48/1000000 -> 0.00018954641 | ... AA48: =Storage_modulus_G!AA48/1000000 -> 0.089505102
A49: 12 | B49: 5a | C49: =Storage_modulus_G!C49/1000000 -> 0.00013279466 | D49: =Storage_modulus_G!D49/1000000 -> 0.00022471064 | E49: =Storage_modulus_G!E49/1000000 -> 0.00024278299 | F49: =Storage_modulus_G!F49/1000000 -> 0.00026230881 | G49: =Storage_modulus_G!G49/1000000 -> 0.000283405 | H49: =Storage_modulus_G!H49/1000000 -> 0.00027905428 | I49: =Storage_modulus_G!I49/1000000 -> 0.00029686875 | J49: =Storage_modulus_G!J49/1000000 -> 0.00034122034 | ... AA49: =Storage_modulus_G!AA49/1000000 -> 0.062706502
A50: 12 | B50: 1b | C50: 12525.235 | D50: 11603.143 | E50: 11456.202 | F50: 11026.441 | G50: 5132.5361 | H50: 3370.3517 | I50: 2713.8088 | J50: 1828.0673
A51: 12 | B51: 2b | C51: 10345.704 | D51: 9831.5042 | E51: 9831.5042 | F51: 7816.0803 | G51: 3732.1202 | H51: 2328.9424 | I51: 1759.4927 | J51: 1155.395
A52: 12 | B52: 3b | C52: 11456.202 | D52: 11026.441 | E52: 10478.407 | F52: 6793.6517 | G52: 3370.3517 | H52: 2514.0191 | I52: 1923.6804 | J52: 1200.4272
A53: 12 | B53: 4b | C53: 13869.682 | D53: 12848.607 | E53: 13520.612 | F53: 10478.407 | G53: 6057.423 | H53: 4185.7259 | I53: 3501.7114 | J53: 2103.1882
A54: 12 | B54: 5b | C54: 11026.441 | D54: 11311.117 | E54: 10478.407 | F54: 6793.6517 | G54: 3828.4747 | H54: 2929.4743 | I54: 2389.069 | J54: 1490.8419
A55: 13 | B55: 1
A56: 13 | B56: 2
A57: 13 | B57: 3
A58: 13 | B58: 4
A59: 13 | B59: 5
A60: 13 | B60: 6
A61: 13 | B61: 7
A62: 13 | B62: 8
A63: 14 | B63: 1 | C63: =Storage_modulus_G!C63/1000000 -> 0.00022693415 | D63: =Storage_modulus_G!D63/1000000 -> 0.00040852499 | E63: =Storage_modulus_G!E63/1000000 -> 0.00064920079 | F63: =Storage_modulus_G!F63/1000000 -> 0.001148052 | G63: =Storage_modulus_G!G63/1000000 -> 0.0018244081 | H63: =Storage_modulus_G!H63/1000000 -> 0.0032842888 | I63: =Storage_modulus_G!I63/1000000 -> 0.0053129848 | J63: =Storage_modulus_G!J63/1000000 -> 0.0084430483 | ... O63: =Storage_modulus_G!O63/1000000 -> 0.046692347
A64: 14 | B64: 2 | C64: =Storage_modulus_G!C64/1000000 -> 0.00048818908 | D64: =Storage_modulus_G!D64/1000000 -> 0.00067274934 | E64: =Storage_modulus_G!E64/1000000 -> 0.00091071204 | F64: =Storage_modulus_G!F64/1000000 -> 0.001347703 | G64: =Storage_modulus_G!G64/1000000 -> 0.0021801753 | H64: =Storage_modulus_G!H64/1000000 -> 0.0025593166 | I64: =Storage_modulus_G!I64/1000000 -> 0.0042146166 | J64: =Storage_modulus_G!J64/1000000 -> 0.0063490392 | ... O64: =Storage_modulus_G!O64/1000000 -> 0.036385503
A65: 14 | B65: 3 | C65: =Storage_modulus_G!C65/1000000 -> 0.0025141269 | D65: =Storage_modulus_G!D65/1000000 -> 0.0028480366 | E65: =Storage_modulus_G!E65/1000000 -> 0.0034034157 | F65: =Storage_modulus_G!F65/1000000 -> 0.0041401993 | G65: =Storage_modulus_G!G65/1000000 -> 0.0051270155 | H65: =Storage_modulus_G!H65/1000000 -> 0.0066975934 | I65: =Storage_modulus_G!I65/1000000 -> 0.008147518 | J65: =Storage_modulus_G!J65/1000000 -> 0.011029439 | ... O65: =Storage_modulus_G!O65/1000000 -> 0.041958907
A66: 14 | B66: 4 | C66: =Storage_modulus_G!C66/1000000 -> 0.0060186161 | D66: =Storage_modulus_G!D66/1000000 -> 0.0068179827 | E66: =Storage_modulus_G!E66/1000000 -> 0.0073215578 | F66: =Storage_modulus_G!F66/1000000 -> 0.008147518 | G66: =Storage_modulus_G!G66/1000000 -> 0.0092296236 | H66: =Storage_modulus_G!H66/1000000 -> 0.01122767 | I66: =Storage_modulus_G!I66/1000000 -> 0.012494296 | J66: =Storage_modulus_G!J66/1000000 -> 0.013417113 | ... O66: =Storage_modulus_G!O66/1000000 -> 0.026878225
A67: 14 | B67: 5 | C67: =Storage_modulus_G!C67/1000000 -> 0.008147518 | D67: =Storage_modulus_G!D67/1000000 -> 0.008906561 | E67: =Storage_modulus_G!E67/1000000 -> 0.0093955071 | F67: =Storage_modulus_G!F67/1000000 -> 0.011029439 | G67: =Storage_modulus_G!G67/1000000 -> 0.011844071 | H67: =Storage_modulus_G!H67/1000000 -> 0.013180226 | I67: =Storage_modulus_G!I67/1000000 -> 0.014667085 | J67: =Storage_modulus_G!J67/1000000 -> 0.019504525 | ... O67: =Storage_modulus_G!O67/1000000 -> 0.045867903
A68: 14 | B68: 6 | C68: =Storage_modulus_G!C68/1000000 -> 0.010643378 | D68: =Storage_modulus_G!D68/1000000 -> 0.011029439 | E68: =Storage_modulus_G!E68/1000000 -> 0.012273668 | F68: =Storage_modulus_G!F68/1000000 -> 0.013180226 | G68: =Storage_modulus_G!G68/1000000 -> 0.014408128 | H68: =Storage_modulus_G!H68/1000000 -> 0.016033507 | I68: =Storage_modulus_G!I68/1000000 -> 0.018821825 | J68: =Storage_modulus_G!J68/1000000 -> 0.022492159 | ... O68: =Storage_modulus_G!O68/1000000 -> 0.0412182
A69: 14 | B69: 7 | C69: =Storage_modulus_G!C69/1000000 -> 0.011429496 | D69: =Storage_modulus_G!D69/1000000 -> 0.011844071 | E69: =Storage_modulus_G!E69/1000000 -> 0.012947495 | F69: =Storage_modulus_G!F69/1000000 -> 0.013417113 | G69: =Storage_modulus_G!G69/1000000 -> 0.014408128 | H69: =Storage_modulus_G!H69/1000000 -> 0.015750425 | I69: =Storage_modulus_G!I69/1000000 -> 0.016321721 | J69: =Storage_modulus_G!J69/1000000 -> 0.016913749 | ... O69: =Storage_modulus_G!O69/1000000 -> 0.026878225
A70: 14 | B70: 8 | C70: =Storage_modulus_G!C70/1000000 -> 0.021704871 | D70: =Storage_modulus_G!D70/1000000 -> 0.024587585 | E70: =Storage_modulus_G!E70/1000000 -> 0.024587585 | F70: =Storage_modulus_G!F70/1000000 -> 0.025479419 | G70: =Storage_modulus_G!G70/1000000 -> 0.026403619 | H70: =Storage_modulus_G!H70/1000000 -> 0.027361306 | I70: =Storage_modulus_G!I70/1000000 -> 0.028863446 | J70: =Storage_modulus_G!J70/1000000 -> 0.030448013 | ... O70: =Storage_modulus_G!O70/1000000 -> 0.045057985
A71: 14 | B71: 9 | C71: =Storage_modulus_G!C71/1000000 -> 0.027853145 | D71: =Storage_modulus_G!D71/1000000 -> 0.029910393 | E71: =Storage_modulus_G!E71/1000000 -> 0.032119592 | F71: =Storage_modulus_G!F71/1000000 -> 0.033882917 | G71: =Storage_modulus_G!G71/1000000 -> 0.037039533 | H71: =Storage_modulus_G!H71/1000000 -> 0.035743046 | I71: =Storage_modulus_G!I71/1000000 -> 0.037705294 | J71: =Storage_modulus_G!J71/1000000 -> 0.039775267 | ... O71: =Storage_modulus_G!O71/1000000 -> 0.058860766
A72: 14 | B72: 10 | C72: =Storage_modulus_G!C72/1000000 -> 0.053844481 | D72: =Storage_modulus_G!D72/1000000 -> 0.055797551 | E72: =Storage_modulus_G!E72/1000000 -> 0.056800475 | F72: =Storage_modulus_G!F72/1000000 -> 0.060995789 | G72: =Storage_modulus_G!G72/1000000 -> 0.062092147 | H72: =Storage_modulus_G!H72/1000000 -> 0.067876806 | I72: =Storage_modulus_G!I72/1000000 -> 0.072890224 | J72: =Storage_modulus_G!J72/1000000 -> 0.074200377 | ... O72: =Storage_modulus_G!O72/1000000 -> 0.09521896
A73: 15 | B73: 1
A74: 15 | B74: 2
A75: 15 | B75: 3
A76: 15 | B76: 4
A77: 15 | B77: 5
A78: 15 | B78: 6
A79: 16 | B79: 1 | C79: =1000*Storage_modulus_G!C79 -> 1623.0152 | D79: =1000*Storage_modulus_G!D79 -> 1795.533 | E79: =1000*Storage_modulus_G!E79 -> 1795.533 | F79: =1000*Storage_modulus_G!F79 -> 1594.3383 | G79: =1000*Storage_modulus_G!G79 -> 1349.9654 | H79: =1000*Storage_modulus_G!H79 -> 1070.7237 | I79: =1000*Storage_modulus_G!I79 -> 859.39662 | J79: =1000*Storage_modulus_G!J79 -> 661.67575 | ... L79: =1000*Storage_modulus_G!L79 -> 383.02379
A80: 16 | B80: 2 | C80: =1000*Storage_modulus_G!C80 -> 2416.7172 | D80: =1000*Storage_modulus_G!D80 -> 2250.3915 | E80: =1000*Storage_modulus_G!E80 -> 2250.3915 | F80: =1000*Storage_modulus_G!F80 -> 2197.5337 | G80: =1000*Storage_modulus_G!G80 -> 2022.1179 | H80: =1000*Storage_modulus_G!H80 -> 1742.971 | I80: =1000*Storage_modulus_G!I80 -> 1398.9638 | J80: =1000*Storage_modulus_G!J80 -> 1103.0131 | ... L80: =1000*Storage_modulus_G!L80 -> 714.81472
A81: 16 | B81: 3 | C81: =1000*Storage_modulus_G!C81 -> 2888.3192 | D81: =1000*Storage_modulus_G!D81 -> 2673.6024 | E81: =1000*Storage_modulus_G!E81 -> 2721.6905 | F81: =1000*Storage_modulus_G!F81 -> 2689.5364 | G81: =1000*Storage_modulus_G!G81 -> 2474.8475 | H81: =1000*Storage_modulus_G!H81 -> 2095.5128 | I81: =1000*Storage_modulus_G!I81 -> 1671.9597 | J81: =1000*Storage_modulus_G!J81 -> 1382.4364 | ... L81: =1000*Storage_modulus_G!L81 -> 967.84664
A82: 17 | B82: 1 | C82: =Storage_modulus_G!C82/10000000 -> 0.002636651 | D82: =Storage_modulus_G!D82/10000000 -> 0.003226799 | E82: =Storage_modulus_G!E82/10000000 -> 0.003949037 | F82: =Storage_modulus_G!F82/10000000 -> 0.005032159 | G82: =Storage_modulus_G!G82/10000000 -> 0.005914661 | H82: =Storage_modulus_G!H82/10000000 -> 0.008007718 | I82: =Storage_modulus_G!I82/10000000 -> 0.010624678 | J82: =Storage_modulus_G!J82/10000000 -> 0.014677993 | ... M82: =Storage_modulus_G!M82/10000000 -> 0.031622777
A83: 17 | B83: 2 | C83: =Storage_modulus_G!C83/10000000 -> 0.000309905 | D83: =Storage_modulus_G!D83/10000000 -> 0.000371685 | E83: =Storage_modulus_G!E83/10000000 -> 0.000493154 | F83: =Storage_modulus_G!F83/10000000 -> 0.000615848 | G83: =Storage_modulus_G!G83/10000000 -> 0.000850794 | H83: =Storage_modulus_G!H83/10000000 -> 0.000960409 | I83: =Storage_modulus_G!I83/10000000 -> 0.0013815 | J83: =Storage_modulus_G!J83/10000000 -> 0.001947483 | ... M83: =Storage_modulus_G!M83/10000000 -> 0.006158482
A84: 17 | B84: 3 | C84: =Storage_modulus_G!C84/10000000 -> 0.000176041 | D84: =Storage_modulus_G!D84/10000000 -> 0.000243201 | E84: =Storage_modulus_G!E84/10000000 -> 0.000342837 | F84: =Storage_modulus_G!F84/10000000 -> 0.000473629 | G84: =Storage_modulus_G!G84/10000000 -> 0.000695193 | H84: =Storage_modulus_G!H84/10000000 -> 0.00115187 | I84: =Storage_modulus_G!I84/10000000 -> 0.001725211 | J84: =Storage_modulus_G!J84/10000000 -> 0.002745342 | ... M84: =Storage_modulus_G!M84/10000000 -> 0.014096874
A85: 17 | B85: 4 | C85: =Storage_modulus_G!C85/10000000 -> 0.000419573 | D85: =Storage_modulus_G!D85/10000000 -> 0.000503216 | E85: =Storage_modulus_G!E85/10000000 -> 0.000628414 | F85: =Storage_modulus_G!F85/10000000 -> 0.000850794 | G85: =Storage_modulus_G!G85/10000000 -> 0.001175372 | H85: =Storage_modulus_G!H85/10000000 -> 0.001623777 | I85: =Storage_modulus_G!I85/10000000 -> 0.002383378 | J85: =Storage_modulus_G!J85/10000000 -> 0.003569699 | ... M85: =Storage_modulus_G!M85/10000000 -> 0.010841459
A86: 18 | B86: 1 | C86: =Storage_modulus_G!C86/1000000 -> 0.00213032 | D86: =Storage_modulus_G!D86/1000000 -> 0.00231013 | E86: =Storage_modulus_G!E86/1000000 -> 0.00255638 | F86: =Storage_modulus_G!F86/1000000 -> 0.00271655 | G86: =Storage_modulus_G!G86/1000000 -> 0.00300612 | H86: =Storage_modulus_G!H86/1000000 -> 0.00313041 | I86: =Storage_modulus_G!I86/1000000 -> 0.00346409 | J86: =Storage_modulus_G!J86/1000000 -> 0.00368114 | ... V86: =Storage_modulus_G!V86/1000000 -> 0.00649212
A87: 18 | B87: 2 | C87: =Storage_modulus_G!C87/1000000 -> 0.00016001 | D87: =Storage_modulus_G!D87/1000000 -> 0.00022648 | E87: =Storage_modulus_G!E87/1000000 -> 0.00032718 | F87: =Storage_modulus_G!F87/1000000 -> 0.00048243 | G87: =Storage_modulus_G!G87/1000000 -> 0.00071133 | H87: =Storage_modulus_G!H87/1000000 -> 0.00104884 | I87: =Storage_modulus_G!I87/1000000 -> 0.00161102 | J87: =Storage_modulus_G!J87/1000000 -> 0.00223415 | ... S87: =Storage_modulus_G!S87/1000000 -> 0.02595381
A88: 19 | B88: 1 | C88: 5420.22 | D88: 5042.7 | E88: 4746.07 | F88: 4112.36 | G88: 3573.03 | H88: 3155.06 | I88: 2750.56 | J88: 2305.62 | K88: 1901.12 | L88: 1617.98 | M88: 1348.31 | N88: 1132.58
A89: 19 | B89: 2 | C89: 4489.89 | D89: 4314.61 | E89: 3950.56 | F89: 3303.37 | G89: 2723.6 | H89: 2386.52 | I89: 1995.51 | J89: 1671.91 | K89: 1294.38 | L89: 1051.69 | M89: 862.92 | N89: 728.09
A90: 19 | B90: 3 | C90: 4058.43 | D90: 3883.15 | E90: 3573.03 | F90: 2831.46 | G90: 2332.58 | H90: 1968.54 | I90: 1685.39 | J90: 1334.83 | K90: 1078.65 | L90: 822.47 | M90: 701.12 | N90: 552.81
A91: 19 | B91: 4 | C91: 3802.25 | D91: 3559.55 | E91: 3114.61 | F91: 2238.2 | G91: 1698.88 | H91: 1456.18 | I91: 1186.52 | J91: 943.82 | K91: 728.09 | L91: 633.71 | M91: 539.33 | N91: 417.98
A92: 19 | B92: 5 | C92: 2575.28 | D92: 2507.87 | E92: 2332.58 | F92: 1766.29 | G92: 1361.8 | H92: 1146.07 | I92: 903.37 | J92: 714.61 | K92: 539.33 | L92: 431.46 | M92: 296.63 | N92: 215.73
A93: 20 | B93: 1a
A94: 20 | B94: 2a
A95: 20 | B95: 3a
A96: 20 | B96: 4a
A97: 20 | B97: 1b
A98: 20 | B98: 2b
A99: 20 | B99: 3b
A100: 20 | B100: 4b
...

Sheet Loss_modulus_G
A1: Study_id | B1: Instance
A2: 1 | B2: 1
A3: 1 | B3: 2
A4: 1 | B4: 3
A5: 1 | B5: 4
A6: 1 | B6: 5
A7: 2 | B7: 1 | C7: 262.8283 | D7: 377.61495 | E7: 554.96078 | F7: 779.47695 | G7: 1094.8239 | H7: 1469.6473 | I7: 1972.795 | J7: 2474.2446 | K7: 2770.9134 | L7: 3475.2304 | M7: 3475.2304
A8: 2 | B8: 2 | C8: 35.015658 | D8: 49.181671 | E8: 67.53178 | F8: 90.651929 | G8: 136.27815 | H8: 209.56149 | I8: 301.08459 | J8: 432.57914 | K8: 680.43538 | L8: 1000 | M8: 1469.6473
A9: 2 | B9: 3 | C9: 1145.5562 | D9: 1469.6473 | E9: 2209.3387 | F9: 2965.7268 | G9: 4358.5724 | H9: 6262.1189 | I9: 8598.57 | J9: 12353.877 | K9: 16583.345 | L9: 25501.01 | M9: 40112.404
A10: 3 | B10: 1 | C10: 18.107198 | D10: 22.579744 | E10: 28.157026 | F10: 36.197426 | G10: 52.560702 | H10: 64.063634 | I10: 75.742362 | J10: 88.197149 | K10: 101.92118 | L10: 113.38235 | M10: 128.06723 | N10: 138.19613 | O10: 153.73645 | P10: 167.16313 | Q10: 176.31164 | R10: 180.38414 | S10: 187.38174 | T10: 194.6508 | U10: 199.1469 | V10: 203.74685 | W10: 199.1469 | X10: 203.74685 | Y10: 208.45306
A11: 3 | B11: 2 | C11: 65.543394 | D11: 62.142458 | E11: 65.543394 | F11: 70.727251 | G11: 82.357372 | H11: 93.734793 | I11: 106.68397 | J11: 124.22668 | K11: 138.19613 | L11: 156.0948 | M11: 169.72744 | N11: 183.15126 | O11: 206.87236 | P11: 218.19409 | Q11: 231.89386 | R11: 244.58496 | S11: 259.94175 | T11: 270.02561 | U11: 276.26274 | V11: 289.17252 | W11: 293.60848 | X11: 314.4276 | Y11: 321.69034
A12: 3 | B12: 3 | C12: 151.41374 | D12: 151.41374 | E12: 152.57068 | F12: 152.57068 | G12: 168.44041 | H12: 184.5507 | I12: 191.70994 | J12: 206.87236 | K12: 221.54122 | L12: 237.25021 | M12: 252.14647 | N12: 272.08885 | O12: 286.97974 | P12: 307.32883 | Q12: 321.69034 | R12: 334.1696 | S12: 341.88835 | T12: 355.15115 | U12: 363.35453 | V12: 371.74739 | W12: 371.74739 | X12: 380.33412 | Y12: 389.11919
A13: 3 | B13: 4 | C13: 42.796175 | D13: 60.278896 | E13: 90.234351 | F13: 108.32052 | G13: 130.0318 | H13: 157.2875 | I13: 168.44041 | J13: 188.81351 | K13: 205.30366 | L13: 223.23399 | M13: 235.45116 | N13: 252.14647 | O13: 270.02561 | P13: 278.37363 | Q13: 284.80359 | R13: 295.85191 | S13: 302.68558 | T13: 302.68558 | U13: 307.32883 | V13: 316.83011 | W13: 316.83011 | X13: 314.4276 | Y13: 331.63561
A14: 4 | B14: 1 | C14: 6.0388241 | D14: 9.7830932 | E14: 17.301957 | F14: 29.935773 | G14: 47.445003 | H14: 70.40752 | I14: 97.830932 | J14: 155.05158 | K14: 230.09372 | L14: 319.71418 | M14: 474.45003 | N14: 735.64225 | O14: 1115.884 | P14: 1516.884 | Q14: 2154.4347 | R14: 2865.1203 | S14: 4069.3384 | T14: 4957.2189 | U14: 6592.4618 | V14: 7686.2461 | W14: 8767.1239
A15: 4 | B15: 2 | C15: 23.519526 | D15: 34.145489 | E15: 50.671283 | F15: 76.862461 | G15: 109.16797 | H15: 162.00328 | I15: 225.10283 | J15: 334.0485 | K15: 474.45003 | L15: 630.95734 | M15: 916.01959 | N15: 1359.3564 | O15: 1807.7687 | P15: 2511.8864 | Q15: 3646.7397 | R15: 4957.2189 | S15: 6309.5734 | T15: 8030.8572 | U15: 10221.716 | V15: 13010.252 | W15: 15505.158
A16: 4 | B16: 3 | C16: 60.388241 | D16: 75.195262 | E16: 104.48348 | F16: 132.9871 | G16: 188.88196 | H16: 274.21754 | I16: 372.75937 | J16: 517.94747 | K16: 704.0752 | L16: 957.08912 | M16: 1329.871 | N16: 1847.8498 | O16: 2511.8864 | P16: 3268.0276 | Q16: 4641.5888 | R16: 6038.8241 | S16: 7856.6625 | T16: 10221.716 | U16: 13010.252 | V16: 15848.932 | W16: 18077.687
A17: 5 | B17: 1 | C17: 34.08738 | D17: 32.492953 | E17: 35.760045 | F17: 38.732196 | G17: 43.312755 | H17: 50.006807 | I17: 57.735435 | J17: 66.658534 | K17: 74.541726 | L17: 87.447535 | M17: 104.23907 | N17: 118.4429 | O17: 138.94955 | P17: 160.42441 | Q17: 182.28417 | R17: 213.84401 | S17: 246.89392 | T17: 289.63999 | U17: 339.78692 | V17: 398.61605 | W17: 460.22277 | X17: 531.35089 | Y17: 633.38001 | Z17: 755.0006 | AA17: 844.28872 | AB17: 990.46495 | AC17: 1143.5428 | AD17: 1341.5305 | AE17: 1430.0124 | AF17: 1846.2768 | AG17: 2272.2148 | AH17: 2581.8314 | AI17: 2933.637 | AJ17: 3387.0351 | AK17: 3910.5065 | AL17: 4514.8812 | AM17: 5048.8215 | AN17: 5556.4689 | AO17: 6115.1592 | AP17: 6518.4902 | AQ17: 6518.4902 | AR17: 5130.0881 | AS17: 17265.16
A18: 5 | B18: 2 | C18: 356.46024 | D18: 398.61605 | E18: 431.74652 | F18: 452.93229 | G18: 475.15765 | H18: 482.80587 | I18: 460.22277 | J18: 482.80587 | K18: 482.80587 | L18: 531.35089 | M18: 531.35089 | N18: 557.42424 | O18: 548.59398 | P18: 643.575 | Q18: 623.34652 | R18: 623.34652 | S18: 653.93409 | T18: 653.93409 | U18: 719.68567 | V18: 779.50144 | W18: 857.87853 | X18: 817.75152 | Y18: 844.28872 | Z18: 944.13625 | AA18: 1022.6069 | AB18: 1107.5996 | AC18: 1218.9662 | AD18: 1320.2791 | AE18: 1430.0124 | AF18: 1599.129 | AG18: 1788.2457 | AH18: 1968.0497 | AI18: 2131.6217 | AJ18: 2345.9513 | AK18: 2540.9321 | AL18: 2796.4171 | AM18: 2887.1648 | AN18: 3127.1278 | AO18: 3177.4626 | AP18: 3177.4626 | AQ18: 2980.8573 | AR18: 3610.4301 | AS18: 4736.4261
A19: 5 | B19: 3 | C19: 188.19955 | D19: 220.78355 | E19: 259.00899 | F19: 299.03922 | G19: 350.81349 | H19: 386.08698 | I19: 482.80587 | J19: 539.90361 | K19: 603.75386 | L19: 664.45993 | M19: 731.26985 | N19: 830.91418 | O19: 929.18002 | P19: 1055.792 | Q19: 1180.6524 | R19: 1407.3593 | S19: 1548.8661 | T19: 1759.9178 | U19: 1999.7278 | V19: 2236.2202 | W19: 2500.6808 | X19: 2752.1185 | Y19: 3228.6075 | Z19: 3553.2367 | AA19: 3973.4506 | AB19: 4443.3601 | AC19: 4890.1298 | AD19: 5296.5668 | AE19: 6518.4902 | AF19: 7060.2663 | AG19: 7770.1599 | AH19: 8971.0499 | AI19: 10193.464 | AJ19: 11040.68 | AK19: 11768.879 | AL19: 12952.213 | AM19: 13587.777 | AN19: 15194.699 | AO19: 16196.879 | AP19: 17265.16 | AQ19: 17543.062 | AR19: 16991.659 | AS19: 12747.034
A20: 5 | B20: 4 | C20: 38.986037 | D20: 44.435214 | E20: 49.824527 | F20: 54.961277 | G20: 61.627241 | H20: 70.241036 | I20: 76.225849 | J20: 84.084493 | K20: 94.282658 | L20: 102.31591 | M20: 114.72527 | N20: 124.50032 | O20: 139.6003 | P20: 151.4948 | Q20: 167.11343 | R20: 193.6118 | S20: 210.10829 | T20: 235.59121 | U20: 268.52039 | V20: 301.08782 | W20: 332.12902 | X20: 384.7931 | Y20: 438.5766 | Z20: 475.94505 | AA20: 533.66992 | AB20: 588.6896 | AC20: 628.48578 | AD20: 740.14734 | AE20: 843.5996 | AF20: 915.47761 | AG20: 1060.6404 | AH20: 1169.9891 | AI20: 1269.6768 | AJ20: 1519.9111 | AK20: 1622.659 | AL20: 1732.3529 | AM20: 1974.4882 | AN20: 2007.0437 | AO20: 2107.9662 | AP20: 1789.95 | AQ20: 1249.0819 | AR20: 660.08866 | AS20: 6622.5116
A21: 5 | B21: 5 | C21: 6.0429639 | D21: 6.8876042 | E21: 7.850302 | F21: 8.2450479 | G21: 9.7099258 | H21: 11.249581 | I21: 12.821964 | J21: 13.466706 | K21: 15.348981 | L21: 18.075998 | M21: 19.939576 | N21: 22.357942 | O21: 25.903132 | P21: 28.110181 | Q21: 33.104449 | R21: 35.925079 | S21: 40.946417 | T21: 45.912593 | U21: 53.192729 | V21: 63.67622 | W21: 71.399173 | X21: 81.378815 | Y21: 89.768713 | Z21: 100.65629 | AA21: 116.61687 | AB21: 128.63969 | AC21: 151.4948 | AD21: 167.11343 | AE21: 187.38174 | AF21: 224.31188 | AG21: 255.66452 | AH21: 291.39939 | AI21: 326.74169 | AJ21: 366.37046 | AK21: 404.1421 | AL21: 404.1421 | AM21: 417.57899 | AN21: 378.55152 | AO21: 224.31188 | AP21: 255.66452 | AQ21: 1026.5111 | AR21: 3121.1754 | AS21: 9646.6162
A22: 5 | B22: 6 | C22: 7.9797381 | D22: 6.5578483 | E22: 6.1426005 | F22: 5.8485129 | G22: 6.24388 | H22: 6.6659743 | I22: 7.4744552 | J22: 8.2450479 | K22: 8.9475585 | L22: 11.067107 | M22: 13.466706 | N22: 14.85508 | O22: 17.494347 | P22: 20.94222 | Q22: 23.869367 | R22: 28.573662 | S22: 32.039211 | T22: 37.119513 | U22: 45.167863 | V22: 53.192729 | W22: 63.67622 | X22: 72.576405 | Y22: 84.084493 | Z22: 100.65629 | AA22: 122.48085 | AB22: 137.3359 | AC22: 159.11259 | AD22: 196.80408 | AE22: 228.01034 | AF22: 255.66452 | AG22: 296.20399 | AH22: 343.17162 | AI22: 410.80561 | AJ22: 460.63006 | AK22: 516.49745 | AL22: 551.41335 | AM22: 588.6896 | AN22: 588.6896 | AO22: 475.94505 | AP22: 508.11956 | AQ22: 716.33082 | AR22: 2923.5403 | AS22: 9336.2066
A23: 6 | B23: 1
A24: 6 | B24: 2
A25: 6 | B25: 3
A26: 6 | B26: 4
A27: 7 | B27: 1 | C27: 39.483219 | D27: 113.19094 | E27: 317.86459 | F27: 756.70006 | G27: 1465.2755 | H27: 2506.7045 | I27: 4030.7064 | J27: 6091.9084 | K27: 8477.1745 | L27: 11796.383 | M27: 16079.703 | N27: 21031.486 | O27: 26395.182 | P27: 33126.791 | Q27: 40725.411 | R27: 40725.411 | S27: 46097.474 | T27: 50067 | U27: 59060.953 | V27: 64146.784 | W27: 66851.646 | X27: 71124.289
A28: 7 | B28: 2 | C28: 7186.2487 | D28: 11087.74 | E28: 19364.02 | F28: 33818.005 | G28: 56671.307 | H28: 91125.779 | I28: 129451.66 | J28: 152706.14 | K28: 180138.02 | L28: 221458.05 | M28: 277936.89
A29: 8 | B29: 1
A30: 8 | B30: 2
A31: 8 | B31: 3
A32: 8 | B32: 4
A33: 9 | B33: 1
A34: 9 | B34: 2
A35: 9 | B35: 3
A36: 9 | B36: 4
A37: 11 | B37: 1a
A38: 11 | B38: 2a
A39: 11 | B39: 3a
A40: 11 | B40: 4a
A41: 11 | B41: 1b
A42: 11 | B42: 2b
A43: 11 | B43: 3b
A44: 11 | B44: 4b
A45: 12 | B45: 1a
A46: 12 | B46: 2a
A47: 12 | B47: 3a
A48: 12 | B48: 4a
... A54: 12 | B54: 5b
A55: 13 | B55: 1
A56: 13 | B56: 2
A57: 13 | B57: 3
A58: 13 | B58: 4
A59: 13 | B59: 5
A60: 13 | B60: 6
A61: 13 | B61: 7
A62: 13 | B62: 8
A63: 14 | B63: 1 | C63: 1294.104 | D63: 1863.2462 | E63: 2755.2085 | F63: 3862.5377 | G63: 5414.9031 | H63: 7727.3571 | I63: 10270.296 | J63: 14019.035 | K63: 17822.361 | L63: 22258.215 | M63: 27308.219 | N63: 31763.655 | O63: 36946.012
A64: 14 | B64: 2 | C64: 1102.7345 | D64: 1491.9187 | E64: 2148.0592 | F64: 2984.7198 | G64: 4147.2535 | H64: 5918.3511 | I64: 8150.7327 | J64: 11125.814 | K64: 14787.141 | L64: 18798.853 | M64: 23063.988 | N64: 29061.661 | O64: 35339.675
A65: 14 | B65: 3 | C65: 1846.7551 | D65: 2326.9944 | E65: 3011.3727 | F65: 3862.5377 | G65: 5272.394 | H65: 6702.778 | I65: 8908.5431 | J65: 11426.548 | K65: 14526.53 | L65: 17664.62 | M65: 21672.417 | N65: 26120.914 | O65: 30927.691
A66: 14 | B66: 4 | C66: 2167.2424 | D66: 2432.7661 | E66: 2635.4177 | F66: 3350.3983 | G66: 4038.1063 | H66: 4696.9365 | I66: 5711.5851 | J66: 7007.4475 | K66: 8597.3164 | L66: 10454.542 | M66: 12600.454 | N66: 15322.448 | O66: 18798.853
A67: 14 | B67: 5 | C67: 3380.3189 | D67: 3533.9687 | E67: 4823.8947 | F67: 5414.9031 | G67: 6702.778 | H67: 8150.7327 | I67: 10362.012 | J67: 12712.964 | K67: 15459.279 | L67: 19306.979 | M67: 23898.923 | N67: 29321.186 | O67: 34716.866
A68: 14 | B68: 6 | C68: 3176.3655 | D68: 3931.829 | E68: 4335.7636 | F68: 5043.1611 | G68: 6132.6023 | H68: 7070.0226 | I68: 8521.2179 | J68: 9823.765 | K68: 11426.548 | L68: 13173.197 | M68: 14919.187 | N68: 18966.723 | O68: 21672.417
A69: 14 | B69: 7 | C69: 2411.2343 | D69: 2706.653 | E69: 2588.9733 | F69: 2804.6351 | G69: 3120.3879 | H69: 3597.3656 | I69: 4038.1063 | J69: 4781.1964 | K69: 5865.9692 | L69: 7196.8564 | M69: 8988.1006 | N69: 11225.172 | O69: 14019.035
A70: 14 | B70: 8 | C70: 4413.5473 | D70: 4335.7636 | E70: 4335.7636 | F70: 4413.5473 | G70: 4374.4811 | H70: 4413.5473 | I70: 4910.4321 | J70: 5661.0333 | K70: 6132.6023 | L70: 6762.6324 | M70: 7391.3874 | N70: 8988.1006 | O70: 10929.745
A71: 14 | B71: 9 | C71: 5463.2571 | D71: 5661.0333 | E71: 5414.9031 | F71: 5463.2571 | G71: 5762.5923 | H71: 6468.607 | I71: 7133.1539 | J71: 7936.2249 | K71: 9231.049 | L71: 10270.296 | M71: 11426.548 | N71: 13771.975 | O71: 17047.481
A72: 14 | B72: 10 | C72: 10089.301 | D72: 10270.296 | E72: 10642.086 | F72: 9823.765 | G72: 10547.903 | H72: 10642.086 | I72: 11631.529 | J72: 11945.933 | K72: 14270.531 | L72: 14656.259 | M72: 15597.327 | N72: 19136.091 | O72: 22258.215
A73: 15 | B73: 1
A74: 15 | B74: 2
A75: 15 | B75: 3
A76: 15 | B76: 4
A77: 15 | B77: 5
A78: 15 | B78: 6
A79: 16 | B79: 1
A80: 16 | B80: 2
A81: 16 | B81: 3
A82: 17 | B82: 1
A83: 17 | B83: 2
A84: 17 | B84: 3
A85: 17 | B85: 4
A86: 18 | B86: 1 | C86: 805.67 | D86: 805.67 | E86: 873.67 | F86: 928.41 | G86: 928.41 | H86: 1006.78 | I86: 1048.4 | J86: 1091.75 | K86: 1114.09 | L86: 1183.9 | M86: 1283.82 | N86: 1509.68 | O86: 1479.41 | P86: 1637.1 | Q86: 1739.68 | R86: 2087.6 | S86: 2310.13 | T86: 2716.55 | U86: 2886.76 | V86: 2886.76
A87: 18 | B87: 2 | C87: 1115.16 | D87: 1484.56 | E87: 2017.13 | F87: 2577.76 | G87: 3431.65 | H87: 4758.99 | I87: 6207.25 | J87: 7932.47 | K87: 10346.49 | L87: 13495.14 | M87: 16897.04 | N87: 21156.5 | O87: 25953.81 | P87: 30563.78 | Q87: 35264.46 | R87: 41528.21 | S87: 44154.04
A88: 19 | B88: 1 | C88: 234.94 | D88: 234.1 | E88: 243.31 | F88: 243.72 | G88: 215.69 | H88: 165.48 | I88: 147.49 | J88: 148.33 | K88: 146.23 | L88: 141.63 | M88: 132.85 | N88: 117.78
A89: 19 | B89: 2 | C89: 208.16 | D89: 209 | E89: 219.87 | F89: 211.09 | G89: 176.78 | H89: 126.15 | I89: 106.49 | J89: 102.72 | K89: 98.95 | L89: 93.1 | M89: 81.38 | N89: 66.32
A90: 19 | B90: 3 | C90: 200.21 | D90: 203.97 | E90: 211.51 | F90: 201.46 | G90: 164.64 | H90: 114.02 | I90: 93.1 | J90: 85.15 | K90: 80.54 | L90: 74.69 | M90: 63.39 | N90: 50.84
A91: 19 | B91: 4 | C91: 197.7 | D91: 206.07 | E91: 215.69 | F91: 187.24 | G91: 140.38 | H91: 79.71 | I91: 66.32 | J91: 58.37 | K91: 55.02 | L91: 51.67
A92: 19 | B92: 5 | C92: 170.5 | D92: 162.97 | E92: 166.74 | F92: 149.58 | G92: 110.67 | H92: 73.01 | I92: 54.18
A93: 20 | B93: 1a
A94: 20 | B94: 2a
A95: 20 | B95: 3a
A96: 20 | B96: 4a
A97: 20 | B97: 1b
A98: 20 | B98: 2b
A99: 20 | B99: 3b
A100: 20 | B100: 4b
A101: 20 | B101: 1c
A102: 20 | B102: 2c
A103: 20 | B103: 3c
A104: 20 | B104: 4c
... A112: 20 | B112: 4e
...

Sheet converted_MPa_Loss_modulus_G
A1: Study_id | B1: Instance
A2: 1 | B2: 1
A3: 1 | B3: 2
A4: 1 | B4: 3
A5: 1 | B5: 4
A6: 1 | B6: 5
A7: 2 | B7: 1 | C7: 0.0002628283 | D7: 0.00037761495 | E7: 0.00055496078 | F7: 0.00077947695 | G7: 0.0010948239 | H7: 0.0014696473 | I7: 0.001972795 | J7: 0.0024742446 | K7: 0.0027709134 | L7: 0.0034752304 | M7: 0.0034752304
A8: 2 | B8: 2 | C8: 3.5015658e-05 | D8: 4.9181671e-05 | E8: 6.753178e-05 | F8: 9.0651929e-05 | G8: 0.00013627815 | H8: 0.00020956149 | I8: 0.00030108459 | J8: 0.00043257914 | K8: 0.00068043538 | L8: 0.001 | M8: 0.0014696473
A9: 2 | B9: 3 | C9: 0.0011455562 | D9: 0.0014696473 | E9: 0.0022093387 | F9: 0.0029657268 | G9: 0.0043585724 | H9: 0.0062621189 | I9: 0.00859857 | J9: 0.012353877 | K9: 0.016583345 | L9: 0.02550101 | M9: 0.040112404
A10: 3 | B10: 1 | C10: 1.8107198e-05 | D10: 2.2579744e-05 | E10: 2.8157026e-05 | F10: 3.6197426e-05 | G10: 5.2560702e-05 | H10: 6.4063634e-05 | I10: 7.5742362e-05 | J10: 8.8197149e-05 | K10: 0.00010192118 | L10: 0.00011338235 | M10: 0.00012806723 | N10: 0.00013819613 | O10: 0.00015373645 | P10: 0.00016716313 | Q10: 0.00017631164 | R10: 0.00018038414 | S10: 0.00018738174 | T10: 0.0001946508 | U10: 0.0001991469 | V10: 0.00020374685 | W10: 0.0001991469 | X10: 0.00020374685 | Y10: 0.00020845306
A11: 3 | B11: 2 | C11: 6.5543394e-05 | D11: 6.2142458e-05 | E11: 6.5543394e-05 | F11: 7.0727251e-05 | G11: 8.2357372e-05 | H11: 9.3734793e-05 | I11: 0.00010668397 | J11: 0.00012422668 | K11: 0.00013819613 | L11: 0.0001560948 | M11: 0.00016972744 | N11: 0.00018315126 | O11: 0.00020687236 | P11: 0.00021819409 | Q11: 0.00023189386 | R11: 0.00024458496 | S11: 0.00025994175 | T11: 0.00027002561 | U11: 0.00027626274 | V11: 0.00028917252 | W11: 0.00029360848 | X11: 0.0003144276 | Y11: 0.00032169034
A12: 3 | B12: 3 | C12: 0.00015141374 | D12: 0.00015141374 | E12: 0.00015257068 | F12: 0.00015257068 | G12: 0.00016844041 | H12: 0.0001845507 | I12: 0.00019170994 | J12: 0.00020687236 | K12: 0.00022154122 | L12: 0.00023725021 | M12: 0.00025214647 | N12: 0.00027208885 | O12: 0.00028697974 | P12: 0.00030732883 | Q12: 0.00032169034 | R12: 0.0003341696 | S12: 0.00034188835 | T12: 0.00035515115 | U12: 0.00036335453 | V12: 0.00037174739 | W12: 0.00037174739 | X12: 0.00038033412 | Y12: 0.00038911919
A13: 3 | B13: 4 | C13: 4.2796175e-05 | D13: 6.0278896e-05 | E13: 9.0234351e-05 | F13: 0.00010832052 | G13: 0.0001300318 | H13: 0.0001572875 | I13: 0.00016844041 | J13: 0.00018881351 | K13: 0.00020530366 | L13: 0.00022323399 | M13: 0.00023545116 | N13: 0.00025214647 | O13: 0.00027002561 | P13: 0.00027837363 | Q13: 0.00028480359 | R13: 0.00029585191 | S13: 0.00030268558 | T13: 0.00030268558 | U13: 0.00030732883 | V13: 0.00031683011 | W13: 0.00031683011 | X13: 0.0003144276 | Y13: 0.00033163561
A14: 4 | B14: 1 | C14: 6.0388241e-06 | D14: 9.7830932e-06 | E14: 1.7301957e-05 | F14: 2.9935773e-05 | G14: 4.7445003e-05 | H14: 7.040752e-05 | I14: 9.7830932e-05 | J14: 0.00015505158 | K14: 0.00023009372 | L14: 0.00031971418 | M14: 0.00047445003 | N14: 0.00073564225 | O14: 0.001115884 | P14: 0.001516884 | Q14: 0.0021544347 | R14: 0.0028651203 | S14: 0.0040693384 | T14: 0.0049572189 | U14: 0.0065924618 | V14: 0.0076862461 | W14: 0.0087671239
A15: 4 | B15: 2 | C15: 2.3519526e-05 | D15: 3.4145489e-05 | E15: 5.0671283e-05 | F15: 7.6862461e-05 | G15: 0.00010916797 | H15: 0.00016200328 | I15: 0.00022510283 | J15: 0.0003340485 | K15: 0.00047445003 | L15: 0.00063095734 | M15: 0.00091601959 | N15: 0.0013593564 | O15: 0.0018077687 | P15: 0.0025118864 | Q15: 0.0036467397 | R15: 0.0049572189 | S15: 0.0063095734 | T15: 0.0080308572 | U15: 0.010221716 | V15: 0.013010252 | W15: 0.015505158
A16: 4 | B16: 3 | C16: 6.0388241e-05 | D16: 7.5195262e-05 | E16: 0.00010448348 | F16: 0.0001329871 | G16: 0.00018888196 | H16: 0.00027421754 | I16: 0.00037275937 | J16: 0.00051794747 | K16: 0.0007040752 | L16: 0.00095708912 | M16: 0.001329871 | N16: 0.0018478498 | O16: 0.0025118864 | P16: 0.0032680276 | Q16: 0.0046415888 | R16: 0.0060388241 | S16: 0.0078566625 | T16: 0.010221716 | U16: 0.013010252 | V16: 0.015848932 | W16: 0.018077687
A17: 5 | B17: 1 | C17: 3.408738e-05 | D17: 3.2492953e-05 | E17: 3.5760045e-05 | F17: 3.8732196e-05 | G17: 4.3312755e-05 | H17: 5.0006807e-05 | I17: 5.7735435e-05 | J17: 6.6658534e-05 | K17: 7.4541726e-05 | L17: 8.7447535e-05 | M17: 0.00010423907 | N17: 0.0001184429 | O17: 0.00013894955 | P17: 0.00016042441 | Q17: 0.00018228417 | R17: 0.00021384401 | S17: 0.00024689392 | T17: 0.00028963999 | U17: 0.00033978692 | V17: 0.00039861605 | W17: 0.00046022277 | X17: 0.00053135089 | Y17: 0.00063338001 | Z17: 0.0007550006 | AA17: 0.00084428872 | AB17: 0.00099046495 | AC17: 0.0011435428 | AD17: 0.0013415305 | AE17: 0.0014300124 | AF17: 0.0018462768 | AG17: 0.0022722148 | AH17: 0.0025818314 | AI17: 0.002933637 | AJ17: 0.0033870351 | AK17: 0.0039105065 | AL17: 0.0045148812 | AM17: 0.0050488215 | AN17: 0.0055564689 | AO17: 0.0061151592 | AP17: 0.0065184902 | AQ17: 0.0065184902 | AR17: 0.0051300881 | AS17: 0.01726516
A18: 5 | B18: 2 | C18: 0.00035646024 | D18: 0.00039861605 | E18: 0.00043174652 | F18: 0.00045293229 | G18: 0.00047515765 | H18: 0.00048280587 | I18: 0.00046022277 | J18: 0.00048280587 | K18: 0.00048280587 | L18: 0.00053135089 | M18: 0.00053135089 | N18: 0.00055742424 | O18: 0.00054859398 | P18: 0.000643575 | Q18: 0.00062334652 | R18: 0.00062334652 | S18: 0.00065393409 | T18: 0.00065393409 | U18: 0.00071968567 | V18: 0.00077950144 | W18: 0.00085787853 | X18: 0.00081775152 | Y18: 0.00084428872 | Z18: 0.00094413625 | AA18: 0.0010226069 | AB18: 0.0011075996 | AC18: 0.0012189662 | AD18: 0.0013202791 | AE18: 0.0014300124 | AF18: 0.001599129 | AG18: 0.0017882457 | AH18: 0.0019680497 | AI18: 0.0021316217 | AJ18: 0.0023459513 | AK18: 0.0025409321 | AL18: 0.0027964171 | AM18: 0.0028871648 | AN18: 0.0031271278 | AO18: 0.0031774626 | AP18: 0.0031774626 | AQ18: 0.0029808573 | AR18: 0.0036104301 | AS18: 0.0047364261
A19: 5 | B19: 3 | C19: 0.00018819955 | D19: 0.00022078355 | E19: 0.00025900899 | F19: 0.00029903922 | G19: 0.00035081349 | H19: 0.00038608698 | I19: 0.00048280587 | J19: 0.00053990361 | K19: 0.00060375386 | L19: 0.00066445993 | M19: 0.00073126985 | N19: 0.00083091418 | O19: 0.00092918002 | P19: 0.001055792 | Q19: 0.0011806524 | R19: 0.0014073593 | S19: 0.0015488661 | T19: 0.0017599178 | U19: 0.0019997278 | V19: 0.0022362202 | W19: 0.0025006808 | X19: 0.0027521185 | Y19: 0.0032286075 | Z19: 0.0035532367 | AA19: 0.0039734506 | AB19: 0.0044433601 | AC19: 0.0048901298 | AD19: 0.0052965668 | AE19: 0.0065184902 | AF19: 0.0070602663 | AG19: 0.0077701599 | AH19: 0.0089710499 | AI19: 0.010193464 | AJ19: 0.01104068 | AK19: 0.011768879 | AL19: 0.012952213 | AM19: 0.013587777 | AN19: 0.015194699 | AO19: 0.016196879 | AP19: 0.01726516 | AQ19: 0.017543062 | AR19: 0.016991659 | AS19: 0.012747034
A20: 5 | B20: 4 | C20: 3.8986037e-05 | D20: 4.4435214e-05 | E20: 4.9824527e-05 | F20: 5.4961277e-05 | G20: 6.1627241e-05 | H20: 7.0241036e-05 | I20: 7.6225849e-05 | J20: 8.4084493e-05 | K20: 9.4282658e-05 | L20: 0.00010231591 | M20: 0.00011472527 | N20: 0.00012450032 | O20: 0.0001396003 | P20: 0.0001514948 | Q20: 0.00016711343 | R20: 0.0001936118 | S20: 0.00021010829 | T20: 0.00023559121 | U20: 0.00026852039 | V20: 0.00030108782 | W20: 0.00033212902 | X20: 0.0003847931 | Y20: 0.0004385766 | Z20: 0.00047594505 | AA20: 0.00053366992 | AB20: 0.0005886896 | AC20: 0.00062848578 | AD20: 0.00074014734 | AE20: 0.0008435996 | AF20: 0.00091547761 | AG20: 0.0010606404 | AH20: 0.0011699891 | AI20: 0.0012696768 | AJ20: 0.0015199111 | AK20: 0.001622659 | AL20: 0.0017323529 | AM20: 0.0019744882 | AN20: 0.0020070437 | AO20: 0.0021079662 | AP20: 0.00178995 | AQ20: 0.0012490819 | AR20: 0.00066008866 | AS20: 0.0066225116
A21: 5 | B21: 5 | C21: 6.0429639e-06 | D21: 6.8876042e-06 | E21: 7.850302e-06 | F21: 8.2450479e-06 | G21: 9.7099258e-06 | H21: 1.1249581e-05 | I21: 1.2821964e-05 | J21: 1.3466706e-05 | K21: 1.5348981e-05 | L21: 1.8075998e-05 | M21: 1.9939576e-05 | N21: 2.2357942e-05 | O21: 2.5903132e-05 | P21: 2.8110181e-05 | Q21: 3.3104449e-05 | R21: 3.5925079e-05 | S21: 4.0946417e-05 | T21: 4.5912593e-05 | U21: 5.3192729e-05 | V21: 6.367622e-05 | W21: 7.1399173e-05 | X21: 8.1378815e-05 | Y21: 8.9768713e-05 | Z21: 0.00010065629 | AA21: 0.00011661687 | AB21: 0.00012863969 | AC21: 0.0001514948 | AD21: 0.00016711343 | AE21: 0.00018738174 | AF21: 0.00022431188 | AG21: 0.00025566452 | AH21: 0.00029139939 | AI21: 0.00032674169 | AJ21: 0.00036637046 | AK21: 0.0004041421 | AL21: 0.0004041421 | AM21: 0.00041757899 | AN21: 0.00037855152 | AO21: 0.00022431188 | AP21: 0.00025566452 | AQ21: 0.0010265111 | AR21: 0.0031211754 | AS21: 0.0096466162
A22: 5 | B22: 6 | C22: 7.9797381e-06 | D22: 6.5578483e-06 | E22: 6.1426005e-06 | F22: 5.8485129e-06 | G22: 6.24388e-06 | H22: 6.6659743e-06 | I22: 7.4744552e-06 | J22: 8.2450479e-06 | K22: 8.9475585e-06 | L22: 1.1067107e-05 | M22: 1.3466706e-05 | N22: 1.485508e-05 | O22: 1.7494347e-05 | P22: 2.094222e-05 | Q22: 2.3869367e-05 | R22: 2.8573662e-05 | S22: 3.2039211e-05 | T22: 3.7119513e-05 | U22: 4.5167863e-05 | V22: 5.3192729e-05 | W22: 6.367622e-05 | X22: 7.2576405e-05 | Y22: 8.4084493e-05 | Z22: 0.00010065629 | AA22: 0.00012248085 | AB22: 0.0001373359 | AC22: 0.00015911259 | AD22: 0.00019680408 | AE22: 0.00022801034 | AF22: 0.00025566452 | AG22: 0.00029620399 | AH22: 0.00034317162 | AI22: 0.00041080561 | AJ22: 0.00046063006 | AK22: 0.00051649745 | AL22: 0.00055141335 | AM22: 0.0005886896 | AN22: 0.0005886896 | AO22: 0.00047594505 | AP22: 0.00050811956 | AQ22: 0.00071633082 | AR22: 0.0029235403 | AS22: 0.0093362066
A23: 6 | B23: 1
A24: 6 | B24: 2
A25: 6 | B25: 3
A26: 6 | B26: 4
A27: 7 | B27: 1 | C27: 3.9483219e-05 | D27: 0.00011319094 | E27: 0.00031786459 | F27: 0.00075670006 | G27: 0.0014652755 | H27: 0.0025067045 | I27: 0.0040307064 | J27: 0.0060919084 | K27: 0.0084771745 | L27: 0.011796383 | M27: 0.016079703 | N27: 0.021031486 | O27: 0.026395182 | P27: 0.033126791 | Q27: 0.040725411 | R27: 0.040725411 | S27: 0.046097474 | T27: 0.050067 | U27: 0.059060953 | V27: 0.064146784 | W27: 0.066851646 | X27: 0.071124289
A28: 7 | B28: 2 | C28: 0.0071862487 | D28: 0.01108774 | E28: 0.01936402 | F28: 0.033818005 | G28: 0.056671307 | H28: 0.091125779 | I28: 0.12945166 | J28: 0.15270614 | K28: 0.18013802 | L28: 0.22145805 | M28: 0.27793689
A29: 8 | B29: 1
A30: 8 | B30: 2
A31: 8 | B31: 3
A32: 8 | B32: 4
A33: 9 | B33: 1
A34: 9 | B34: 2
A35: 9 | B35: 3
A36: 9 | B36: 4
A37: 11 | B37: 1a
A38: 11 | B38: 2a
A39: 11 | B39: 3a
A40: 11 | B40: 4a
A41: 11 | B41: 1b
A42: 11 | B42: 2b
A43: 11 | B43: 3b
A44: 11 | B44: 4b
A45: 12 | B45: 1a
A46: 12 | B46: 2a
A47: 12 | B47: 3a
A48: 12 | B48: 4a
... A54: 12 | B54: 5b
A55: 13 | B55: 1
A56: 13 | B56: 2
A57: 13 | B57: 3
A58: 13 | B58: 4
A59: 13 | B59: 5
A60: 13 | B60: 6
A61: 13 | B61: 7
A62: 13 | B62: 8
A63: 14 | B63: 1 | C63: 0.001294104 | D63: 0.0018632462 | E63: 0.0027552085 | F63: 0.0038625377 | G63: 0.0054149031 | H63: 0.0077273571 | I63: 0.010270296 | J63: 0.014019035 | K63: 0.017822361 | L63: 0.022258215 | M63: 0.027308219 | N63: 0.031763655 | O63: 0.036946012
A64: 14 | B64: 2 | C64: 0.0011027345 | D64: 0.0014919187 | E64: 0.0021480592 | F64: 0.0029847198 | G64: 0.0041472535 | H64: 0.0059183511 | I64: 0.0081507327 | J64: 0.011125814 | K64: 0.014787141 | L64: 0.018798853 | M64: 0.023063988 | N64: 0.029061661 | O64: 0.035339675
A65: 14 | B65: 3 | C65: 0.0018467551 | D65: 0.0023269944 | E65: 0.0030113727 | F65: 0.0038625377 | G65: 0.005272394 | H65: 0.006702778 | I65: 0.0089085431 | J65: 0.011426548 | K65: 0.01452653 | L65: 0.01766462 | M65: 0.021672417 | N65: 0.026120914 | O65: 0.030927691
A66: 14 | B66: 4 | C66: 0.0021672424 | D66: 0.0024327661 | E66: 0.0026354177 | F66: 0.0033503983 | G66: 0.0040381063 | H66: 0.0046969365 | I66: 0.0057115851 | J66: 0.0070074475 | K66: 0.0085973164 | L66: 0.010454542 | M66: 0.012600454 | N66: 0.015322448 | O66: 0.018798853
A67: 14 | B67: 5 | C67: 0.0033803189 | D67: 0.0035339687 | E67: 0.0048238947 | F67: 0.0054149031 | G67: 0.006702778 | H67: 0.0081507327 | I67: 0.010362012 | J67: 0.012712964 | K67: 0.015459279 | L67: 0.019306979 | M67: 0.023898923 | N67: 0.029321186 | O67: 0.034716866
A68: 14 | B68: 6 | C68: 0.0031763655 | D68: 0.003931829 | E68: 0.0043357636 | F68: 0.0050431611 | G68: 0.0061326023 | H68: 0.0070700226 | I68: 0.0085212179 | J68: 0.009823765 | K68: 0.011426548 | L68: 0.013173197 | M68: 0.014919187 | N68: 0.018966723 | O68: 0.021672417
A69: 14 | B69: 7 | C69: 0.0024112343 | D69: 0.002706653 | E69: 0.0025889733 | F69: 0.0028046351 | G69: 0.0031203879 | H69: 0.0035973656 | I69: 0.0040381063 | J69: 0.0047811964 | K69: 0.0058659692 | L69: 0.0071968564 | M69: 0.0089881006 | N69: 0.011225172 | O69: 0.014019035
A70: 14 | B70: 8 | C70: 0.0044135473 | D70: 0.0043357636 | E70: 0.0043357636 | F70: 0.0044135473 | G70: 0.0043744811 | H70: 0.0044135473 | I70: 0.0049104321 | J70: 0.0056610333 | K70: 0.0061326023 | L70: 0.0067626324 | M70: 0.0073913874 | N70: 0.0089881006 | O70: 0.010929745
A71: 14 | B71: 9 | C71: 0.0054632571 | D71: 0.0056610333 | E71: 0.0054149031 | F71: 0.0054632571 | G71: 0.0057625923 | H71: 0.006468607 | I71: 0.0071331539 | J71: 0.0079362249 | K71: 0.009231049 | L71: 0.010270296 | M71: 0.011426548 | N71: 0.013771975 | O71: 0.017047481
A72: 14 | B72: 10 | C72: 0.010089301 | D72: 0.010270296 | E72: 0.010642086 | F72: 0.009823765 | G72: 0.010547903 | H72: 0.010642086 | I72: 0.011631529 | J72: 0.011945933 | K72: 0.014270531 | L72: 0.014656259 | M72: 0.015597327 | N72: 0.019136091 | O72: 0.022258215
A73: 15 | B73: 1
A74: 15 | B74: 2
A75: 15 | B75: 3
A76: 15 | B76: 4
A77: 15 | B77: 5
A78: 15 | B78: 6
A79: 16 | B79: 1
A80: 16 | B80: 2
A81: 16 | B81: 3
A82: 17 | B82: 1
A83: 17 | B83: 2
A84: 17 | B84: 3
A85: 17 | B85: 4
A86: 18 | B86: 1 | C86: 0.00080567 | D86: 0.00080567 | E86: 0.00087367 | F86: 0.00092841 | G86: 0.00092841 | H86: 0.00100678 | I86: 0.0010484 | J86: 0.00109175 | K86: 0.00111409 | L86: 0.0011839 | M86: 0.00128382 | N86: 0.00150968 | O86: 0.00147941 | P86: 0.0016371 | Q86: 0.00173968 | R86: 0.0020876 | S86: 0.00231013 | T86: 0.00271655 | U86: 0.00288676 | V86: 0.00288676
A87: 18 | B87: 2 | C87: 0.00111516 | D87: 0.00148456 | E87: 0.00201713 | F87: 0.00257776 | G87: 0.00343165 | H87: 0.00475899 | I87: 0.00620725 | J87: 0.00793247 | K87: 0.01034649 | L87: 0.01349514 | M87: 0.01689704 | N87: 0.0211565 | O87: 0.02595381 | P87: 0.03056378 | Q87: 0.03526446 | R87: 0.04152821 | S87: 0.04415404
A88: 19 | B88: 1 | C88: 234.94 | D88: 234.1 | E88: 243.31 | F88: 243.72 | G88: 215.69 | H88: 165.48 | I88: 147.49 | J88: 148.33 | K88: 146.23 | L88: 141.63 | M88: 132.85 | N88: 117.78
A89: 19 | B89: 2 | C89: 208.16 | D89: 209 | E89: 219.87 | F89: 211.09 | G89: 176.78 | H89: 126.15 | I89: 106.49 | J89: 102.72 | K89: 98.95 | L89: 93.1 | M89: 81.38 | N89: 66.32
A90: 19 | B90: 3 | C90: 200.21 | D90: 203.97 | E90: 211.51 | F90: 201.46 | G90: 164.64 | H90: 114.02 | I90: 93.1 | J90: 85.15 | K90: 80.54 | L90: 74.69 | M90: 63.39 | N90: 50.84
A91: 19 | B91: 4 | C91: 197.7 | D91: 206.07 | E91: 215.69 | F91: 187.24 | G91: 140.38 | H91: 79.71 | I91: 66.32 | J91: 58.37 | K91: 55.02 | L91: 51.67
A92: 19 | B92: 5 | C92: 170.5 | D92: 162.97 | E92: 166.74 | F92: 149.58 | G92: 110.67 | H92: 73.01 | I92: 54.18
A93: 20 | B93: 1a
A94: 20 | B94: 2a
A95: 20 | B95: 3a
A96: 20 | B96: 4a
A97: 20 | B97: 1b
A98: 20 | B98: 2b
A99: 20 | B99: 3b
A100: 20 | B100: 4b
A101: 20 | B101: 1c
A102: 20 | B102: 2c
A103: 20 | B103: 3c
A104: 20 | B104: 4c
... A112: 20 | B112: 4e
...

Sheet Angular_frequency
A1: Study_id | B1: Instance
A2: 1 | B2: 1 | C2: 1 | D2: 1.2656305 | E2: 1.579777 | F2: 1.9994139 | G2: 2.4956954 | H2: 3.1368191 | I2: 3.9426422 | J2: 5.0595552 | K2: 6.2284954 | L2: 7.8285448 | M2: 10.046297 | N2: 12.45334 | O2: 15.652501 | P2: 19.810283 | Q2: 25.072497 | R2: 31.732516 | S2: 40.16164 | T2: 50.1303 | U2: 63.887552 | V2: 78.104856 | W2: 99.539162 | X2: 124.24612 | Y2: 157.24968 | Z2: 199.01999 | AA2: 250.14659 | AB2: 316.59314 | AC2: 395.17583 | AD2: 496.69326
A3: 1 | B3: 2 | C3: 1 | D3: 1.2656305 | E3: 1.579777 | F3: 1.9994139 | G3: 2.4956954 | H3: 3.1368191 | I3: 3.9426422 | J3: 5.0595552 | K3: 6.2284954 | L3: 7.8285448 | M3: 10.046297 | N3: 12.45334 | O3: 15.652501 | P3: 19.810283 | Q3: 25.072497 | R3: 31.732516 | S3: 40.16164 | T3: 50.1303 | U3: 63.887552 | V3: 78.104856 | W3: 99.539162 | X3: 124.24612 | Y3: 157.24968 | Z3: 199.01999 | AA3: 250.14659 | AB3: 316.59314 | AC3: 395.17583 | AD3: 496.69326
A4: 1 | B4: 3 | C4: 1 | D4: 1.2656305 | E4: 1.579777 | F4: 1.9994139 | G4: 2.4956954 | H4: 3.1368191 | I4: 3.9426422 | J4: 5.0595552 | K4: 6.2284954 | L4: 7.8285448 | M4: 10.046297 | N4: 12.45334 | O4: 15.652501 | P4: 19.810283 | Q4: 25.072497 | R4: 31.732516 | S4: 40.16164 | T4: 50.1303 | U4: 63.887552 | V4: 78.104856 | W4: 99.539162 | X4: 124.24612 | Y4: 157.24968 | Z4: 199.01999 | AA4: 250.14659 | AB4: 316.59314 | AC4: 395.17583 | AD4: 496.69326
A5: 1 | B5: 4 | C5: 1 | D5: 1.2656305 | E5: 1.579777 | F5: 1.9994139 | G5: 2.4956954 | H5: 3.1368191 | I5: 3.9426422 | J5: 5.0595552 | K5: 6.2284954 | L5: 7.8285448 | M5: 10.046297 | N5: 12.45334 | O5: 15.652501 | P5: 19.810283 | Q5: 25.072497 | R5: 31.732516 | S5: 40.16164 | T5: 50.1303 | U5: 63.887552 | V5: 78.104856 | W5: 99.539162 | X5: 124.24612 | Y5: 157.24968 | Z5: 199.01999 | AA5: 250.14659 | AB5: 316.59314 | AC5: 395.17583 | AD5: 496.69326
A6: 1 | B6: 5 | C6: 1 | D6: 1.2656305 | E6: 1.579777 | F6: 1.9994139 | G6: 2.4956954 | H6: 3.1368191 | I6: 3.9426422 | J6: 5.0595552 | K6: 6.2284954 | L6: 7.8285448 | M6: 10.046297 | N6: 12.45334 | O6: 15.652501 | P6: 19.810283 | Q6: 25.072497 | R6: 31.732516 | S6: 40.16164 | T6: 50.1303 | U6: 63.887552 | V6: 78.104856 | W6: 99.539162 | X6: 124.24612 | Y6: 157.24968 | Z6: 199.01999 | AA6: 250.14659 | AB6: 316.59314 | AC6: 395.17583 | AD6: 496.69326
A7: 2 | B7: 1 | C7: 0.99574896 | D7: 1.5977737 | E7: 2.5097472 | F7: 3.975987 | G7: 6.3257217 | H7: 9.9787222 | I7: 15.808473 | J7: 24.937606 | K7: 39.506609 | L7: 62.587087 | M7: 100
A8: 2 | B8: 2 | C8: 0.99574896 | D8: 1.5977737 | E8: 2.5097472 | F8: 3.975987 | G8: 6.3257217 | H8: 9.9787222 | I8: 15.808473 | J8: 24.937606 | K8: 39.506609 | L8: 62.587087 | M8: 100
A9: 2 | B9: 3 | C9: 0.99574896 | D9: 1.5977737 | E9: 2.5097472 | F9: 3.975987 | G9: 6.3257217 | H9: 9.9787222 | I9: 15.808473 | J9: 24.937606 | K9: 39.506609 | L9: 62.587087 | M9: 100
A10: 3 | B10: 1 | C10: 0.10346139 | D10: 0.15043189 | E10: 0.22122163 | F10: 0.32532338 | G10: 0.46240725 | H10: 0.71968567 | I10: 1 | J10: 1.5043189 | K10: 2.2374518 | L10: 3.2532338 | M10: 4.6768209 | N10: 7.0354299 | O10: 10.346139 | P10: 15.214792 | Q10: 22.122163 | R10: 32.532338 | S10: 47.301711 | T10: 68.776239 | U10: 102.29448 | V10: 148.73521 | W10: 218.72654 | X10: 329.03446 | Y10: 473.01711
A11: 3 | B11: 2 | C11: 0.10346139 | D11: 0.15043189 | E11: 0.22122163 | F11: 0.32532338 | G11: 0.46240725 | H11: 0.71968567 | I11: 1 | J11: 1.5043189 | K11: 2.2374518 | L11: 3.2532338 | M11: 4.6768209 | N11: 7.0354299 | O11: 10.346139 | P11: 15.214792 | Q11: 22.122163 | R11: 32.532338 | S11: 47.301711 | T11: 68.776239 | U11: 102.29448 | V11: 148.73521 | W11: 218.72654 | X11: 329.03446 | Y11: 473.01711
A12: 3 | B12: 3 | C12: 0.10346139 | D12: 0.15043189 | E12: 0.22122163 | F12: 0.32532338 | G12: 0.46240725 | H12: 0.71968567 | I12: 1 | J12: 1.5043189 | K12: 2.2374518 | L12: 3.2532338 | M12: 4.6768209 | N12: 7.0354299 | O12: 10.346139 | P12: 15.214792 | Q12: 22.122163 | R12: 32.532338 | S12: 47.301711 | T12: 68.776239 | U12: 102.29448 | V12: 148.73521 | W12: 218.72654 | X12: 329.03446 | Y12: 473.01711
A13: 3 | B13: 4 | C13: 0.10346139 | D13: 0.15043189 | E13: 0.22122163 | F13: 0.32532338 | G13: 0.46240725 | H13: 0.71968567 | I13: 1 | J13: 1.5043189 | K13: 2.2374518 | L13: 3.2532338 | M13: 4.6768209 | N13: 7.0354299 | O13: 10.346139 | P13: 15.214792 | Q13: 22.122163 | R13: 32.532338 | S13: 47.301711 | T13: 68.776239 | U13: 102.29448 | V13: 148.73521 | W13: 218.72654 | X13: 329.03446 | Y13: 473.01711
A14: 4 | B14: 1 | C14: 0.00979961 | D14: 0.01950338 | E14: 0.029237085 | F14: 0.03921088 | G14: 0.058780161 | H14: 0.10050735 | I14: 0.1568933 | J14: 0.24992068 | K14: 0.39409815 | L14: 0.62145057 | M14: 0.98992979 | N14: 1.5452935 | O14: 2.4865912 | P14: 3.921088 | Q14: 6.2460347 | R14: 9.8493278 | S14: 15.68933 | T14: 24.491252 | U14: 38.620082 | V14: 62.777237 | W14: 98.992979
A15: 4 | B15: 2 | C15: 0.00979961 | D15: 0.01950338 | E15: 0.029237085 | F15: 0.03921088 | G15: 0.058780161 | H15: 0.10050735 | I15: 0.1568933 | J15: 0.24992068 | K15: 0.39409815 | L15: 0.62145057 | M15: 0.98992979 | N15: 1.5452935 | O15: 2.4865912 | P15: 3.921088 | Q15: 6.2460347 | R15: 9.8493278 | S15: 15.68933 | T15: 24.491252 | U15: 38.620082 | V15: 62.777237 | W15: 98.992979
A16: 4 | B16: 3 | C16: 0.00979961 | D16: 0.01950338 | E16: 0.029237085 | F16: 0.03921088 | G16: 0.058780161 | H16: 0.10050735 | I16: 0.1568933 | J16: 0.24992068 | K16: 0.39409815 | L16: 0.62145057 | M16: 0.98992979 | N16: 1.5452935 | O16: 2.4865912 | P16: 3.921088 | Q16: 6.2460347 | R16: 9.8493278 | S16: 15.68933 | T16: 24.491252 | U16: 38.620082 | V16: 62.777237 | W16: 98.992979
A17: 5 | B17: 1 | C17: 0.1 | D17: 0.12017735 | E17: 0.14442595 | F17: 0.17224313 | G17: 0.2134363 | H17: 0.24876378 | I17: 0.29895771 | J17: 0.36762937 | K17: 0.44180723 | L17: 0.53503399 | M17: 0.63808429 | N17: 0.76098259 | O17: 0.92155929 | P17: 1.1160196 | Q17: 1.3515135 | R17: 1.6242131 | S17: 1.9669421 | T17: 2.3638188 | U17: 2.7975955 | V17: 3.4402133 | W17: 4.0404539 | X17: 4.9685607 | Y17: 5.925531 | Z17: 7.175891 | AA17: 8.5580044 | AB17: 10.363849 | AC17: 12.647234 | AD17: 15.199111 | AE17: 18.265888 | AF17: 22.120216 | AG17: 26.787854 | AH17: 31.947332 | AI17: 38.688612 | AJ17: 46.852385 | AK17: 56.305954 | AL17: 68.711404 | AM17: 80.084353 | AN17: 97.728712 | AO17: 115.66259 | AP17: 143.32412 | AQ17: 170.92908 | AR17: 206.99722 | AS17: 276.91746
A18: 5 | B18: 2 | C18: 0.1 | D18: 0.12017735 | E18: 0.14442595 | F18: 0.17224313 | G18: 0.2134363 | H18: 0.24876378 | I18: 0.29895771 | J18: 0.36762937 | K18: 0.44180723 | L18: 0.53503399 | M18: 0.63808429 | N18: 0.76098259 | O18: 0.92155929 | P18: 1.1160196 | Q18: 1.3515135 | R18: 1.6242131 | S18: 1.9669421 | T18: 2.3638188 | U18: 2.7975955 | V18: 3.4402133 | W18: 4.0404539 | X18: 4.9685607 | Y18: 5.925531 | Z18: 7.175891 | AA18: 8.5580044 | AB18: 10.363849 | AC18: 12.647234 | AD18: 15.199111 | AE18: 18.265888 | AF18: 22.120216 | AG18: 26.787854 | AH18: 31.947332 | AI18: 38.688612 | AJ18: 46.852385 | AK18: 56.305954 | AL18: 68.711404 | AM18: 80.084353 | AN18: 97.728712 | AO18: 115.66259 | AP18: 143.32412 | AQ18: 170.92908 | AR18: 206.99722 | AS18: 276.91746
A19: 5 | B19: 3 | C19: 0.1 | D19: 0.12017735 | E19: 0.14442595 | F19: 0.17224313 | G19: 0.2134363 | H19: 0.24876378 | I19: 0.29895771 | J19: 0.36762937 | K19: 0.44180723 | L19: 0.53503399 | M19: 0.63808429 | N19: 0.76098259 | O19: 0.92155929 | P19: 1.1160196 | Q19: 1.3515135 | R19: 1.6242131 | S19: 1.9669421 | T19: 2.3638188 | U19: 2.7975955 | V19: 3.4402133 | W19: 4.0404539 | X19: 4.9685607 | Y19: 5.925531 | Z19: 7.175891 | AA19: 8.5580044 | AB19: 10.363849 | AC19: 12.647234 | AD19: 15.199111 | AE19: 18.265888 | AF19: 22.120216 | AG19: 26.787854 | AH19: 31.947332 | AI19: 38.688612 | AJ19: 46.852385 | AK19: 56.305954 | AL19: 68.711404 | AM19: 80.084353 | AN19: 97.728712 | AO19: 115.66259 | AP19: 143.32412 | AQ19: 170.92908 | AR19: 206.99722 | AS19: 276.91746
A20: 5 | B20: 4 | C20: 0.1 | D20: 0.12017735 | E20: 0.14442595 | F20: 0.17224313 | G20: 0.2134363 | H20: 0.24876378 | I20: 0.29895771 | J20: 0.36762937 | K20: 0.44180723 | L20: 0.53503399 | M20: 0.63808429 | N20: 0.76098259 | O20: 0.92155929 | P20: 1.1160196 | Q20: 1.3515135 | R20: 1.6242131 | S20: 1.9669421 | T20: 2.3638188 | U20: 2.7975955 | V20: 3.4402133 | W20: 4.0404539 | X20: 4.9685607 | Y20: 5.925531 | Z20: 7.175891 | AA20: 8.5580044 | AB20: 10.363849 | AC20: 12.647234 | AD20: 15.199111 | AE20: 18.265888 | AF20: 22.120216 | AG20: 26.787854 | AH20: 31.947332 | AI20: 38.688612 | AJ20: 46.852385 | AK20: 56.305954 | AL20: 68.711404 | AM20: 80.084353 | AN20: 97.728712 | AO20: 115.66259 | AP20: 143.32412 | AQ20: 170.92908 | AR20: 206.99722 | AS20: 276.91746
A21: 5 | B21: 5 | C21: 0.1 | D21: 0.12017735 | E21: 0.14442595 | F21: 0.17224313 | G21: 0.2134363 | H21: 0.24876378 | I21: 0.29895771 | J21: 0.36762937 | K21: 0.44180723 | L21: 0.53503399 | M21: 0.63808429 | N21: 0.76098259 | O21: 0.92155929 | P21: 1.1160196 | Q21: 1.3515135 | R21: 1.6242131 | S21: 1.9669421 | T21: 2.3638188 | U21: 2.7975955 | V21: 3.4402133 | W21: 4.0404539 | X21: 4.9685607 | Y21: 5.925531 | Z21: 7.175891 | AA21: 8.5580044 | AB21: 10.363849 | AC21: 12.647234 | AD21: 15.199111 | AE21: 18.265888 | AF21: 22.120216 | AG21: 26.787854 | AH21: 31.947332 | AI21: 38.688612 | AJ21: 46.852385 | AK21: 56.305954 | AL21: 68.711404 | AM21: 80.084353 | AN21: 97.728712 | AO21: 115.66259 | AP21: 143.32412 | AQ21: 170.92908 | AR21: 206.99722 | AS21: 276.91746
A22: 5 | B22: 6 | C22: 0.1 | D22: 0.12017735 | E22: 0.14442595 | F22: 0.17224313 | G22: 0.2134363 | H22: 0.24876378 | I22: 0.29895771 | J22: 0.36762937 | K22: 0.44180723 | L22: 0.53503399 | M22: 0.63808429 | N22: 0.76098259 | O22: 0.92155929 | P22: 1.1160196 | Q22: 1.3515135 | R22: 1.6242131 | S22: 1.9669421 | T22: 2.3638188 | U22: 2.7975955 | V22: 3.4402133 | W22: 4.0404539 | X22: 4.9685607 | Y22: 5.925531 | Z22: 7.175891 | AA22: 8.5580044 | AB22: 10.363849 | AC22: 12.647234 | AD22: 15.199111 | AE22: 18.265888 | AF22: 22.120216 | AG22: 26.787854 | AH22: 31.947332 | AI22: 38.688612 | AJ22: 46.852385 | AK22: 56.305954 | AL22: 68.711404 | AM22: 80.084353 | AN22: 97.728712 | AO22: 115.66259 | AP22: 143.32412 | AQ22: 170.92908 | AR22: 206.99722 | AS22: 276.91746
A23: 6 | B23: 1 | C23: 0.1029831 | D23: 0.12901443 | E23: 0.16644724 | F23: 0.21899063 | G23: 0.27977475 | H23: 0.3609498 | I23: 0.45218812 | J23: 0.60670661 | K23: 0.77510708 | L23: 0.99024961 | M23: 1.2775649 | N23: 1.6004987 | O23: 2.1685539 | P23: 2.7977475 | Q23: 3.574304 | R23: 4.7026258 | S23: 6.1268048 | T23: 7.7510708 | U23: 10.29831 | V23: 13.028476 | W23: 16.644724 | X23: 21.899063 | Y23: 27.704683 | Z23: 35.049421 | AA23: 45.664054 | AB23: 59.493304 | AC23: 77.510708 | AD23: 99.024961 | AE23: 129.01443 | AF23: 163.21721 | AG23: 212.64715 | AH23: 277.04683 | AI23: 364.50386 | AJ23: 465.67734 | AK23: 594.93304
A24: 6 | B24: 2 | C24: 0.1029831 | D24: 0.12901443 | E24: 0.16644724 | F24: 0.21899063 | G24: 0.27977475 | H24: 0.3609498 | I24: 0.45218812 | J24: 0.60670661 | K24: 0.77510708 | L24: 0.99024961 | M24: 1.2775649 | N24: 1.6004987 | O24: 2.1685539 | P24: 2.7977475 | Q24: 3.574304 | R24: 4.7026258 | S24: 6.1268048 | T24: 7.7510708 | U24: 10.29831 | V24: 13.028476 | W24: 16.644724 | X24: 21.899063 | Y24: 27.704683 | Z24: 35.049421 | AA24: 45.664054 | AB24: 59.493304 | AC24: 77.510708 | AD24: 99.024961 | AE24: 129.01443 | AF24: 163.21721 | AG24: 212.64715 | AH24: 277.04683 | AI24: 364.50386 | AJ24: 465.67734 | AK24: 594.93304
A25: 6 | B25: 3 | C25: 0.1029831 | D25: 0.12901443 | E25: 0.16644724 | F25: 0.21899063 | G25: 0.27977475 | H25: 0.3609498 | I25: 0.45218812 | J25: 0.60670661 | K25: 0.77510708 | L25: 0.99024961 | M25: 1.2775649 | N25: 1.6004987 | O25: 2.1685539 | P25: 2.7977475 | Q25: 3.574304 | R25: 4.7026258 | S25: 6.1268048 | T25: 7.7510708 | U25: 10.29831 | V25: 13.028476 | W25: 16.644724 | X25: 21.899063 | Y25: 27.704683 | Z25: 35.049421 | AA25: 45.664054 | AB25: 59.493304 | AC25: 77.510708 | AD25: 99.024961 | AE25: 129.01443 | AF25: 163.21721 | AG25: 212.64715 | AH25: 277.04683 | AI25: 364.50386 | AJ25: 465.67734 | AK25: 594.93304
A26: 6 | B26: 4 | C26: 0.1029831 | D26: 0.12901443 | E26: 0.16644724 | F26: 0.21899063 | G26: 0.27977475 | H26: 0.3609498 | I26: 0.45218812 | J26: 0.60670661 | K26: 0.77510708 | L26: 0.99024961 | M26: 1.2775649 | N26: 1.6004987 | O26: 2.1685539 | P26: 2.7977475 | Q26: 3.574304 | R26: 4.7026258 | S26: 6.1268048 | T26: 7.7510708 | U26: 10.29831 | V26: 13.028476 | W26: 16.644724 | X26: 21.899063 | Y26: 27.704683 | Z26: 35.049421 | AA26: 45.664054 | AB26: 59.493304 | AC26: 77.510708 | AD26: 99.024961 | AE26: 129.01443 | AF26: 163.21721 | AG26: 212.64715 | AH26: 277.04683 | AI26: 364.50386 | AJ26: 465.67734 | AK26: 594.93304
A27: 7 | B27: 1 | C27: 0.07106809 | D27: 0.1 | E27: 0.14704969 | F27: 0.21152361 | G27: 0.31449059 | H27: 0.45739044 | I27: 0.68004223 | J27: 0.98904331 | K27: 1.4704969 | L27: 2.1386688 | M27: 3.1797454 | N27: 4.6245744 | O27: 6.8757579 | P27: 10 | Q27: 14.543851 | R27: 21.152361 | S27: 31.449059 | T27: 46.758057 | U27: 65.793322 | V27: 101.10781 | W27: 140.71013 | X27: 213.86688
A28: 7 | B28: 2 | C28: 0.14543851 | D28: 0.32505865 | E28: 0.6951928 | F28: 1.5032579 | G28: 3.2149708 | H28: 6.951928 | I28: 14.543851 | J28: 32.149708 | K28: 67.259122 | L28: 148.67872 | M28: 314.49059
A29: 8 | B29: 1
A30: 8 | B30: 2
A31: 8 | B31: 3
A32: 8 | B32: 4
A33: 9 | B33: 1
A34: 9 | B34: 2
A35: 9 | B35: 3
A36: 9 | B36: 4
A37: 11 | B37: 1a | C37: 1 | D37: 10 | E37: 20 | F37: 30 | G37: 40 | H37: 50 | I37: 60 | J37: 70 | K37: 80 | L37: 90 | M37: 100
A38: 11 | B38: 2a | C38: 1 | D38: 10 | E38: 20 | F38: 30 | G38: 40 | H38: 50 | I38: 60 | J38: 70 | K38: 80 | L38: 90 | M38: 100
A39: 11 | B39: 3a | C39: 1 | D39: 10 | E39: 20 | F39: 30 | G39: 40 | H39: 50 | I39: 60 | J39: 70 | K39: 80 | L39: 90 | M39: 100
A40: 11 | B40: 4a | C40: 1 | D40: 10 | E40: 20 | F40: 30 | G40: 40 | H40: 50 | I40: 60 | J40: 70 | K40: 80 | L40: 90 | M40: 100
A41: 11 | B41: 1b
A42: 11 | B42: 2b
A43: 11 | B43: 3b
A44: 11 | B44: 4b
A45: 12 | B45: 1a | C45: 0.010169023 | D45: 0.01470364 | E45: 0.020732486 | F45: 0.031523542 | G45: 0.046351112 | H45: 0.068153008 | I45: 0.099373432 | J45: 0.14611512 | K45: 0.21127144 | L45: 0.31326025 | M45: 0.46448296 | N45: 0.68295947 | O45: 0.9958185 | P45: 1.4398775 | Q45: 2.1529301 | R45: 3.1391726 | S45: 4.7332504 | T45: 6.7867983 | U45: 10.063058 | V45: 14.428974 | W45: 21.394419 | X45: 31.195055 | Y45: 46.643335 | Z45: 68.582726 | AA45: 99.165386
A46: 12 | B46: 2a | C46: 0.010169023 | D46: 0.01470364 | E46: 0.020732486 | F46: 0.031523542 | G46: 0.046351112 | H46: 0.068153008 | I46: 0.099373432 | J46: 0.14611512 | K46: 0.21127144 | L46: 0.31326025 | M46: 0.46448296 | N46: 0.68295947 | O46: 0.9958185 | P46: 1.4398775 | Q46: 2.1529301 | R46: 3.1391726 | S46: 4.7332504 | T46: 6.7867983 | U46: 10.063058 | V46: 14.428974 | W46: 21.394419 | X46: 31.195055 | Y46: 46.643335 | Z46: 68.582726 | AA46: 99.165386
A47: 12 | B47: 3a | C47: 0.010169023 | D47: 0.01470364 | E47: 0.020732486 | F47: 0.031523542 | G47: 0.046351112 | H47: 0.068153008 | I47: 0.099373432 | J47: 0.14611512 | K47: 0.21127144 | L47: 0.31326025 | M47: 0.46448296 | N47: 0.68295947 | O47: 0.9958185 | P47: 1.4398775 | Q47: 2.1529301 | R47: 3.1391726 | S47: 4.7332504 | T47: 6.7867983 | U47: 10.063058 | V47: 14.428974 | W47: 21.394419 | X47: 31.195055 | Y47: 46.643335 | Z47: 68.582726 | AA47: 99.165386
A48: 12 | B48: 4a | C48: 0.010169023 | D48: 0.01470364 | E48: 0.020732486 | F48: 0.031523542 | G48: 0.046351112 | H48: 0.068153008 | I48: 0.099373432 | J48: 0.14611512 | K48: 0.21127144 | L48: 0.31326025 | M48: 0.46448296 | N48: 0.68295947 | O48: 0.9958185 | P48: 1.4398775 | Q48: 2.1529301 | R48: 3.1391726 | S48: 4.7332504 | T48: 6.7867983 | U48: 10.063058 | V48: 14.428974 | W48: 21.394419 | X48: 31.195055 | Y48: 46.643335 | Z48: 68.582726 | AA48: 99.165386
A49: 12 | B49: 5a | C49: 0.010169023 | D49: 0.01470364 | E49: 0.020732486 | F49: 0.031523542 | G49: 0.046351112 | H49: 0.068153008 | I49: 0.099373432 | J49: 0.14611512 | K49: 0.21127144 | L49: 0.31326025 | M49: 0.46448296 | N49: 0.68295947 | O49: 0.9958185 | P49: 1.4398775 | Q49: 2.1529301 | R49: 3.1391726 | S49: 4.7332504 | T49: 6.7867983 | U49: 10.063058 | V49: 14.428974 | W49: 21.394419 | X49: 31.195055 | Y49: 46.643335 | Z49: 68.582726 | AA49: 99.165386
A50: 12 | B50: 1b
A51: 12 | B51: 2b
A52: 12 | B52: 3b
A53: 12 | B53: 4b
A54: 12 | B54: 5b
A55: 13 | B55: 1 | C55: 0.51553026 | D55: 0.57476014 | E55: 0.64736193 | F55: 0.72913454 | G55: 0.81567322 | H55: 0.91248266 | I55: 1.0347543 | J55: 1.165461 | K55: 1.2949535 | L55: 1.4634931 | M55: 1.6539684 | N55: 1.831503 | O55: 2.0769223 | P55: 2.3155421 | Q55: 2.6347613 | R55: 2.9675756 | S55: 3.3424299 | T55: 3.713802 | U55: 4.1404846 | V55: 4.6793731 | W55: 5.3064037 | X55: 5.856048 | Y55: 6.6633593 | Z55: 7.4542124 | AA55: 8.4243884 | AB55: 9.3286505 | AC55: 10.542782 | AD55: 11.754053 | AE55: 13.419995 | AF55: 15.322049 | AG55: 16.851761 | AH55: 18.98042 | AI55: 21.377963 | AJ55: 24.078356 | AK55: 27.119854 | AL55: 30.338624 | AM55: 34.170899 | AN55: 38.487253 | AO55: 43.793083 | AP55: 49.157516 | AQ55: 55.36693 | AR55: 63.645417 | AS55: 68.8201
A56: 13 | B56: 2 | C56: 0.51553026 | D56: 0.57476014 | E56: 0.64736193 | F56: 0.72913454 | G56: 0.81567322 | H56: 0.91248266 | I56: 1.0347543 | J56: 1.165461 | K56: 1.2949535 | L56: 1.4634931 | M56: 1.6539684 | N56: 1.831503 | O56: 2.0769223 | P56: 2.3155421 | Q56: 2.6347613 | R56: 2.9675756 | S56: 3.3424299 | T56: 3.713802 | U56: 4.1404846 | V56: 4.6793731 | W56: 5.3064037 | X56: 5.856048 | Y56: 6.6633593 | Z56: 7.4542124 | AA56: 8.4243884 | AB56: 9.3286505 | AC56: 10.542782 | AD56: 11.754053 | AE56: 13.419995 | AF56: 15.322049 | AG56: 16.851761 | AH56: 18.98042 | AI56: 21.377963 | AJ56: 24.078356 | AK56: 27.119854 | AL56: 30.338624 | AM56: 34.170899 | AN56: 38.487253 | AO56: 43.793083 | AP56: 49.157516 | AQ56: 55.36693 | AR56: 63.645417 | AS56: 68.8201
A57: 13 | B57: 3 | C57: 0.51553026 | D57: 0.57476014 | E57: 0.64736193 | F57: 0.72913454 | G57: 0.81567322 | H57: 0.91248266 | I57: 1.0347543 | J57: 1.165461 | K57: 1.2949535 | L57: 1.4634931 | M57: 1.6539684 | N57: 1.831503 | O57: 2.0769223 | P57: 2.3155421 | Q57: 2.6347613 | R57: 2.9675756 | S57: 3.3424299 | T57: 3.713802 | U57: 4.1404846 | V57: 4.6793731 | W57: 5.3064037 | X57: 5.856048 | Y57: 6.6633593 | Z57: 7.4542124 | AA57: 8.4243884 | AB57: 9.3286505 | AC57: 10.542782 | AD57: 11.754053 | AE57: 13.419995 | AF57: 15.322049 | AG57: 16.851761 | AH57: 18.98042 | AI57: 21.377963 | AJ57: 24.078356 | AK57: 27.119854 | AL57: 30.338624 | AM57: 34.170899 | AN57: 38.487253 | AO57: 43.793083 | AP57: 49.157516 | AQ57: 55.36693 | AR57: 63.645417 | AS57: 68.8201
A58: 13 | B58: 4 | C58: 0.51553026 | D58: 0.57476014 | E58: 0.64736193 | F58: 0.72913454 | G58: 0.81567322 | H58: 0.91248266 | I58: 1.0347543 | J58: 1.165461 | K58: 1.2949535 | L58: 1.4634931 | M58: 1.6539684 | N58: 1.831503 | O58: 2.0769223 | P58: 2.3155421 | Q58: 2.6347613 | R58: 2.9675756 | S58: 3.3424299 | T58: 3.713802 | U58: 4.1404846 | V58: 4.6793731 | W58: 5.3064037 | X58: 5.856048 | Y58: 6.6633593 | Z58: 7.4542124 | AA58: 8.4243884 | AB58: 9.3286505 | AC58: 10.542782 | AD58: 11.754053 | AE58: 13.419995 | AF58: 15.322049 | AG58: 16.851761 | AH58: 18.98042 | AI58: 21.377963 | AJ58: 24.078356 | AK58: 27.119854 | AL58: 30.338624 | AM58: 34.170899 | AN58: 38.487253 | AO58: 43.793083 | AP58: 49.157516 | AQ58: 55.36693 | AR58: 63.645417 | AS58: 68.8201
A59: 13 | B59: 5 | C59: 0.51553026 | D59: 0.57476014 | E59: 0.64736193 | F59: 0.72913454 | G59: 0.81567322 | H59: 0.91248266 | I59: 1.0347543 | J59: 1.165461 | K59: 1.2949535 | L59: 1.4634931 | M59: 1.6539684 | N59: 1.831503 | O59: 2.0769223 | P59: 2.3155421 | Q59: 2.6347613 | R59: 2.9675756 | S59: 3.3424299 | T59: 3.713802 | U59: 4.1404846 | V59: 4.6793731 | W59: 5.3064037 | X59: 5.856048 | Y59: 6.6633593 | Z59: 7.4542124 | AA59: 8.4243884 | AB59: 9.3286505 | AC59: 10.542782 | AD59: 11.754053 | AE59: 13.419995 | AF59: 15.322049 | AG59: 16.851761 | AH59: 18.98042 | AI59: 21.377963 | AJ59: 24.078356 | AK59: 27.119854 | AL59: 30.338624 | AM59: 34.170899 | AN59: 38.487253 | AO59: 43.793083 | AP59: 49.157516 | AQ59: 55.36693 | AR59: 63.645417 | AS59: 68.8201
A60: 13 | B60: 6 | C60: 0.51553026 | D60: 0.57476014 | E60: 0.64736193 | F60: 0.72913454 | G60: 0.81567322 | H60: 0.91248266 | I60: 1.0347543 | J60: 1.165461 | K60: 1.2949535 | L60: 1.4634931 | M60: 1.6539684 | N60: 1.831503 | O60: 2.0769223 | P60: 2.3155421 | Q60: 2.6347613 | R60: 2.9675756 | S60: 3.3424299 | T60: 3.713802 | U60: 4.1404846 | V60: 4.6793731 | W60: 5.3064037 | X60: 5.856048 | Y60: 6.6633593 | Z60: 7.4542124 | AA60: 8.4243884 | AB60: 9.3286505 | AC60: 10.542782 | AD60: 11.754053 | AE60: 13.419995 | AF60: 15.322049 | AG60: 16.851761 | AH60: 18.98042 | AI60: 21.377963 | AJ60: 24.078356 | AK60: 27.119854 | AL60: 30.338624 | AM60: 34.170899 | AN60: 38.487253 | AO60: 43.793083 | AP60: 49.157516 | AQ60: 55.36693 | AR60: 63.645417 | AS60: 68.8201
A61: 13 | B61: 7 | C61: 0.51553026 | D61: 0.57476014 | E61: 0.64736193 | F61: 0.72913454 | G61: 0.81567322 | H61: 0.91248266 | I61: 1.0347543 | J61: 1.165461 | K61: 1.2949535 | L61: 1.4634931 | M61: 1.6539684 | N61: 1.831503 | O61: 2.0769223 | P61: 2.3155421 | Q61: 2.6347613 | R61: 2.9675756 | S61: 3.3424299 | T61: 3.713802 | U61: 4.1404846 | V61: 4.6793731 | W61: 5.3064037 | X61: 5.856048 | Y61: 6.6633593 | Z61: 7.4542124 | AA61: 8.4243884 | AB61: 9.3286505 | AC61: 10.542782 | AD61: 11.754053 | AE61: 13.419995 | AF61: 15.322049 | AG61: 16.851761 | AH61: 18.98042 | AI61: 21.377963 | AJ61: 24.078356 | AK61: 27.119854 | AL61: 30.338624 | AM61: 34.170899 | AN61: 38.487253 | AO61: 43.793083 | AP61: 49.157516 | AQ61: 55.36693 | AR61: 63.645417 | AS61: 68.8201
A62: 13 | B62: 8 | C62: 0.51553026 | D62: 0.57476014 | E62: 0.64736193 | F62: 0.72913454 | G62: 0.81567322 | H62: 0.91248266 | I62: 1.0347543 | J62: 1.165461 | K62: 1.2949535 | L62: 1.4634931 | M62: 1.6539684 | N62: 1.831503 | O62: 2.0769223 | P62: 2.3155421 | Q62: 2.6347613 | R62: 2.9675756 | S62: 3.3424299 | T62: 3.713802 | U62: 4.1404846 | V62: 4.6793731 | W62: 5.3064037 | X62: 5.856048 | Y62: 6.6633593 | Z62: 7.4542124 | AA62: 8.4243884 | AB62: 9.3286505 | AC62: 10.542782 | AD62: 11.754053 | AE62: 13.419995 | AF62: 15.322049 | AG62: 16.851761 | AH62: 18.98042 | AI62: 21.377963 | AJ62: 24.078356 | AK62: 27.119854 | AL62: 30.338624 | AM62: 34.170899 | AN62: 38.487253 | AO62: 43.793083 | AP62: 49.157516 | AQ62: 55.36693 | AR62: 63.645417 | AS62: 68.8201
A63: 14 | B63: 1 | C63: 1.4660178 | D63: 2.4237832 | E63: 3.7941453 | F63: 5.9392845 | G63: 9.3994282 | H63: 14.71369 | I63: 24.061861 | J63: 38.079931 | K63: 60.927059 | L63: 95.374087 | M63: 150.93756 | N63: 236.27506 | O63: 357.92942
A64: 14 | B64: 2 | C64: 1.4660178 | D64: 2.4237832 | E64: 3.7941453 | F64: 5.9392845 | G64: 9.3994282 | H64: 14.71369 | I64: 24.061861 | J64: 38.079931 | K64: 60.927059 | L64: 95.374087 | M64: 150.93756 | N64: 236.27506 | O64: 357.92942
A65: 14 | B65: 3 | C65: 1.4660178 | D65: 2.4237832 | E65: 3.7941453 | F65: 5.9392845 | G65: 9.3994282 | H65: 14.71369 | I65: 24.061861 | J65: 38.079931 | K65: 60.927059 | L65: 95.374087 | M65: 150.93756 | N65: 236.27506 | O65: 357.92942
A66: 14 | B66: 4 | C66: 1.4660178 | D66: 2.4237832 | E66: 3.7941453 | F66: 5.9392845 | G66: 9.3994282 | H66: 14.71369 | I66: 24.061861 | J66: 38.079931 | K66: 60.927059 | L66: 95.374087 | M66: 150.93756 | N66: 236.27506 | O66: 357.92942
A67: 14 | B67: 5 | C67: 1.4660178 | D67: 2.4237832 | E67: 3.7941453 | F67: 5.9392845 | G67: 9.3994282 | H67: 14.71369 | I67: 24.061861 | J67: 38.079931 | K67: 60.927059 | L67: 95.374087 | M67: 150.93756 | N67: 236.27506 | O67: 357.92942
A68: 14 | B68: 6 | C68: 1.4660178 | D68: 2.4237832 | E68: 3.7941453 | F68: 5.9392845 | G68: 9.3994282 | H68: 14.71369 | I68: 24.061861 | J68: 38.079931 | K68: 60.927059 | L68: 95.374087 | M68: 150.93756 | N68: 236.27506 | O68: 357.92942
A69: 14 | B69: 7 | C69: 1.4660178 | D69: 2.4237832 | E69: 3.7941453 | F69: 5.9392845 | G69: 9.3994282 | H69: 14.71369 | I69: 24.061861 | J69: 38.079931 | K69: 60.927059 | L69: 95.374087 | M69: 150.93756 | N69: 236.27506 | O69: 357.92942
A70: 14 | B70: 8 | C70: 1.4660178 | D70: 2.4237832 | E70: 3.7941453 | F70: 5.9392845 | G70: 9.3994282 | H70: 14.71369 | I70: 24.061861 | J70: 38.079931 | K70: 60.927059 | L70: 95.374087 | M70: 150.93756 | N70: 236.27506 | O70: 357.92942
A71: 14 | B71: 9 | C71: 1.4660178 | D71: 2.4237832 | E71: 3.7941453 | F71: 5.9392845 | G71: 9.3994282 | H71: 14.71369 | I71: 24.061861 | J71: 38.079931 | K71: 60.927059 | L71: 95.374087 | M71: 150.93756 | N71: 236.27506 | O71: 357.92942
A72: 14 | B72: 10 | C72: 1.4660178 | D72: 2.4237832 | E72: 3.7941453 | F72: 5.9392845 | G72: 9.3994282 | H72: 14.71369 | I72: 24.061861 | J72: 38.079931 | K72: 60.927059 | L72: 95.374087 | M72: 150.93756 | N72: 236.27506 | O72: 357.92942
A73: 15 | B73: 1 | C73: 1.4797716 | D73: 2.3352422 | E73: 3.7505048 | F73: 5.7818398 | G73: 9.340369 | H73: 14.913571 | I73: 22.856935 | J73: 38.920445 | K73: 62.874678 | L73: 88.786922 | M73: 140.11552 | N73: 234.43655 | O73: 376.51589
A74: 15 | B74: 2 | C74: 1.4797716 | D74: 2.3352422 | E74: 3.7505048 | F74: 5.7818398 | G74: 9.340369 | H74: 14.913571 | I74: 22.856935 | J74: 38.920445 | K74: 62.874678 | L74: 88.786922 | M74: 140.11552 | N74: 234.43655 | O74: 376.51589
... A78: 15 | B78: 6 | C78: 1.4797716 | D78: 2.3352422 | E78: 3.7505048 | F78: 5.7818398 | G78: 9.340369 | H78: 14.913571 | I78: 22.856935 | J78: 38.920445 | K78: 62.874678 | L78: 88.786922 | M78: 140.11552 | N78: 234.43655 | O78: 376.51589
A79: 16 | B79: 1
A80: 16 | B80: 2
A81: 16 | B81: 3
A82: 17 | B82: 1 | C82: 0.16 | D82: 0.25 | E82: 0.41 | F82: 0.66 | G82: 1.02 | H82: 1.6 | I82: 2.52 | J82: 3.97 | K82: 6.4 | L82: 10 | M82: 16
A83: 17 | B83: 2 | C83: 0.16 | D83: 0.25 | E83: 0.41 | F83: 0.66 | G83: 1.02 | H83: 1.6 | I83: 2.53 | J83: 3.97 | K83: 6.4 | L83: 10 | M83: 16
A84: 17 | B84: 3 | C84: 0.16 | D84: 0.25 | E84: 0.41 | F84: 0.66 | G84: 1.02 | H84: 1.6 | I84: 2.54 | J84: 3.97 | K84: 6.4 | L84: 10 | M84: 16
A85: 17 | B85: 4 | C85: 0.16 | D85: 0.25 | E85: 0.41 | F85: 0.66 | G85: 1.02 | H85: 1.6 | I85: 2.55 | J85: 3.97 | K85: 6.4 | L85: 10 | M85: 16
A86: 18 | B86: 1 | C86: 0.19 | D86: 0.29 | E86: 0.41 | F86: 0.6 | G86: 0.83 | H86: 1.21 | I86: 1.82 | J86: 2.49 | K86: 3.57 | L86: 5.11 | M86: 7.5 | N86: 10.49 | O86: 15.77 | P86: 22.6 | Q86: 31.62 | R86: 46.42 | S86: 68.13 | T86: 100 | U86: 143.3 | V86: 205.35
A87: 18 | B87: 2 | C87: 1.24 | D87: 1.78 | E87: 2.49 | F87: 3.48 | G87: 4.87 | H87: 6.49 | I87: 9.53 | J87: 13.02 | K87: 17.78 | L87: 26.1 | M87: 35.65 | N87: 51.09 | O87: 69.78 | P87: 100 | Q87: 133.35 | R87: 191.1 | S87: 273.84
A88: 19 | B88: 1
A89: 19 | B89: 2
A90: 19 | B90: 3
A91: 19 | B91: 4
A92: 19 | B92: 5
A93: 20 | B93: 1a | C93: 0.1 | D93: 0.2455604 | E93: 0.61781863 | F93: 1.5544047 | G93: 3.9108143 | H93: 9.839438 | I93: 25.057939 | J93: 98.793231
A94: 20 | B94: 2a | C94: 0.1 | D94: 0.15670367 | E94: 0.99193893 | F94: 2.4655604 | G94: 6.2790032 | H94: 15.797698 | I94: 61.532375 | J94: 96.423582
A95: 20 | B95: 3a | C95: 0.097601215 | D95: 0.31304479 | E95: 0.74122016 | F95: 3.1431406 | G95: 7.4422622 | H95: 23.297592 | I95: 41.220537 | J95: 97.6012
A96: 20 | B96: 4a | C96: 0.1 | D96: 0.15670367 | E96: 0.99193893 | F96: 2.4655604 | G96: 6.2790032 | H96: 15.797698 | I96: 61.532375 | J96: 96.423582
A97: 20 | B97: 1b | C97: 0.09727 | D97: 0.12937527 | E97: 0.17365233 | F97: 0.23094866 | G97: 0.30714982 | H97: 0.40849345 | I97: 0.54829555 | J97: 0.72920485 | K97: 0.97876668 | L97: 1.3137381 | M97: 1.7153573 | N97: 2.3024153 | O97: 3.09039 | P97: 4.1100595 | Q97: 5.4661745 | R97: 7.3368994 | S97: 9.7577108 | T97: 12.858431 | U97: 17.418566 | V97: 23.165796 | W97: 31.094018 | X97: 40.974855 | Y97: 54.99795 | Z97: 73.144535 | AA97: 97.278342
A98: 20 | B98: 2b | C98: 0.097278342 | D98: 0.15267059 | E98: 0.24630781 | F98: 0.38656021 | G98: 0.60667501 | H98: 0.96980491 | I98: 1.5360952 | J98: 2.4330548 | K98: 3.8184829 | L98: 6.1604749 | M98: 9.6683674 | N98: 15.455432 | O98: 24.480197 | P98: 38.774768 | Q98: 60.853787 | R98: 99.084507
A99: 20 | B99: 3b | C99: 0.096387644 | D99: 0.12937527 | E99: 0.17048701 | F99: 0.23308266 | G99: 0.31285247 | H99: 0.41226825 | I99: 0.5432756 | J99: 0.74274398 | K99: 1.2546869 | L99: 1.6996511 | M99: 2.2813368 | N99: 3.0340605 | O99: 4.0724322 | P99: 5.3665342 | Q99: 7.4046982 | R99: 9.6683674 | S99: 12.858431 | T99: 17.259078 | U99: 22.743517 | V99: 30.809316 | W99: 40.974855 | X99: 54.494379 | Y99: 72.474718 | Z99: 98.177271
A100: 20 | B100: 4b | C100: 0.097841181 | D100: 0.15335214 | E100: 0.244178 | F100: 0.37672696 | G100: 0.60459856 | H100: 1.53285 | I100: 2.4600281 | J100: 3.8862633 | K100: 6.1879762 | L100: 9.5470474 | M100: 15.565309 | N100: 24.589511 | O100: 38.540587 | P100: 60.885023 | Q100: 97.712732
A101: 20 | B101: 1c | C101: 0.10177519 | D101: 0.13517798 | E101: 0.23847044 | F101: 0.31673684 | G101: 0.55876205 | H101: 1.0013906 | I101: 1.3196037 | J101: 1.7665739 | K101: 3.1659817 | L101: 5.629382 | M101: 9.8529222 | N101: 17.381756 | O101: 23.269241 | P101: 31.150874 | Q101: 41.049779 | R101: 73.567646 | S101: 97.712732
A102: 20 | B102: 2c | C102: 0.10177519 | D102: 0.15702257 | E102: 0.25200098 | F102: 0.63388586 | G102: 1.5819615 | H102: 3.9480328 | I102: 9.8529222 | J102: 24.589511 | K102: 60.885023 | L102: 99.265685
A103: 20 | B103: 3c | C103: 0.10177519 | D103: 0.17813366 | E103: 0.31673684 | F103: 0.73053868 | G103: 1.3196037 | H103: 3.1659817 | I103: 5.497801 | J103: 9.775553 | K103: 17.519347 | L103: 41.37467 | M103: 100.05133
...

Sheet Ang_freq_converted(rad.s-1)
A1: Study_id | B1: Instance
A2: 1 | B2: 1 | C2: 1 | D2: 1.2656305 | E2: 1.579777 | F2: 1.9994139 | G2: 2.4956954 | H2: 3.1368191 | I2: 3.9426422 | J2: 5.0595552 | K2: 6.2284954 | L2: 7.8285448 | M2: 10.046297 | N2: 12.45334 | O2: 15.652501 | P2: 19.810283 | Q2: 25.072497 | R2: 31.732516 | S2: 40.16164 | T2: 50.1303 | U2: 63.887552 | V2: 78.104856 | W2: 99.539162 | X2: 124.24612 | Y2: 157.24968 | Z2: 199.01999 | AA2: 250.14659 | AB2: 316.59314 | AC2: 395.17583 | AD2: 496.69326
A3: 1 | B3: 2 | C3: 1 | D3: 1.2656305 | E3: 1.579777 | F3: 1.9994139 | G3: 2.4956954 | H3: 3.1368191 | I3: 3.9426422 | J3: 5.0595552 | K3: 6.2284954 | L3: 7.8285448 | M3: 10.046297 | N3: 12.45334 | O3: 15.652501 | P3: 19.810283 | Q3: 25.072497 | R3: 31.732516 | S3: 40.16164 | T3: 50.1303 | U3: 63.887552 | V3: 78.104856 | W3: 99.539162 | X3: 124.24612 | Y3: 157.24968 | Z3: 199.01999 | AA3: 250.14659 | AB3: 316.59314 | AC3: 395.17583 | AD3: 496.69326
A4: 1 | B4: 3 | C4: 1 | D4: 1.2656305 | E4: 1.579777 | F4: 1.9994139 | G4: 2.4956954 | H4: 3.1368191 | I4: 3.9426422 | J4: 5.0595552 | K4: 6.2284954 | L4: 7.8285448 | M4: 10.046297 | N4: 12.45334 | O4: 15.652501 | P4: 19.810283 | Q4: 25.072497 | R4: 31.732516 | S4: 40.16164 | T4: 50.1303 | U4: 63.887552 | V4: 78.104856 | W4: 99.539162 | X4: 124.24612 | Y4: 157.24968 | Z4: 199.01999 | AA4: 250.14659 | AB4: 316.59314 | AC4: 395.17583 | AD4: 496.69326
A5: 1 | B5: 4 | C5: 1 | D5: 1.2656305 | E5: 1.579777 | F5: 1.9994139 | G5: 2.4956954 | H5: 3.1368191 | I5: 3.9426422 | J5: 5.0595552 | K5: 6.2284954 | L5: 7.8285448 | M5: 10.046297 | N5: 12.45334 | O5: 15.652501 | P5: 19.810283 | Q5: 25.072497 | R5: 31.732516 | S5: 40.16164 | T5: 50.1303 | U5: 63.887552 | V5: 78.104856 | W5: 99.539162 | X5: 124.24612 | Y5: 157.24968 | Z5: 199.01999 | AA5: 250.14659 | AB5: 316.59314 | AC5: 395.17583 | AD5: 496.69326
A6: 1 | B6: 5 | C6: 1 | D6: 1.2656305 | E6: 1.579777 | F6: 1.9994139 | G6: 2.4956954 | H6: 3.1368191 | I6: 3.9426422 | J6: 5.0595552 | K6: 6.2284954 | L6: 7.8285448 | M6: 10.046297 | N6: 12.45334 | O6: 15.652501 | P6: 19.810283 | Q6: 25.072497 | R6: 31.732516 | S6: 40.16164 | T6: 50.1303 | U6: 63.887552 | V6: 78.104856 | W6: 99.539162 | X6: 124.24612 | Y6: 157.24968 | Z6: 199.01999 | AA6: 250.14659 | AB6: 316.59314 | AC6: 395.17583 | AD6: 496.69326
A7: 2 | B7: 1 | C7: 0.99574896 | D7: 1.5977737 | E7: 2.5097472 | F7: 3.975987 | G7: 6.3257217 | H7: 9.9787222 | I7: 15.808473 | J7: 24.937606 | K7: 39.506609 | L7: 62.587087 | M7: 100
A8: 2 | B8: 2 | C8: 0.99574896 | D8: 1.5977737 | E8: 2.5097472 | F8: 3.975987 | G8: 6.3257217 | H8: 9.9787222 | I8: 15.808473 | J8: 24.937606 | K8: 39.506609 | L8: 62.587087 | M8: 100
A9: 2 | B9: 3 | C9: 0.99574896 | D9: 1.5977737 | E9: 2.5097472 | F9: 3.975987 | G9: 6.3257217 | H9: 9.9787222 | I9: 15.808473 | J9: 24.937606 | K9: 39.506609 | L9: 62.587087 | M9: 100
A10: 3 | B10: 1 | C10: 0.10346139 | D10: 0.15043189 | E10: 0.22122163 | F10: 0.32532338 | G10: 0.46240725 | H10: 0.71968567 | I10: 1 | J10: 1.5043189 | K10: 2.2374518 | L10: 3.2532338 | M10: 4.6768209 | N10: 7.0354299 | O10: 10.346139 | P10: 15.214792 | Q10: 22.122163 | R10: 32.532338 | S10: 47.301711 | T10: 68.776239 | U10: 102.29448 | V10: 148.73521 | W10: 218.72654 | X10: 329.03446 | Y10: 473.01711
A11: 3 | B11: 2 | C11: 0.10346139 | D11: 0.15043189 | E11: 0.22122163 | F11: 0.32532338 | G11: 0.46240725 | H11: 0.71968567 | I11: 1 | J11: 1.5043189 | K11: 2.2374518 | L11: 3.2532338 | M11: 4.6768209 | N11: 7.0354299 | O11: 10.346139 | P11: 15.214792 | Q11: 22.122163 | R11: 32.532338 | S11: 47.301711 | T11: 68.776239 | U11: 102.29448 | V11: 148.73521 | W11: 218.72654 | X11: 329.03446 | Y11: 473.01711
A12: 3 | B12: 3 | C12: 0.10346139 | D12: 0.15043189 | E12: 0.22122163 | F12: 0.32532338 | G12: 0.46240725 | H12: 0.71968567 | I12: 1 | J12: 1.5043189 | K12: 2.2374518 | L12: 3.2532338 | M12: 4.6768209 | N12: 7.0354299 | O12: 10.346139 | P12: 15.214792 | Q12: 22.122163 | R12: 32.532338 | S12: 47.301711 | T12: 68.776239 | U12: 102.29448 | V12: 148.73521 | W12: 218.72654 | X12: 329.03446 | Y12: 473.01711
A13: 3 | B13: 4 | C13: 0.10346139 | D13: 0.15043189 | E13: 0.22122163 | F13: 0.32532338 | G13: 0.46240725 | H13: 0.71968567 | I13: 1 | J13: 1.5043189 | K13: 2.2374518 | L13: 3.2532338 | M13: 4.6768209 | N13: 7.0354299 | O13: 10.346139 | P13: 15.214792 | Q13: 22.122163 | R13: 32.532338 | S13: 47.301711 | T13: 68.776239 | U13: 102.29448 | V13: 148.73521 | W13: 218.72654 | X13: 329.03446 | Y13: 473.01711
A14: 4 | B14: 1 | C14: =6.283185*Angular_frequency!C14 -> 0.061572762 | D14: =6.283185*Angular_frequency!D14 -> 0.12254335 | E14: =6.283185*Angular_frequency!E14 -> 0.18370201 | F14: =6.283185*Angular_frequency!F14 -> 0.24636922 | G14: =6.283185*Angular_frequency!G14 -> 0.36932662 | H14: =6.283185*Angular_frequency!H14 -> 0.63150624 | I14: =6.283185*Angular_frequency!I14 -> 0.98578962 | J14: =6.283185*Angular_frequency!J14 -> 1.5702979 | ... W14: =6.283185*Angular_frequency!W14 -> 621.9912
A15: 4 | B15: 2 | C15: =6.283185*Angular_frequency!C15 -> 0.061572762 | D15: =6.283185*Angular_frequency!D15 -> 0.12254335 | E15: =6.283185*Angular_frequency!E15 -> 0.18370201 | F15: =6.283185*Angular_frequency!F15 -> 0.24636922 | G15: =6.283185*Angular_frequency!G15 -> 0.36932662 | H15: =6.283185*Angular_frequency!H15 -> 0.63150624 | I15: =6.283185*Angular_frequency!I15 -> 0.98578962 | J15: =6.283185*Angular_frequency!J15 -> 1.5702979 | ... W15: =6.283185*Angular_frequency!W15 -> 621.9912
A16: 4 | B16: 3 | C16: =6.283185*Angular_frequency!C16 -> 0.061572762 | D16: =6.283185*Angular_frequency!D16 -> 0.12254335 | E16: =6.283185*Angular_frequency!E16 -> 0.18370201 | F16: =6.283185*Angular_frequency!F16 -> 0.24636922 | G16: =6.283185*Angular_frequency!G16 -> 0.36932662 | H16: =6.283185*Angular_frequency!H16 -> 0.63150624 | I16: =6.283185*Angular_frequency!I16 -> 0.98578962 | J16: =6.283185*Angular_frequency!J16 -> 1.5702979 | ... W16: =6.283185*Angular_frequency!W16 -> 621.9912
A17: 5 | B17: 1 | C17: 0.1 | D17: 0.12017735 | E17: 0.14442595 | F17: 0.17224313 | G17: 0.2134363 | H17: 0.24876378 | I17: 0.29895771 | J17: 0.36762937 | K17: 0.44180723 | L17: 0.53503399 | M17: 0.63808429 | N17: 0.76098259 | O17: 0.92155929 | P17: 1.1160196 | Q17: 1.3515135 | R17: 1.6242131 | S17: 1.9669421 | T17: 2.3638188 | U17: 2.7975955 | V17: 3.4402133 | W17: 4.0404539 | X17: 4.9685607 | Y17: 5.925531 | Z17: 7.175891 | AA17: 8.5580044 | AB17: 10.363849 | AC17: 12.647234 | AD17: 15.199111 | AE17: 18.265888 | AF17: 22.120216 | AG17: 26.787854 | AH17: 31.947332 | AI17: 38.688612 | AJ17: 46.852385 | AK17: 56.305954 | AL17: 68.711404 | AM17: 80.084353 | AN17: 97.728712 | AO17: 115.66259 | AP17: 143.32412 | AQ17: 170.92908 | AR17: 206.99722 | AS17: 276.91746
A18: 5 | B18: 2 | C18: 0.1 | D18: 0.12017735 | E18: 0.14442595 | F18: 0.17224313 | G18: 0.2134363 | H18: 0.24876378 | I18: 0.29895771 | J18: 0.36762937 | K18: 0.44180723 | L18: 0.53503399 | M18: 0.63808429 | N18: 0.76098259 | O18: 0.92155929 | P18: 1.1160196 | Q18: 1.3515135 | R18: 1.6242131 | S18: 1.9669421 | T18: 2.3638188 | U18: 2.7975955 | V18: 3.4402133 | W18: 4.0404539 | X18: 4.9685607 | Y18: 5.925531 | Z18: 7.175891 | AA18: 8.5580044 | AB18: 10.363849 | AC18: 12.647234 | AD18: 15.199111 | AE18: 18.265888 | AF18: 22.120216 | AG18: 26.787854 | AH18: 31.947332 | AI18: 38.688612 | AJ18: 46.852385 | AK18: 56.305954 | AL18: 68.711404 | AM18: 80.084353 | AN18: 97.728712 | AO18: 115.66259 | AP18: 143.32412 | AQ18: 170.92908 | AR18: 206.99722 | AS18: 276.91746
A19: 5 | B19: 3 | C19: 0.1 | D19: 0.12017735 | E19: 0.14442595 | F19: 0.17224313 | G19: 0.2134363 | H19: 0.24876378 | I19: 0.29895771 | J19: 0.36762937 | K19: 0.44180723 | L19: 0.53503399 | M19: 0.63808429 | N19: 0.76098259 | O19: 0.92155929 | P19: 1.1160196 | Q19: 1.3515135 | R19: 1.6242131 | S19: 1.9669421 | T19: 2.3638188 | U19: 2.7975955 | V19: 3.4402133 | W19: 4.0404539 | X19: 4.9685607 | Y19: 5.925531 | Z19: 7.175891 | AA19: 8.5580044 | AB19: 10.363849 | AC19: 12.647234 | AD19: 15.199111 | AE19: 18.265888 | AF19: 22.120216 | AG19: 26.787854 | AH19: 31.947332 | AI19: 38.688612 | AJ19: 46.852385 | AK19: 56.305954 | AL19: 68.711404 | AM19: 80.084353 | AN19: 97.728712 | AO19: 115.66259 | AP19: 143.32412 | AQ19: 170.92908 | AR19: 206.99722 | AS19: 276.91746
A20: 5 | B20: 4 | C20: 0.1 | D20: 0.12017735 | E20: 0.14442595 | F20: 0.17224313 | G20: 0.2134363 | H20: 0.24876378 | I20: 0.29895771 | J20: 0.36762937 | K20: 0.44180723 | L20: 0.53503399 | M20: 0.63808429 | N20: 0.76098259 | O20: 0.92155929 | P20: 1.1160196 | Q20: 1.3515135 | R20: 1.6242131 | S20: 1.9669421 | T20: 2.3638188 | U20: 2.7975955 | V20: 3.4402133 | W20: 4.0404539 | X20: 4.9685607 | Y20: 5.925531 | Z20: 7.175891 | AA20: 8.5580044 | AB20: 10.363849 | AC20: 12.647234 | AD20: 15.199111 | AE20: 18.265888 | AF20: 22.120216 | AG20: 26.787854 | AH20: 31.947332 | AI20: 38.688612 | AJ20: 46.852385 | AK20: 56.305954 | AL20: 68.711404 | AM20: 80.084353 | AN20: 97.728712 | AO20: 115.66259 | AP20: 143.32412 | AQ20: 170.92908 | AR20: 206.99722 | AS20: 276.91746
A21: 5 | B21: 5 | C21: 0.1 | D21: 0.12017735 | E21: 0.14442595 | F21: 0.17224313 | G21: 0.2134363 | H21: 0.24876378 | I21: 0.29895771 | J21: 0.36762937 | K21: 0.44180723 | L21: 0.53503399 | M21: 0.63808429 | N21: 0.76098259 | O21: 0.92155929 | P21: 1.1160196 | Q21: 1.3515135 | R21: 1.6242131 | S21: 1.9669421 | T21: 2.3638188 | U21: 2.7975955 | V21: 3.4402133 | W21: 4.0404539 | X21: 4.9685607 | Y21: 5.925531 | Z21: 7.175891 | AA21: 8.5580044 | AB21: 10.363849 | AC21: 12.647234 | AD21: 15.199111 | AE21: 18.265888 | AF21: 22.120216 | AG21: 26.787854 | AH21: 31.947332 | AI21: 38.688612 | AJ21: 46.852385 | AK21: 56.305954 | AL21: 68.711404 | AM21: 80.084353 | AN21: 97.728712 | AO21: 115.66259 | AP21: 143.32412 | AQ21: 170.92908 | AR21: 206.99722 | AS21: 276.91746
A22: 5 | B22: 6 | C22: 0.1 | D22: 0.12017735 | E22: 0.14442595 | F22: 0.17224313 | G22: 0.2134363 | H22: 0.24876378 | I22: 0.29895771 | J22: 0.36762937 | K22: 0.44180723 | L22: 0.53503399 | M22: 0.63808429 | N22: 0.76098259 | O22: 0.92155929 | P22: 1.1160196 | Q22: 1.3515135 | R22: 1.6242131 | S22: 1.9669421 | T22: 2.3638188 | U22: 2.7975955 | V22: 3.4402133 | W22: 4.0404539 | X22: 4.9685607 | Y22: 5.925531 | Z22: 7.175891 | AA22: 8.5580044 | AB22: 10.363849 | AC22: 12.647234 | AD22: 15.199111 | AE22: 18.265888 | AF22: 22.120216 | AG22: 26.787854 | AH22: 31.947332 | AI22: 38.688612 | AJ22: 46.852385 | AK22: 56.305954 | AL22: 68.711404 | AM22: 80.084353 | AN22: 97.728712 | AO22: 115.66259 | AP22: 143.32412 | AQ22: 170.92908 | AR22: 206.99722 | AS22: 276.91746
A23: 6 | B23: 1 | C23: 0.1029831 | D23: 0.12901443 | E23: 0.16644724 | F23: 0.21899063 | G23: 0.27977475 | H23: 0.3609498 | I23: 0.45218812 | J23: 0.60670661 | K23: 0.77510708 | L23: 0.99024961 | M23: 1.2775649 | N23: 1.6004987 | O23: 2.1685539 | P23: 2.7977475 | Q23: 3.574304 | R23: 4.7026258 | S23: 6.1268048 | T23: 7.7510708 | U23: 10.29831 | V23: 13.028476 | W23: 16.644724 | X23: 21.899063 | Y23: 27.704683 | Z23: 35.049421 | AA23: 45.664054 | AB23: 59.493304 | AC23: 77.510708 | AD23: 99.024961 | AE23: 129.01443 | AF23: 163.21721 | AG23: 212.64715 | AH23: 277.04683 | AI23: 364.50386 | AJ23: 465.67734 | AK23: 594.93304
A24: 6 | B24: 2 | C24: 0.1029831 | D24: 0.12901443 | E24: 0.16644724 | F24: 0.21899063 | G24: 0.27977475 | H24: 0.3609498 | I24: 0.45218812 | J24: 0.60670661 | K24: 0.77510708 | L24: 0.99024961 | M24: 1.2775649 | N24: 1.6004987 | O24: 2.1685539 | P24: 2.7977475 | Q24: 3.574304 | R24: 4.7026258 | S24: 6.1268048 | T24: 7.7510708 | U24: 10.29831 | V24: 13.028476 | W24: 16.644724 | X24: 21.899063 | Y24: 27.704683 | Z24: 35.049421 | AA24: 45.664054 | AB24: 59.493304 | AC24: 77.510708 | AD24: 99.024961 | AE24: 129.01443 | AF24: 163.21721 | AG24: 212.64715 | AH24: 277.04683 | AI24: 364.50386 | AJ24: 465.67734 | AK24: 594.93304
A25: 6 | B25: 3 | C25: 0.1029831 | D25: 0.12901443 | E25: 0.16644724 | F25: 0.21899063 | G25: 0.27977475 | H25: 0.3609498 | I25: 0.45218812 | J25: 0.60670661 | K25: 0.77510708 | L25: 0.99024961 | M25: 1.2775649 | N25: 1.6004987 | O25: 2.1685539 | P25: 2.7977475 | Q25: 3.574304 | R25: 4.7026258 | S25: 6.1268048 | T25: 7.7510708 | U25: 10.29831 | V25: 13.028476 | W25: 16.644724 | X25: 21.899063 | Y25: 27.704683 | Z25: 35.049421 | AA25: 45.664054 | AB25: 59.493304 | AC25: 77.510708 | AD25: 99.024961 | AE25: 129.01443 | AF25: 163.21721 | AG25: 212.64715 | AH25: 277.04683 | AI25: 364.50386 | AJ25: 465.67734 | AK25: 594.93304
A26: 6 | B26: 4 | C26: 0.1029831 | D26: 0.12901443 | E26: 0.16644724 | F26: 0.21899063 | G26: 0.27977475 | H26: 0.3609498 | I26: 0.45218812 | J26: 0.60670661 | K26: 0.77510708 | L26: 0.99024961 | M26: 1.2775649 | N26: 1.6004987 | O26: 2.1685539 | P26: 2.7977475 | Q26: 3.574304 | R26: 4.7026258 | S26: 6.1268048 | T26: 7.7510708 | U26: 10.29831 | V26: 13.028476 | W26: 16.644724 | X26: 21.899063 | Y26: 27.704683 | Z26: 35.049421 | AA26: 45.664054 | AB26: 59.493304 | AC26: 77.510708 | AD26: 99.024961 | AE26: 129.01443 | AF26: 163.21721 | AG26: 212.64715 | AH26: 277.04683 | AI26: 364.50386 | AJ26: 465.67734 | AK26: 594.93304
A27: 7 | B27: 1 | C27: 0.07106809 | D27: 0.1 | E27: 0.14704969 | F27: 0.21152361 | G27: 0.31449059 | H27: 0.45739044 | I27: 0.68004223 | J27: 0.98904331 | K27: 1.4704969 | L27: 2.1386688 | M27: 3.1797454 | N27: 4.6245744 | O27: 6.8757579 | P27: 10 | Q27: 14.543851 | R27: 21.152361 | S27: 31.449059 | T27: 46.758057 | U27: 65.793322 | V27: 101.10781 | W27: 140.71013 | X27: 213.86688
A28: 7 | B28: 2 | C28: 0.14543851 | D28: 0.32505865 | E28: 0.6951928 | F28: 1.5032579 | G28: 3.2149708 | H28: 6.951928 | I28: 14.543851 | J28: 32.149708 | K28: 67.259122 | L28: 148.67872 | M28: 314.49059
A29: 8 | B29: 1
A30: 8 | B30: 2
A31: 8 | B31: 3
A32: 8 | B32: 4
A33: 9 | B33: 1
A34: 9 | B34: 2
A35: 9 | B35: 3
A36: 9 | B36: 4
A37: 11 | B37: 1a | C37: =6.283185*Angular_frequency!C37 -> 6.283185 | D37: =6.283185*Angular_frequency!D37 -> 62.83185 | E37: =6.283185*Angular_frequency!E37 -> 125.6637 | F37: =6.283185*Angular_frequency!F37 -> 188.49555 | G37: =6.283185*Angular_frequency!G37 -> 251.3274 | H37: =6.283185*Angular_frequency!H37 -> 314.15925 | I37: =6.283185*Angular_frequency!I37 -> 376.9911 | J37: =6.283185*Angular_frequency!J37 -> 439.82295 | ... M37: =6.283185*Angular_frequency!M37 -> 628.3185
A38: 11 | B38: 2a | C38: =6.283185*Angular_frequency!C38 -> 6.283185 | D38: =6.283185*Angular_frequency!D38 -> 62.83185 | E38: =6.283185*Angular_frequency!E38 -> 125.6637 | F38: =6.283185*Angular_frequency!F38 -> 188.49555 | G38: =6.283185*Angular_frequency!G38 -> 251.3274 | H38: =6.283185*Angular_frequency!H38 -> 314.15925 | I38: =6.283185*Angular_frequency!I38 -> 376.9911 | J38: =6.283185*Angular_frequency!J38 -> 439.82295 | ... M38: =6.283185*Angular_frequency!M38 -> 628.3185
A39: 11 | B39: 3a | C39: =6.283185*Angular_frequency!C39 -> 6.283185 | D39: =6.283185*Angular_frequency!D39 -> 62.83185 | E39: =6.283185*Angular_frequency!E39 -> 125.6637 | F39: =6.283185*Angular_frequency!F39 -> 188.49555 | G39: =6.283185*Angular_frequency!G39 -> 251.3274 | H39: =6.283185*Angular_frequency!H39 -> 314.15925 | I39: =6.283185*Angular_frequency!I39 -> 376.9911 | J39: =6.283185*Angular_frequency!J39 -> 439.82295 | ... M39: =6.283185*Angular_frequency!M39 -> 628.3185
A40: 11 | B40: 4a | C40: =6.283185*Angular_frequency!C40 -> 6.283185 | D40: =6.283185*Angular_frequency!D40 -> 62.83185 | E40: =6.283185*Angular_frequency!E40 -> 125.6637 | F40: =6.283185*Angular_frequency!F40 -> 188.49555 | G40: =6.283185*Angular_frequency!G40 -> 251.3274 | H40: =6.283185*Angular_frequency!H40 -> 314.15925 | I40: =6.283185*Angular_frequency!I40 -> 376.9911 | J40: =6.283185*Angular_frequency!J40 -> 439.82295 | ... M40: =6.283185*Angular_frequency!M40 -> 628.3185
A41: 11 | B41: 1b
A42: 11 | B42: 2b
A43: 11 | B43: 3b
A44: 11 | B44: 4b
A45: 12 | B45: 1a | C45: =Angular_frequency!C45*6.283185 -> 0.063893853 | D45: =Angular_frequency!D45*6.283185 -> 0.092385693 | E45: =Angular_frequency!E45*6.283185 -> 0.13026605 | F45: =Angular_frequency!F45*6.283185 -> 0.19806824 | G45: =Angular_frequency!G45*6.283185 -> 0.29123261 | H45: =Angular_frequency!H45*6.283185 -> 0.42821796 | I45: =Angular_frequency!I45*6.283185 -> 0.62438165 | J45: =Angular_frequency!J45*6.283185 -> 0.91806833 | ... AA45: =Angular_frequency!AA45*6.283185 -> 623.07446
A46: 12 | B46: 2a | C46: =Angular_frequency!C46*6.283185 -> 0.063893853 | D46: =Angular_frequency!D46*6.283185 -> 0.092385693 | E46: =Angular_frequency!E46*6.283185 -> 0.13026605 | F46: =Angular_frequency!F46*6.283185 -> 0.19806824 | G46: =Angular_frequency!G46*6.283185 -> 0.29123261 | H46: =Angular_frequency!H46*6.283185 -> 0.42821796 | I46: =Angular_frequency!I46*6.283185 -> 0.62438165 | J46: =Angular_frequency!J46*6.283185 -> 0.91806833 | ... AA46: =Angular_frequency!AA46*6.283185 -> 623.07446
A47: 12 | B47: 3a | C47: =Angular_frequency!C47*6.283185 -> 0.063893853 | D47: =Angular_frequency!D47*6.283185 -> 0.092385693 | E47: =Angular_frequency!E47*6.283185 -> 0.13026605 | F47: =Angular_frequency!F47*6.283185 -> 0.19806824 | G47: =Angular_frequency!G47*6.283185 -> 0.29123261 | H47: =Angular_frequency!H47*6.283185 -> 0.42821796 | I47: =Angular_frequency!I47*6.283185 -> 0.62438165 | J47: =Angular_frequency!J47*6.283185 -> 0.91806833 | ... AA47: =Angular_frequency!AA47*6.283185 -> 623.07446
A48: 12 | B48: 4a | C48: =Angular_frequency!C48*6.283185 -> 0.063893853 | D48: =Angular_frequency!D48*6.283185 -> 0.092385693 | E48: =Angular_frequency!E48*6.283185 -> 0.13026605 | F48: =Angular_frequency!F48*6.283185 -> 0.19806824 | G48: =Angular_frequency!G48*6.283185 -> 0.29123261 | H48: =Angular_frequency!H48*6.283185 -> 0.42821796 | I48: =Angular_frequency!I48*6.283185 -> 0.62438165 | J48: =Angular_frequency!J48*6.283185 -> 0.91806833 | ... AA48: =Angular_frequency!AA48*6.283185 -> 623.07446
A49: 12 | B49: 5a | C49: =Angular_frequency!C49*6.283185 -> 0.063893853 | D49: =Angular_frequency!D49*6.283185 -> 0.092385693 | E49: =Angular_frequency!E49*6.283185 -> 0.13026605 | F49: =Angular_frequency!F49*6.283185 -> 0.19806824 | G49: =Angular_frequency!G49*6.283185 -> 0.29123261 | H49: =Angular_frequency!H49*6.283185 -> 0.42821796 | I49: =Angular_frequency!I49*6.283185 -> 0.62438165 | J49: =Angular_frequency!J49*6.283185 -> 0.91806833 | ... AA49: =Angular_frequency!AA49*6.283185 -> 623.07446
A50: 12 | B50: 1b
A51: 12 | B51: 2b
A52: 12 | B52: 3b
A53: 12 | B53: 4b
A54: 12 | B54: 5b
A55: 13 | B55: 1 | C55: 0.51553026 | D55: 0.57476014 | E55: 0.64736193 | F55: 0.72913454 | G55: 0.81567322 | H55: 0.91248266 | I55: 1.0347543 | J55: 1.165461 | K55: 1.2949535 | L55: 1.4634931 | M55: 1.6539684 | N55: 1.831503 | O55: 2.0769223 | P55: 2.3155421 | Q55: 2.6347613 | R55: 2.9675756 | S55: 3.3424299 | T55: 3.713802 | U55: 4.1404846 | V55: 4.6793731 | W55: 5.3064037 | X55: 5.856048 | Y55: 6.6633593 | Z55: 7.4542124 | AA55: 8.4243884 | AB55: 9.3286505 | AC55: 10.542782 | AD55: 11.754053 | AE55: 13.419995 | AF55: 15.322049 | AG55: 16.851761 | AH55: 18.98042 | AI55: 21.377963 | AJ55: 24.078356 | AK55: 27.119854 | AL55: 30.338624 | AM55: 34.170899 | AN55: 38.487253 | AO55: 43.793083 | AP55: 49.157516 | AQ55: 55.36693 | AR55: 63.645417 | AS55: 68.8201
A56: 13 | B56: 2 | C56: 0.51553026 | D56: 0.57476014 | E56: 0.64736193 | F56: 0.72913454 | G56: 0.81567322 | H56: 0.91248266 | I56: 1.0347543 | J56: 1.165461 | K56: 1.2949535 | L56: 1.4634931 | M56: 1.6539684 | N56: 1.831503 | O56: 2.0769223 | P56: 2.3155421 | Q56: 2.6347613 | R56: 2.9675756 | S56: 3.3424299 | T56: 3.713802 | U56: 4.1404846 | V56: 4.6793731 | W56: 5.3064037 | X56: 5.856048 | Y56: 6.6633593 | Z56: 7.4542124 | AA56: 8.4243884 | AB56: 9.3286505 | AC56: 10.542782 | AD56: 11.754053 | AE56: 13.419995 | AF56: 15.322049 | AG56: 16.851761 | AH56: 18.98042 | AI56: 21.377963 | AJ56: 24.078356 | AK56: 27.119854 | AL56: 30.338624 | AM56: 34.170899 | AN56: 38.487253 | AO56: 43.793083 | AP56: 49.157516 | AQ56: 55.36693 | AR56: 63.645417 | AS56: 68.8201
A57: 13 | B57: 3 | C57: 0.51553026 | D57: 0.57476014 | E57: 0.64736193 | F57: 0.72913454 | G57: 0.81567322 | H57: 0.91248266 | I57: 1.0347543 | J57: 1.165461 | K57: 1.2949535 | L57: 1.4634931 | M57: 1.6539684 | N57: 1.831503 | O57: 2.0769223 | P57: 2.3155421 | Q57: 2.6347613 | R57: 2.9675756 | S57: 3.3424299 | T57: 3.713802 | U57: 4.1404846 | V57: 4.6793731 | W57: 5.3064037 | X57: 5.856048 | Y57: 6.6633593 | Z57: 7.4542124 | AA57: 8.4243884 | AB57: 9.3286505 | AC57: 10.542782 | AD57: 11.754053 | AE57: 13.419995 | AF57: 15.322049 | AG57: 16.851761 | AH57: 18.98042 | AI57: 21.377963 | AJ57: 24.078356 | AK57: 27.119854 | AL57: 30.338624 | AM57: 34.170899 | AN57: 38.487253 | AO57: 43.793083 | AP57: 49.157516 | AQ57: 55.36693 | AR57: 63.645417 | AS57: 68.8201
A58: 13 | B58: 4 | C58: 0.51553026 | D58: 0.57476014 | E58: 0.64736193 | F58: 0.72913454 | G58: 0.81567322 | H58: 0.91248266 | I58: 1.0347543 | J58: 1.165461 | K58: 1.2949535 | L58: 1.4634931 | M58: 1.6539684 | N58: 1.831503 | O58: 2.0769223 | P58: 2.3155421 | Q58: 2.6347613 | R58: 2.9675756 | S58: 3.3424299 | T58: 3.713802 | U58: 4.1404846 | V58: 4.6793731 | W58: 5.3064037 | X58: 5.856048 | Y58: 6.6633593 | Z58: 7.4542124 | AA58: 8.4243884 | AB58: 9.3286505 | AC58: 10.542782 | AD58: 11.754053 | AE58: 13.419995 | AF58: 15.322049 | AG58: 16.851761 | AH58: 18.98042 | AI58: 21.377963 | AJ58: 24.078356 | AK58: 27.119854 | AL58: 30.338624 | AM58: 34.170899 | AN58: 38.487253 | AO58: 43.793083 | AP58: 49.157516 | AQ58: 55.36693 | AR58: 63.645417 | AS58: 68.8201
A59: 13 | B59: 5 | C59: 0.51553026 | D59: 0.57476014 | E59: 0.64736193 | F59: 0.72913454 | G59: 0.81567322 | H59: 0.91248266 | I59: 1.0347543 | J59: 1.165461 | K59: 1.2949535 | L59: 1.4634931 | M59: 1.6539684 | N59: 1.831503 | O59: 2.0769223 | P59: 2.3155421 | Q59: 2.6347613 | R59: 2.9675756 | S59: 3.3424299 | T59: 3.713802 | U59: 4.1404846 | V59: 4.6793731 | W59: 5.3064037 | X59: 5.856048 | Y59: 6.6633593 | Z59: 7.4542124 | AA59: 8.4243884 | AB59: 9.3286505 | AC59: 10.542782 | AD59: 11.754053 | AE59: 13.419995 | AF59: 15.322049 | AG59: 16.851761 | AH59: 18.98042 | AI59: 21.377963 | AJ59: 24.078356 | AK59: 27.119854 | AL59: 30.338624 | AM59: 34.170899 | AN59: 38.487253 | AO59: 43.793083 | AP59: 49.157516 | AQ59: 55.36693 | AR59: 63.645417 | AS59: 68.8201
A60: 13 | B60: 6 | C60: 0.51553026 | D60: 0.57476014 | E60: 0.64736193 | F60: 0.72913454 | G60: 0.81567322 | H60: 0.91248266 | I60: 1.0347543 | J60: 1.165461 | K60: 1.2949535 | L60: 1.4634931 | M60: 1.6539684 | N60: 1.831503 | O60: 2.0769223 | P60: 2.3155421 | Q60: 2.6347613 | R60: 2.9675756 | S60: 3.3424299 | T60: 3.713802 | U60: 4.1404846 | V60: 4.6793731 | W60: 5.3064037 | X60: 5.856048 | Y60: 6.6633593 | Z60: 7.4542124 | AA60: 8.4243884 | AB60: 9.3286505 | AC60: 10.542782 | AD60: 11.754053 | AE60: 13.419995 | AF60: 15.322049 | AG60: 16.851761 | AH60: 18.98042 | AI60: 21.377963 | AJ60: 24.078356 | AK60: 27.119854 | AL60: 30.338624 | AM60: 34.170899 | AN60: 38.487253 | AO60: 43.793083 | AP60: 49.157516 | AQ60: 55.36693 | AR60: 63.645417 | AS60: 68.8201
A61: 13 | B61: 7 | C61: 0.51553026 | D61: 0.57476014 | E61: 0.64736193 | F61: 0.72913454 | G61: 0.81567322 | H61: 0.91248266 | I61: 1.0347543 | J61: 1.165461 | K61: 1.2949535 | L61: 1.4634931 | M61: 1.6539684 | N61: 1.831503 | O61: 2.0769223 | P61: 2.3155421 | Q61: 2.6347613 | R61: 2.9675756 | S61: 3.3424299 | T61: 3.713802 | U61: 4.1404846 | V61: 4.6793731 | W61: 5.3064037 | X61: 5.856048 | Y61: 6.6633593 | Z61: 7.4542124 | AA61: 8.4243884 | AB61: 9.3286505 | AC61: 10.542782 | AD61: 11.754053 | AE61: 13.419995 | AF61: 15.322049 | AG61: 16.851761 | AH61: 18.98042 | AI61: 21.377963 | AJ61: 24.078356 | AK61: 27.119854 | AL61: 30.338624 | AM61: 34.170899 | AN61: 38.487253 | AO61: 43.793083 | AP61: 49.157516 | AQ61: 55.36693 | AR61: 63.645417 | AS61: 68.8201
