Workbook

Sheet Ang_freq_converted_f2
A1: Study_id | B1: Instance | C1: fill
A2: 1 | B2: 1 | D2: 1 | E2: 1.2656305 | F2: 1.579777 | G2: 1.9994139 | H2: 2.4956954 | I2: 3.1368191 | J2: 3.9426422 | K2: 5.0595552 | L2: 6.2284954 | M2: 7.8285448 | N2: 10.046297 | O2: 12.45334 | P2: 15.652501 | Q2: 19.810283 | R2: 25.072497 | S2: 31.732516 | T2: 40.16164 | U2: 50.1303 | V2: 63.887552 | W2: 78.104856 | X2: 99.539162 | Y2: 124.24612 | Z2: 157.24968 | AA2: 199.01999 | AB2: 250.14659 | AC2: 316.59314 | AD2: 395.17583 | AE2: 496.69326
A3: 1 | B3: 2 | D3: 1 | E3: 1.2656305 | F3: 1.579777 | G3: 1.9994139 | H3: 2.4956954 | I3: 3.1368191 | J3: 3.9426422 | K3: 5.0595552 | L3: 6.2284954 | M3: 7.8285448 | N3: 10.046297 | O3: 12.45334 | P3: 15.652501 | Q3: 19.810283 | R3: 25.072497 | S3: 31.732516 | T3: 40.16164 | U3: 50.1303 | V3: 63.887552 | W3: 78.104856 | X3: 99.539162 | Y3: 124.24612 | Z3: 157.24968 | AA3: 199.01999 | AB3: 250.14659 | AC3: 316.59314 | AD3: 395.17583 | AE3: 496.69326
A4: 1 | B4: 3 | D4: 1 | E4: 1.2656305 | F4: 1.579777 | G4: 1.9994139 | H4: 2.4956954 | I4: 3.1368191 | J4: 3.9426422 | K4: 5.0595552 | L4: 6.2284954 | M4: 7.8285448 | N4: 10.046297 | O4: 12.45334 | P4: 15.652501 | Q4: 19.810283 | R4: 25.072497 | S4: 31.732516 | T4: 40.16164 | U4: 50.1303 | V4: 63.887552 | W4: 78.104856 | X4: 99.539162 | Y4: 124.24612 | Z4: 157.24968 | AA4: 199.01999 | AB4: 250.14659 | AC4: 316.59314 | AD4: 395.17583 | AE4: 496.69326
A5: 1 | B5: 4 | D5: 1 | E5: 1.2656305 | F5: 1.579777 | G5: 1.9994139 | H5: 2.4956954 | I5: 3.1368191 | J5: 3.9426422 | K5: 5.0595552 | L5: 6.2284954 | M5: 7.8285448 | N5: 10.046297 | O5: 12.45334 | P5: 15.652501 | Q5: 19.810283 | R5: 25.072497 | S5: 31.732516 | T5: 40.16164 | U5: 50.1303 | V5: 63.887552 | W5: 78.104856 | X5: 99.539162 | Y5: 124.24612 | Z5: 157.24968 | AA5: 199.01999 | AB5: 250.14659 | AC5: 316.59314 | AD5: 395.17583 | AE5: 496.69326
A6: 1 | B6: 5 | D6: 1 | E6: 1.2656305 | F6: 1.579777 | G6: 1.9994139 | H6: 2.4956954 | I6: 3.1368191 | J6: 3.9426422 | K6: 5.0595552 | L6: 6.2284954 | M6: 7.8285448 | N6: 10.046297 | O6: 12.45334 | P6: 15.652501 | Q6: 19.810283 | R6: 25.072497 | S6: 31.732516 | T6: 40.16164 | U6: 50.1303 | V6: 63.887552 | W6: 78.104856 | X6: 99.539162 | Y6: 124.24612 | Z6: 157.24968 | AA6: 199.01999 | AB6: 250.14659 | AC6: 316.59314 | AD6: 395.17583 | AE6: 496.69326
A7: 2 | B7: 1 | C7: loss | D7: 0.99574896 | E7: 1.5977737 | F7: 2.5097472 | G7: 3.975987 | H7: 6.3257217 | I7: 9.9787222 | J7: 15.808473 | K7: 24.937606 | L7: 39.506609 | M7: 62.587087 | N7: 100
A8: 2 | B8: 2 | C8: loss | D8: 0.99574896 | E8: 1.5977737 | F8: 2.5097472 | G8: 3.975987 | H8: 6.3257217 | I8: 9.9787222 | J8: 15.808473 | K8: 24.937606 | L8: 39.506609 | M8: 62.587087 | N8: 100
A9: 2 | B9: 3 | C9: loss | D9: 0.99574896 | E9: 1.5977737 | F9: 2.5097472 | G9: 3.975987 | H9: 6.3257217 | I9: 9.9787222 | J9: 15.808473 | K9: 24.937606 | L9: 39.506609 | M9: 62.587087 | N9: 100
A10: 2 | B10: 4 | C10: loss | D10: 0.99574896 | E10: 1.5977737 | F10: 2.5097472 | G10: 3.975987 | H10: 6.3257217 | I10: 9.9787222 | J10: 15.808473 | K10: 24.937606 | L10: 39.506609 | M10: 62.587087 | N10: 100
A11: 3 | B11: 1 | C11: loss | D11: 0.10346139 | E11: 0.15043189 | F11: 0.22122163 | G11: 0.32532338 | H11: 0.46240725 | I11: 0.71968567 | J11: 1 | K11: 1.5043189 | L11: 2.2374518 | M11: 3.2532338 | N11: 4.6768209 | O11: 7.0354299 | P11: 10.346139 | Q11: 15.214792 | R11: 22.122163 | S11: 32.532338 | T11: 47.301711 | U11: 68.776239 | V11: 102.29448 | W11: 148.73521 | X11: 218.72654 | Y11: 329.03446 | Z11: 473.01711
A12: 3 | B12: 2 | C12: loss | D12: 0.10346139 | E12: 0.15043189 | F12: 0.22122163 | G12: 0.32532338 | H12: 0.46240725 | I12: 0.71968567 | J12: 1 | K12: 1.5043189 | L12: 2.2374518 | M12: 3.2532338 | N12: 4.6768209 | O12: 7.0354299 | P12: 10.346139 | Q12: 15.214792 | R12: 22.122163 | S12: 32.532338 | T12: 47.301711 | U12: 68.776239 | V12: 102.29448 | W12: 148.73521 | X12: 218.72654 | Y12: 329.03446 | Z12: 473.01711
A13: 3 | B13: 3 | C13: loss | D13: 0.10346139 | E13: 0.15043189 | F13: 0.22122163 | G13: 0.32532338 | H13: 0.46240725 | I13: 0.71968567 | J13: 1 | K13: 1.5043189 | L13: 2.2374518 | M13: 3.2532338 | N13: 4.6768209 | O13: 7.0354299 | P13: 10.346139 | Q13: 15.214792 | R13: 22.122163 | S13: 32.532338 | T13: 47.301711 | U13: 68.776239 | V13: 102.29448 | W13: 148.73521 | X13: 218.72654 | Y13: 329.03446 | Z13: 473.01711
A14: 3 | B14: 4 | C14: loss | D14: 0.10346139 | E14: 0.15043189 | F14: 0.22122163 | G14: 0.32532338 | H14: 0.46240725 | I14: 0.71968567 | J14: 1 | K14: 1.5043189 | L14: 2.2374518 | M14: 3.2532338 | N14: 4.6768209 | O14: 7.0354299 | P14: 10.346139 | Q14: 15.214792 | R14: 22.122163 | S14: 32.532338 | T14: 47.301711 | U14: 68.776239 | V14: 102.29448 | W14: 148.73521 | X14: 218.72654 | Y14: 329.03446 | Z14: 473.01711
A15: 4 | B15: 1 | C15: loss | D15: =6.283185*Angular_frequency!C15 -> 0.061572762 | E15: =6.283185*Angular_frequency!D15 -> 0.12254335 | F15: =6.283185*Angular_frequency!E15 -> 0.18370201 | G15: =6.283185*Angular_frequency!F15 -> 0.24636922 | H15: =6.283185*Angular_frequency!G15 -> 0.36932662 | I15: =6.283185*Angular_frequency!H15 -> 0.63150624 | J15: =6.283185*Angular_frequency!I15 -> 0.98578962 | K15: =6.283185*Angular_frequency!J15 -> 1.5702979 | ... X15: =6.283185*Angular_frequency!W15 -> 621.9912
A16: 4 | B16: 2 | C16: loss | D16: =6.283185*Angular_frequency!C16 -> 0.061572762 | E16: =6.283185*Angular_frequency!D16 -> 0.12254335 | F16: =6.283185*Angular_frequency!E16 -> 0.18370201 | G16: =6.283185*Angular_frequency!F16 -> 0.24636922 | H16: =6.283185*Angular_frequency!G16 -> 0.36932662 | I16: =6.283185*Angular_frequency!H16 -> 0.63150624 | J16: =6.283185*Angular_frequency!I16 -> 0.98578962 | K16: =6.283185*Angular_frequency!J16 -> 1.5702979 | ... X16: =6.283185*Angular_frequency!W16 -> 621.9912
A17: 4 | B17: 3 | C17: loss | D17: =6.283185*Angular_frequency!C17 -> 0.061572762 | E17: =6.283185*Angular_frequency!D17 -> 0.12254335 | F17: =6.283185*Angular_frequency!E17 -> 0.18370201 | G17: =6.283185*Angular_frequency!F17 -> 0.24636922 | H17: =6.283185*Angular_frequency!G17 -> 0.36932662 | I17: =6.283185*Angular_frequency!H17 -> 0.63150624 | J17: =6.283185*Angular_frequency!I17 -> 0.98578962 | K17: =6.283185*Angular_frequency!J17 -> 1.5702979 | ... X17: =6.283185*Angular_frequency!W17 -> 621.9912
A18: 5 | B18: 1 | C18: loss | D18: 0.1 | E18: 0.12017735 | F18: 0.14442595 | G18: 0.17224313 | H18: 0.2134363 | I18: 0.24876378 | J18: 0.29895771 | K18: 0.36762937 | L18: 0.44180723 | M18: 0.53503399 | N18: 0.63808429 | O18: 0.76098259 | P18: 0.92155929 | Q18: 1.1160196 | R18: 1.3515135 | S18: 1.6242131 | T18: 1.9669421 | U18: 2.3638188 | V18: 2.7975955 | W18: 3.4402133 | X18: 4.0404539 | Y18: 4.9685607 | Z18: 5.925531 | AA18: 7.175891 | AB18: 8.5580044 | AC18: 10.363849 | AD18: 12.647234 | AE18: 15.199111 | AF18: 18.265888 | AG18: 22.120216 | AH18: 26.787854 | AI18: 31.947332 | AJ18: 38.688612 | AK18: 46.852385 | AL18: 56.305954 | AM18: 68.711404 | AN18: 80.084353 | AO18: 97.728712 | AP18: 115.66259 | AQ18: 143.32412 | AR18: 170.92908 | AS18: 206.99722 | AT18: 276.91746
A19: 5 | B19: 2 | C19: loss | D19: 0.1 | E19: 0.12017735 | F19: 0.14442595 | G19: 0.17224313 | H19: 0.2134363 | I19: 0.24876378 | J19: 0.29895771 | K19: 0.36762937 | L19: 0.44180723 | M19: 0.53503399 | N19: 0.63808429 | O19: 0.76098259 | P19: 0.92155929 | Q19: 1.1160196 | R19: 1.3515135 | S19: 1.6242131 | T19: 1.9669421 | U19: 2.3638188 | V19: 2.7975955 | W19: 3.4402133 | X19: 4.0404539 | Y19: 4.9685607 | Z19: 5.925531 | AA19: 7.175891 | AB19: 8.5580044 | AC19: 10.363849 | AD19: 12.647234 | AE19: 15.199111 | AF19: 18.265888 | AG19: 22.120216 | AH19: 26.787854 | AI19: 31.947332 | AJ19: 38.688612 | AK19: 46.852385 | AL19: 56.305954 | AM19: 68.711404 | AN19: 80.084353 | AO19: 97.728712 | AP19: 115.66259 | AQ19: 143.32412 | AR19: 170.92908 | AS19: 206.99722 | AT19: 276.91746
A20: 5 | B20: 3 | C20: loss | D20: 0.1 | E20: 0.12017735 | F20: 0.14442595 | G20: 0.17224313 | H20: 0.2134363 | I20: 0.24876378 | J20: 0.29895771 | K20: 0.36762937 | L20: 0.44180723 | M20: 0.53503399 | N20: 0.63808429 | O20: 0.76098259 | P20: 0.92155929 | Q20: 1.1160196 | R20: 1.3515135 | S20: 1.6242131 | T20: 1.9669421 | U20: 2.3638188 | V20: 2.7975955 | W20: 3.4402133 | X20: 4.0404539 | Y20: 4.9685607 | Z20: 5.925531 | AA20: 7.175891 | AB20: 8.5580044 | AC20: 10.363849 | AD20: 12.647234 | AE20: 15.199111 | AF20: 18.265888 | AG20: 22.120216 | AH20: 26.787854 | AI20: 31.947332 | AJ20: 38.688612 | AK20: 46.852385 | AL20: 56.305954 | AM20: 68.711404 | AN20: 80.084353 | AO20: 97.728712 | AP20: 115.66259 | AQ20: 143.32412 | AR20: 170.92908 | AS20: 206.99722 | AT20: 276.91746
A21: 5 | B21: 4 | C21: loss | D21: 0.1 | E21: 0.12017735 | F21: 0.14442595 | G21: 0.17224313 | H21: 0.2134363 | I21: 0.24876378 | J21: 0.29895771 | K21: 0.36762937 | L21: 0.44180723 | M21: 0.53503399 | N21: 0.63808429 | O21: 0.76098259 | P21: 0.92155929 | Q21: 1.1160196 | R21: 1.3515135 | S21: 1.6242131 | T21: 1.9669421 | U21: 2.3638188 | V21: 2.7975955 | W21: 3.4402133 | X21: 4.0404539 | Y21: 4.9685607 | Z21: 5.925531 | AA21: 7.175891 | AB21: 8.5580044 | AC21: 10.363849 | AD21: 12.647234 | AE21: 15.199111 | AF21: 18.265888 | AG21: 22.120216 | AH21: 26.787854 | AI21: 31.947332 | AJ21: 38.688612 | AK21: 46.852385 | AL21: 56.305954 | AM21: 68.711404 | AN21: 80.084353 | AO21: 97.728712 | AP21: 115.66259 | AQ21: 143.32412 | AR21: 170.92908 | AS21: 206.99722 | AT21: 276.91746
A22: 5 | B22: 5 | C22: loss | D22: 0.1 | E22: 0.12017735 | F22: 0.14442595 | G22: 0.17224313 | H22: 0.2134363 | I22: 0.24876378 | J22: 0.29895771 | K22: 0.36762937 | L22: 0.44180723 | M22: 0.53503399 | N22: 0.63808429 | O22: 0.76098259 | P22: 0.92155929 | Q22: 1.1160196 | R22: 1.3515135 | S22: 1.6242131 | T22: 1.9669421 | U22: 2.3638188 | V22: 2.7975955 | W22: 3.4402133 | X22: 4.0404539 | Y22: 4.9685607 | Z22: 5.925531 | AA22: 7.175891 | AB22: 8.5580044 | AC22: 10.363849 | AD22: 12.647234 | AE22: 15.199111 | AF22: 18.265888 | AG22: 22.120216 | AH22: 26.787854 | AI22: 31.947332 | AJ22: 38.688612 | AK22: 46.852385 | AL22: 56.305954 | AM22: 68.711404 | AN22: 80.084353 | AO22: 97.728712 | AP22: 115.66259 | AQ22: 143.32412 | AR22: 170.92908 | AS22: 206.99722 | AT22: 276.91746
A23: 5 | B23: 6 | C23: loss | D23: 0.1 | E23: 0.12017735 | F23: 0.14442595 | G23: 0.17224313 | H23: 0.2134363 | I23: 0.24876378 | J23: 0.29895771 | K23: 0.36762937 | L23: 0.44180723 | M23: 0.53503399 | N23: 0.63808429 | O23: 0.76098259 | P23: 0.92155929 | Q23: 1.1160196 | R23: 1.3515135 | S23: 1.6242131 | T23: 1.9669421 | U23: 2.3638188 | V23: 2.7975955 | W23: 3.4402133 | X23: 4.0404539 | Y23: 4.9685607 | Z23: 5.925531 | AA23: 7.175891 | AB23: 8.5580044 | AC23: 10.363849 | AD23: 12.647234 | AE23: 15.199111 | AF23: 18.265888 | AG23: 22.120216 | AH23: 26.787854 | AI23: 31.947332 | AJ23: 38.688612 | AK23: 46.852385 | AL23: 56.305954 | AM23: 68.711404 | AN23: 80.084353 | AO23: 97.728712 | AP23: 115.66259 | AQ23: 143.32412 | AR23: 170.92908 | AS23: 206.99722 | AT23: 276.91746
A24: 6 | B24: 1 | C24: visc | D24: 0.1029831 | E24: 0.12901443 | F24: 0.16644724 | G24: 0.21899063 | H24: 0.27977475 | I24: 0.3609498 | J24: 0.45218812 | K24: 0.60670661 | L24: 0.77510708 | M24: 0.99024961 | N24: 1.2775649 | O24: 1.6004987 | P24: 2.1685539 | Q24: 2.7977475 | R24: 3.574304 | S24: 4.7026258 | T24: 6.1268048 | U24: 7.7510708 | V24: 10.29831 | W24: 13.028476 | X24: 16.644724 | Y24: 21.899063 | Z24: 27.704683 | AA24: 35.049421 | AB24: 45.664054 | AC24: 59.493304 | AD24: 77.510708 | AE24: 99.024961 | AF24: 129.01443 | AG24: 163.21721 | AH24: 212.64715 | AI24: 277.04683 | AJ24: 364.50386 | AK24: 465.67734 | AL24: 594.93304
A25: 6 | B25: 2 | C25: visc | D25: 0.1029831 | E25: 0.12901443 | F25: 0.16644724 | G25: 0.21899063 | H25: 0.27977475 | I25: 0.3609498 | J25: 0.45218812 | K25: 0.60670661 | L25: 0.77510708 | M25: 0.99024961 | N25: 1.2775649 | O25: 1.6004987 | P25: 2.1685539 | Q25: 2.7977475 | R25: 3.574304 | S25: 4.7026258 | T25: 6.1268048 | U25: 7.7510708 | V25: 10.29831 | W25: 13.028476 | X25: 16.644724 | Y25: 21.899063 | Z25: 27.704683 | AA25: 35.049421 | AB25: 45.664054 | AC25: 59.493304 | AD25: 77.510708 | AE25: 99.024961 | AF25: 129.01443 | AG25: 163.21721 | AH25: 212.64715 | AI25: 277.04683 | AJ25: 364.50386 | AK25: 465.67734 | AL25: 594.93304
A26: 6 | B26: 3 | C26: visc | D26: 0.1029831 | E26: 0.12901443 | F26: 0.16644724 | G26: 0.21899063 | H26: 0.27977475 | I26: 0.3609498 | J26: 0.45218812 | K26: 0.60670661 | L26: 0.77510708 | M26: 0.99024961 | N26: 1.2775649 | O26: 1.6004987 | P26: 2.1685539 | Q26: 2.7977475 | R26: 3.574304 | S26: 4.7026258 | T26: 6.1268048 | U26: 7.7510708 | V26: 10.29831 | W26: 13.028476 | X26: 16.644724 | Y26: 21.899063 | Z26: 27.704683 | AA26: 35.049421 | AB26: 45.664054 | AC26: 59.493304 | AD26: 77.510708 | AE26: 99.024961 | AF26: 129.01443 | AG26: 163.21721 | AH26: 212.64715 | AI26: 277.04683 | AJ26: 364.50386 | AK26: 465.67734 | AL26: 594.93304
A27: 6 | B27: 4 | C27: visc | D27: 0.1029831 | E27: 0.12901443 | F27: 0.16644724 | G27: 0.21899063 | H27: 0.27977475 | I27: 0.3609498 | J27: 0.45218812 | K27: 0.60670661 | L27: 0.77510708 | M27: 0.99024961 | N27: 1.2775649 | O27: 1.6004987 | P27: 2.1685539 | Q27: 2.7977475 | R27: 3.574304 | S27: 4.7026258 | T27: 6.1268048 | U27: 7.7510708 | V27: 10.29831 | W27: 13.028476 | X27: 16.644724 | Y27: 21.899063 | Z27: 27.704683 | AA27: 35.049421 | AB27: 45.664054 | AC27: 59.493304 | AD27: 77.510708 | AE27: 99.024961 | AF27: 129.01443 | AG27: 163.21721 | AH27: 212.64715 | AI27: 277.04683 | AJ27: 364.50386 | AK27: 465.67734 | AL27: 594.93304
A28: 7 | B28: 1 | C28: loss | D28: 0.07106809 | E28: 0.1 | F28: 0.14704969 | G28: 0.21152361 | H28: 0.31449059 | I28: 0.45739044 | J28: 0.68004223 | K28: 0.98904331 | L28: 1.4704969 | M28: 2.1386688 | N28: 3.1797454 | O28: 4.6245744 | P28: 6.8757579 | Q28: 10 | R28: 14.543851 | S28: 21.152361 | T28: 31.449059 | U28: 46.758057 | V28: 65.793322 | W28: 101.10781 | X28: 140.71013 | Y28: 213.86688
A29: 7 | B29: 2 | C29: loss | D29: 0.14543851 | E29: 0.32505865 | F29: 0.6951928 | G29: 1.5032579 | H29: 3.2149708 | I29: 6.951928 | J29: 14.543851 | K29: 32.149708 | L29: 67.259122 | M29: 148.67872 | N29: 314.49059
A30: 8 | B30: 1 | C30: tan
A31: 8 | B31: 2 | C31: tan
A32: 8 | B32: 3 | C32: tan
A33: 8 | B33: 4 | C33: tan
A34: 9 | B34: 1 | C34: tan
A35: 9 | B35: 2 | C35: tan
A36: 9 | B36: 3 | C36: tan
A37: 9 | B37: 4 | C37: tan
A38: 11 | B38: 1a | D38: =6.283185*Angular_frequency!C38 -> 6.283185 | E38: =6.283185*Angular_frequency!D38 -> 62.83185 | F38: =6.283185*Angular_frequency!E38 -> 125.6637 | G38: =6.283185*Angular_frequency!F38 -> 188.49555 | H38: =6.283185*Angular_frequency!G38 -> 251.3274 | I38: =6.283185*Angular_frequency!H38 -> 314.15925 | J38: =6.283185*Angular_frequency!I38 -> 376.9911 | K38: =6.283185*Angular_frequency!J38 -> 439.82295 | ... N38: =6.283185*Angular_frequency!M38 -> 628.3185
A39: 11 | B39: 2a | D39: =6.283185*Angular_frequency!C39 -> 6.283185 | E39: =6.283185*Angular_frequency!D39 -> 62.83185 | F39: =6.283185*Angular_frequency!E39 -> 125.6637 | G39: =6.283185*Angular_frequency!F39 -> 188.49555 | H39: =6.283185*Angular_frequency!G39 -> 251.3274 | I39: =6.283185*Angular_frequency!H39 -> 314.15925 | J39: =6.283185*Angular_frequency!I39 -> 376.9911 | K39: =6.283185*Angular_frequency!J39 -> 439.82295 | ... N39: =6.283185*Angular_frequency!M39 -> 628.3185
A40: 11 | B40: 3a | D40: =6.283185*Angular_frequency!C40 -> 6.283185 | E40: =6.283185*Angular_frequency!D40 -> 62.83185 | F40: =6.283185*Angular_frequency!E40 -> 125.6637 | G40: =6.283185*Angular_frequency!F40 -> 188.49555 | H40: =6.283185*Angular_frequency!G40 -> 251.3274 | I40: =6.283185*Angular_frequency!H40 -> 314.15925 | J40: =6.283185*Angular_frequency!I40 -> 376.9911 | K40: =6.283185*Angular_frequency!J40 -> 439.82295 | ... N40: =6.283185*Angular_frequency!M40 -> 628.3185
A41: 11 | B41: 4a | D41: =6.283185*Angular_frequency!C41 -> 6.283185 | E41: =6.283185*Angular_frequency!D41 -> 62.83185 | F41: =6.283185*Angular_frequency!E41 -> 125.6637 | G41: =6.283185*Angular_frequency!F41 -> 188.49555 | H41: =6.283185*Angular_frequency!G41 -> 251.3274 | I41: =6.283185*Angular_frequency!H41 -> 314.15925 | J41: =6.283185*Angular_frequency!I41 -> 376.9911 | K41: =6.283185*Angular_frequency!J41 -> 439.82295 | ... N41: =6.283185*Angular_frequency!M41 -> 628.3185
A42: 11 | B42: 1b | C42: tan
A43: 11 | B43: 2b | C43: tan
A44: 11 | B44: 3b | C44: tan
A45: 11 | B45: 4b | C45: tan
A46: 12 | B46: 1a | C46: visc | D46: =Angular_frequency!C46*6.283185 -> 0.063893853 | E46: =Angular_frequency!D46*6.283185 -> 0.092385693 | F46: =Angular_frequency!E46*6.283185 -> 0.13026605 | G46: =Angular_frequency!F46*6.283185 -> 0.19806824 | H46: =Angular_frequency!G46*6.283185 -> 0.29123261 | I46: =Angular_frequency!H46*6.283185 -> 0.42821796 | J46: =Angular_frequency!I46*6.283185 -> 0.62438165 | K46: =Angular_frequency!J46*6.283185 -> 0.91806833 | ... AB46: =Angular_frequency!AA46*6.283185 -> 623.07446
A47: 12 | B47: 2a | C47: visc | D47: =Angular_frequency!C47*6.283185 -> 0.063893853 | E47: =Angular_frequency!D47*6.283185 -> 0.092385693 | F47: =Angular_frequency!E47*6.283185 -> 0.13026605 | G47: =Angular_frequency!F47*6.283185 -> 0.19806824 | H47: =Angular_frequency!G47*6.283185 -> 0.29123261 | I47: =Angular_frequency!H47*6.283185 -> 0.42821796 | J47: =Angular_frequency!I47*6.283185 -> 0.62438165 | K47: =Angular_frequency!J47*6.283185 -> 0.91806833 | ... AB47: =Angular_frequency!AA47*6.283185 -> 623.07446
A48: 12 | B48: 3a | C48: visc | D48: =Angular_frequency!C48*6.283185 -> 0.063893853 | E48: =Angular_frequency!D48*6.283185 -> 0.092385693 | F48: =Angular_frequency!E48*6.283185 -> 0.13026605 | G48: =Angular_frequency!F48*6.283185 -> 0.19806824 | H48: =Angular_frequency!G48*6.283185 -> 0.29123261 | I48: =Angular_frequency!H48*6.283185 -> 0.42821796 | J48: =Angular_frequency!I48*6.283185 -> 0.62438165 | K48: =Angular_frequency!J48*6.283185 -> 0.91806833 | ... AB48: =Angular_frequency!AA48*6.283185 -> 623.07446
A49: 12 | B49: 4a | C49: visc | D49: =Angular_frequency!C49*6.283185 -> 0.063893853 | E49: =Angular_frequency!D49*6.283185 -> 0.092385693 | F49: =Angular_frequency!E49*6.283185 -> 0.13026605 | G49: =Angular_frequency!F49*6.283185 -> 0.19806824 | H49: =Angular_frequency!G49*6.283185 -> 0.29123261 | I49: =Angular_frequency!H49*6.283185 -> 0.42821796 | J49: =Angular_frequency!I49*6.283185 -> 0.62438165 | K49: =Angular_frequency!J49*6.283185 -> 0.91806833 | ... AB49: =Angular_frequency!AA49*6.283185 -> 623.07446
A50: 12 | B50: 5a | C50: visc | D50: =Angular_frequency!C50*6.283185 -> 0.063893853 | E50: =Angular_frequency!D50*6.283185 -> 0.092385693 | F50: =Angular_frequency!E50*6.283185 -> 0.13026605 | G50: =Angular_frequency!F50*6.283185 -> 0.19806824 | H50: =Angular_frequency!G50*6.283185 -> 0.29123261 | I50: =Angular_frequency!H50*6.283185 -> 0.42821796 | J50: =Angular_frequency!I50*6.283185 -> 0.62438165 | K50: =Angular_frequency!J50*6.283185 -> 0.91806833 | ... AB50: =Angular_frequency!AA50*6.283185 -> 623.07446
A51: 12 | B51: 1b | C51: tan
A52: 12 | B52: 2b | C52: tan
A53: 12 | B53: 3b | C53: tan
A54: 12 | B54: 4b | C54: tan
A55: 12 | B55: 5b | C55: tan
A56: 13 | B56: 1 | D56: 0.51553026 | E56: 0.57476014 | F56: 0.64736193 | G56: 0.72913454 | H56: 0.81567322 | I56: 0.91248266 | J56: 1.0347543 | K56: 1.165461 | L56: 1.2949535 | M56: 1.4634931 | N56: 1.6539684 | O56: 1.831503 | P56: 2.0769223 | Q56: 2.3155421 | R56: 2.6347613 | S56: 2.9675756 | T56: 3.3424299 | U56: 3.713802 | V56: 4.1404846 | W56: 4.6793731 | X56: 5.3064037 | Y56: 5.856048 | Z56: 6.6633593 | AA56: 7.4542124 | AB56: 8.4243884 | AC56: 9.3286505 | AD56: 10.542782 | AE56: 11.754053 | AF56: 13.419995 | AG56: 15.322049 | AH56: 16.851761 | AI56: 18.98042 | AJ56: 21.377963 | AK56: 24.078356 | AL56: 27.119854 | AM56: 30.338624 | AN56: 34.170899 | AO56: 38.487253 | AP56: 43.793083 | AQ56: 49.157516 | AR56: 55.36693 | AS56: 63.645417 | AT56: 68.8201
A57: 13 | B57: 2 | D57: 0.51553026 | E57: 0.57476014 | F57: 0.64736193 | G57: 0.72913454 | H57: 0.81567322 | I57: 0.91248266 | J57: 1.0347543 | K57: 1.165461 | L57: 1.2949535 | M57: 1.4634931 | N57: 1.6539684 | O57: 1.831503 | P57: 2.0769223 | Q57: 2.3155421 | R57: 2.6347613 | S57: 2.9675756 | T57: 3.3424299 | U57: 3.713802 | V57: 4.1404846 | W57: 4.6793731 | X57: 5.3064037 | Y57: 5.856048 | Z57: 6.6633593 | AA57: 7.4542124 | AB57: 8.4243884 | AC57: 9.3286505 | AD57: 10.542782 | AE57: 11.754053 | AF57: 13.419995 | AG57: 15.322049 | AH57: 16.851761 | AI57: 18.98042 | AJ57: 21.377963 | AK57: 24.078356 | AL57: 27.119854 | AM57: 30.338624 | AN57: 34.170899 | AO57: 38.487253 | AP57: 43.793083 | AQ57: 49.157516 | AR57: 55.36693 | AS57: 63.645417 | AT57: 68.8201
A58: 13 | B58: 3 | D58: 0.51553026 | E58: 0.57476014 | F58: 0.64736193 | G58: 0.72913454 | H58: 0.81567322 | I58: 0.91248266 | J58: 1.0347543 | K58: 1.165461 | L58: 1.2949535 | M58: 1.4634931 | N58: 1.6539684 | O58: 1.831503 | P58: 2.0769223 | Q58: 2.3155421 | R58: 2.6347613 | S58: 2.9675756 | T58: 3.3424299 | U58: 3.713802 | V58: 4.1404846 | W58: 4.6793731 | X58: 5.3064037 | Y58: 5.856048 | Z58: 6.6633593 | AA58: 7.4542124 | AB58: 8.4243884 | AC58: 9.3286505 | AD58: 10.542782 | AE58: 11.754053 | AF58: 13.419995 | AG58: 15.322049 | AH58: 16.851761 | AI58: 18.98042 | AJ58: 21.377963 | AK58: 24.078356 | AL58: 27.119854 | AM58: 30.338624 | AN58: 34.170899 | AO58: 38.487253 | AP58: 43.793083 | AQ58: 49.157516 | AR58: 55.36693 | AS58: 63.645417 | AT58: 68.8201
A59: 13 | B59: 4 | D59: 0.51553026 | E59: 0.57476014 | F59: 0.64736193 | G59: 0.72913454 | H59: 0.81567322 | I59: 0.91248266 | J59: 1.0347543 | K59: 1.165461 | L59: 1.2949535 | M59: 1.4634931 | N59: 1.6539684 | O59: 1.831503 | P59: 2.0769223 | Q59: 2.3155421 | R59: 2.6347613 | S59: 2.9675756 | T59: 3.3424299 | U59: 3.713802 | V59: 4.1404846 | W59: 4.6793731 | X59: 5.3064037 | Y59: 5.856048 | Z59: 6.6633593 | AA59: 7.4542124 | AB59: 8.4243884 | AC59: 9.3286505 | AD59: 10.542782 | AE59: 11.754053 | AF59: 13.419995 | AG59: 15.322049 | AH59: 16.851761 | AI59: 18.98042 | AJ59: 21.377963 | AK59: 24.078356 | AL59: 27.119854 | AM59: 30.338624 | AN59: 34.170899 | AO59: 38.487253 | AP59: 43.793083 | AQ59: 49.157516 | AR59: 55.36693 | AS59: 63.645417 | AT59: 68.8201
A60: 13 | B60: 5 | D60: 0.51553026 | E60: 0.57476014 | F60: 0.64736193 | G60: 0.72913454 | H60: 0.81567322 | I60: 0.91248266 | J60: 1.0347543 | K60: 1.165461 | L60: 1.2949535 | M60: 1.4634931 | N60: 1.6539684 | O60: 1.831503 | P60: 2.0769223 | Q60: 2.3155421 | R60: 2.6347613 | S60: 2.9675756 | T60: 3.3424299 | U60: 3.713802 | V60: 4.1404846 | W60: 4.6793731 | X60: 5.3064037 | Y60: 5.856048 | Z60: 6.6633593 | AA60: 7.4542124 | AB60: 8.4243884 | AC60: 9.3286505 | AD60: 10.542782 | AE60: 11.754053 | AF60: 13.419995 | AG60: 15.322049 | AH60: 16.851761 | AI60: 18.98042 | AJ60: 21.377963 | AK60: 24.078356 | AL60: 27.119854 | AM60: 30.338624 | AN60: 34.170899 | AO60: 38.487253 | AP60: 43.793083 | AQ60: 49.157516 | AR60: 55.36693 | AS60: 63.645417 | AT60: 68.8201
A61: 13 | B61: 6 | D61: 0.51553026 | E61: 0.57476014 | F61: 0.64736193 | G61: 0.72913454 | H61: 0.81567322 | I61: 0.91248266 | J61: 1.0347543 | K61: 1.165461 | L61: 1.2949535 | M61: 1.4634931 | N61: 1.6539684 | O61: 1.831503 | P61: 2.0769223 | Q61: 2.3155421 | R61: 2.6347613 | S61: 2.9675756 | T61: 3.3424299 | U61: 3.713802 | V61: 4.1404846 | W61: 4.6793731 | X61: 5.3064037 | Y61: 5.856048 | Z61: 6.6633593 | AA61: 7.4542124 | AB61: 8.4243884 | AC61: 9.3286505 | AD61: 10.542782 | AE61: 11.754053 | AF61: 13.419995 | AG61: 15.322049 | AH61: 16.851761 | AI61: 18.98042 | AJ61: 21.377963 | AK61: 24.078356 | AL61: 27.119854 | AM61: 30.338624 | AN61: 34.170899 | AO61: 38.487253 | AP61: 43.793083 | AQ61: 49.157516 | AR61: 55.36693 | AS61: 63.645417 | AT61: 68.8201
A62: 13 | B62: 7 | D62: 0.51553026 | E62: 0.57476014 | F62: 0.64736193 | G62: 0.72913454 | H62: 0.81567322 | I62: 0.91248266 | J62: 1.0347543 | K62: 1.165461 | L62: 1.2949535 | M62: 1.4634931 | N62: 1.6539684 | O62: 1.831503 | P62: 2.0769223 | Q62: 2.3155421 | R62: 2.6347613 | S62: 2.9675756 | T62: 3.3424299 | U62: 3.713802 | V62: 4.1404846 | W62: 4.6793731 | X62: 5.3064037 | Y62: 5.856048 | Z62: 6.6633593 | AA62: 7.4542124 | AB62: 8.4243884 | AC62: 9.3286505 | AD62: 10.542782 | AE62: 11.754053 | AF62: 13.419995 | AG62: 15.322049 | AH62: 16.851761 | AI62: 18.98042 | AJ62: 21.377963 | AK62: 24.078356 | AL62: 27.119854 | AM62: 30.338624 | AN62: 34.170899 | AO62: 38.487253 | AP62: 43.793083 | AQ62: 49.157516 | AR62: 55.36693 | AS62: 63.645417 | AT62: 68.8201
A63: 13 | B63: 8 | D63: 0.51553026 | E63: 0.57476014 | F63: 0.64736193 | G63: 0.72913454 | H63: 0.81567322 | I63: 0.91248266 | J63: 1.0347543 | K63: 1.165461 | L63: 1.2949535 | M63: 1.4634931 | N63: 1.6539684 | O63: 1.831503 | P63: 2.0769223 | Q63: 2.3155421 | R63: 2.6347613 | S63: 2.9675756 | T63: 3.3424299 | U63: 3.713802 | V63: 4.1404846 | W63: 4.6793731 | X63: 5.3064037 | Y63: 5.856048 | Z63: 6.6633593 | AA63: 7.4542124 | AB63: 8.4243884 | AC63: 9.3286505 | AD63: 10.542782 | AE63: 11.754053 | AF63: 13.419995 | AG63: 15.322049 | AH63: 16.851761 | AI63: 18.98042 | AJ63: 21.377963 | AK63: 24.078356 | AL63: 27.119854 | AM63: 30.338624 | AN63: 34.170899 | AO63: 38.487253 | AP63: 43.793083 | AQ63: 49.157516 | AR63: 55.36693 | AS63: 63.645417 | AT63: 68.8201
A64: 14 | B64: 1 | C64: loss | D64: 1.4660178 | E64: 2.4237832 | F64: 3.7941453 | G64: 5.9392845 | H64: 9.3994282 | I64: 14.71369 | J64: 24.061861 | K64: 38.079931 | L64: 60.927059 | M64: 95.374087 | N64: 150.93756 | O64: 236.27506 | P64: 357.92942
A65: 14 | B65: 2 | C65: loss | D65: 1.4660178 | E65: 2.4237832 | F65: 3.7941453 | G65: 5.9392845 | H65: 9.3994282 | I65: 14.71369 | J65: 24.061861 | K65: 38.079931 | L65: 60.927059 | M65: 95.374087 | N65: 150.93756 | O65: 236.27506 | P65: 357.92942
A66: 14 | B66: 3 | C66: loss | D66: 1.4660178 | E66: 2.4237832 | F66: 3.7941453 | G66: 5.9392845 | H66: 9.3994282 | I66: 14.71369 | J66: 24.061861 | K66: 38.079931 | L66: 60.927059 | M66: 95.374087 | N66: 150.93756 | O66: 236.27506 | P66: 357.92942
A67: 14 | B67: 4 | C67: loss | D67: 1.4660178 | E67: 2.4237832 | F67: 3.7941453 | G67: 5.9392845 | H67: 9.3994282 | I67: 14.71369 | J67: 24.061861 | K67: 38.079931 | L67: 60.927059 | M67: 95.374087 | N67: 150.93756 | O67: 236.27506 | P67: 357.92942
A68: 14 | B68: 5 | C68: loss | D68: 1.4660178 | E68: 2.4237832 | F68: 3.7941453 | G68: 5.9392845 | H68: 9.3994282 | I68: 14.71369 | J68: 24.061861 | K68: 38.079931 | L68: 60.927059 | M68: 95.374087 | N68: 150.93756 | O68: 236.27506 | P68: 357.92942
A69: 14 | B69: 6 | C69: loss | D69: 1.4660178 | E69: 2.4237832 | F69: 3.7941453 | G69: 5.9392845 | H69: 9.3994282 | I69: 14.71369 | J69: 24.061861 | K69: 38.079931 | L69: 60.927059 | M69: 95.374087 | N69: 150.93756 | O69: 236.27506 | P69: 357.92942
A70: 14 | B70: 7 | C70: loss | D70: 1.4660178 | E70: 2.4237832 | F70: 3.7941453 | G70: 5.9392845 | H70: 9.3994282 | I70: 14.71369 | J70: 24.061861 | K70: 38.079931 | L70: 60.927059 | M70: 95.374087 | N70: 150.93756 | O70: 236.27506 | P70: 357.92942
A71: 14 | B71: 8 | C71: loss | D71: 1.4660178 | E71: 2.4237832 | F71: 3.7941453 | G71: 5.9392845 | H71: 9.3994282 | I71: 14.71369 | J71: 24.061861 | K71: 38.079931 | L71: 60.927059 | M71: 95.374087 | N71: 150.93756 | O71: 236.27506 | P71: 357.92942
A72: 14 | B72: 9 | C72: loss | D72: 1.4660178 | E72: 2.4237832 | F72: 3.7941453 | G72: 5.9392845 | H72: 9.3994282 | I72: 14.71369 | J72: 24.061861 | K72: 38.079931 | L72: 60.927059 | M72: 95.374087 | N72: 150.93756 | O72: 236.27506 | P72: 357.92942
A73: 14 | B73: 10 | C73: loss | D73: 1.4660178 | E73: 2.4237832 | F73: 3.7941453 | G73: 5.9392845 | H73: 9.3994282 | I73: 14.71369 | J73: 24.061861 | K73: 38.079931 | L73: 60.927059 | M73: 95.374087 | N73: 150.93756 | O73: 236.27506 | P73: 357.92942
A74: 15 | B74: 1 | D74: 1.4797716 | E74: 2.3352422 | F74: 3.7505048 | G74: 5.7818398 | H74: 9.340369 | I74: 14.913571 | J74: 22.856935 | K74: 38.920445 | L74: 62.874678 | M74: 88.786922 | N74: 140.11552 | O74: 234.43655 | P74: 376.51589
A75: 15 | B75: 2 | D75: 1.4797716 | E75: 2.3352422 | F75: 3.7505048 | G75: 5.7818398 | H75: 9.340369 | I75: 14.913571 | J75: 22.856935 | K75: 38.920445 | L75: 62.874678 | M75: 88.786922 | N75: 140.11552 | O75: 234.43655 | P75: 376.51589
A76: 15 | B76: 3 | D76: 1.4797716 | E76: 2.3352422 | F76: 3.7505048 | G76: 5.7818398 | H76: 9.340369 | I76: 14.913571 | J76: 22.856935 | K76: 38.920445 | L76: 62.874678 | M76: 88.786922 | N76: 140.11552 | O76: 234.43655 | P76: 376.51589
A77: 15 | B77: 4 | D77: 1.4797716 | E77: 2.3352422 | F77: 3.7505048 | G77: 5.7818398 | H77: 9.340369 | I77: 14.913571 | J77: 22.856935 | K77: 38.920445 | L77: 62.874678 | M77: 88.786922 | N77: 140.11552 | O77: 234.43655 | P77: 376.51589
A78: 15 | B78: 5 | D78: 1.4797716 | E78: 2.3352422 | F78: 3.7505048 | G78: 5.7818398 | H78: 9.340369 | I78: 14.913571 | J78: 22.856935 | K78: 38.920445 | L78: 62.874678 | M78: 88.786922 | N78: 140.11552 | O78: 234.43655 | P78: 376.51589
A79: 15 | B79: 6 | D79: 1.4797716 | E79: 2.3352422 | F79: 3.7505048 | G79: 5.7818398 | H79: 9.340369 | I79: 14.913571 | J79: 22.856935 | K79: 38.920445 | L79: 62.874678 | M79: 88.786922 | N79: 140.11552 | O79: 234.43655 | P79: 376.51589
A80: 16 | B80: 1
A81: 16 | B81: 2
A82: 16 | B82: 3
A83: 17 | B83: 1 | D83: 0.16 | E83: 0.25 | F83: 0.41 | G83: 0.66 | H83: 1.02 | I83: 1.6 | J83: 2.52 | K83: 3.97 | L83: 6.4 | M83: 10 | N83: 16
A84: 17 | B84: 2 | D84: 0.16 | E84: 0.25 | F84: 0.41 | G84: 0.66 | H84: 1.02 | I84: 1.6 | J84: 2.53 | K84: 3.97 | L84: 6.4 | M84: 10 | N84: 16
A85: 17 | B85: 3 | D85: 0.16 | E85: 0.25 | F85: 0.41 | G85: 0.66 | H85: 1.02 | I85: 1.6 | J85: 2.54 | K85: 3.97 | L85: 6.4 | M85: 10 | N85: 16
A86: 17 | B86: 4 | D86: 0.16 | E86: 0.25 | F86: 0.41 | G86: 0.66 | H86: 1.02 | I86: 1.6 | J86: 2.55 | K86: 3.97 | L86: 6.4 | M86: 10 | N86: 16
A87: 18 | B87: 1 | C87: loss | D87: 0.19 | E87: 0.29 | F87: 0.41 | G87: 0.6 | H87: 0.83 | I87: 1.21 | J87: 1.82 | K87: 2.49 | L87: 3.57 | M87: 5.11 | N87: 7.5 | O87: 10.49 | P87: 15.77 | Q87: 22.6 | R87: 31.62 | S87: 46.42 | T87: 68.13 | U87: 100 | V87: 143.3 | W87: 205.35
A88: 18 | B88: 2 | C88: loss | D88: 1.24 | E88: 1.78 | F88: 2.49 | G88: 3.48 | H88: 4.87 | I88: 6.49 | J88: 9.53 | K88: 13.02 | L88: 17.78 | M88: 26.1 | N88: 35.65 | O88: 51.09 | P88: 69.78 | Q88: 100 | R88: 133.35 | S88: 191.1 | T88: 273.84
A89: 19 | B89: 1 | C89: loss
A90: 19 | B90: 2 | C90: loss
A91: 19 | B91: 3 | C91: loss
A92: 19 | B92: 4 | C92: loss
A93: 19 | B93: 5 | C93: loss
A94: 20 | B94: 1a | D94: 0.1 | E94: 0.2455604 | F94: 0.61781863 | G94: 1.5544047 | H94: 3.9108143 | I94: 9.839438 | J94: 25.057939 | K94: 98.793231
A95: 20 | B95: 2a | D95: 0.1 | E95: 0.15670367 | F95: 0.99193893 | G95: 2.4655604 | H95: 6.2790032 | I95: 15.797698 | J95: 61.532375 | K95: 96.423582
A96: 20 | B96: 3a | D96: 0.097601215 | E96: 0.31304479 | F96: 0.74122016 | G96: 3.1431406 | H96: 7.4422622 | I96: 23.297592 | J96: 41.220537 | K96: 97.6012
A97: 20 | B97: 4a | D97: 0.1 | E97: 0.15670367 | F97: 0.99193893 | G97: 2.4655604 | H97: 6.2790032 | I97: 15.797698 | J97: 61.532375 | K97: 96.423582
A98: 20 | B98: 1b | D98: 0.09727 | E98: 0.12937527 | F98: 0.17365233 | G98: 0.23094866 | H98: 0.30714982 | I98: 0.40849345 | J98: 0.54829555 | K98: 0.72920485 | L98: 0.97876668 | M98: 1.3137381 | N98: 1.7153573 | O98: 2.3024153 | P98: 3.09039 | Q98: 4.1100595 | R98: 5.4661745 | S98: 7.3368994 | T98: 9.7577108 | U98: 12.858431 | V98: 17.418566 | W98: 23.165796 | X98: 31.094018 | Y98: 40.974855 | Z98: 54.99795 | AA98: 73.144535 | AB98: 97.278342
A99: 20 | B99: 2b | D99: 0.097278342 | E99: 0.15267059 | F99: 0.24630781 | G99: 0.38656021 | H99: 0.60667501 | I99: 0.96980491 | J99: 1.5360952 | K99: 2.4330548 | L99: 3.8184829 | M99: 6.1604749 | N99: 9.6683674 | O99: 15.455432 | P99: 24.480197 | Q99: 38.774768 | R99: 60.853787 | S99: 99.084507
A100: 20 | B100: 3b | D100: 0.096387644 | E100: 0.12937527 | F100: 0.17048701 | G100: 0.23308266 | H100: 0.31285247 | I100: 0.41226825 | J100: 0.5432756 | K100: 0.74274398 | L100: 1.2546869 | M100: 1.6996511 | N100: 2.2813368 | O100: 3.0340605 | P100: 4.0724322 | Q100: 5.3665342 | R100: 7.4046982 | S100: 9.6683674 | T100: 12.858431 | U100: 17.259078 | V100: 22.743517 | W100: 30.809316 | X100: 40.974855 | Y100: 54.494379 | Z100: 72.474718 | AA100: 98.177271
...

Sheet Physchem_properties
A1: Study_id | B1: Instance | C1: Monomer_A | D1: Monomer_B | E1: HB_ratio | F1: HV_ratio | G1: Mw_PHBV | H1: Mn_PHBV | I1: Density | J1: Density_units | K1: PDI | L1: Additive_1 | M1: Additive1_type | N1: Additive1_name | O1: Additive1_percentage | P1: Additive_2 | Q1: Additive2_type | R1: Additive2_name | S1: Additive2_percentage | T1: final_PHA_percentage | V1: HB_ratio_formulation | W1: HV_ratio_formulation | Y1: Row No.
A2: 1 | B2: 1 | C2: 3HB | D2: 3HV | E2: 97 | F2: 3 | I2: 1.24 | J2: g/cm3 | L2: No | P2: No | T2: 100 | V2: 97 | W2: 3 | Y2: 1
A3: 1 | B3: 2 | C3: 3HB | D3: 3HV | E3: 97 | F3: 3 | I3: 1.24 | J3: g/cm3 | L3: No | P3: No | T3: 100 | V3: 97 | W3: 3 | Y3: 2
A4: 1 | B4: 3 | C4: 3HB | D4: 3HV | E4: 97 | F4: 3 | I4: 1.24 | J4: g/cm3 | L4: No | P4: No | T4: 100 | V4: 97 | W4: 3 | Y4: 3
A5: 1 | B5: 4 | C5: 3HB | D5: 3HV | E5: 97 | F5: 3 | I5: 1.24 | J5: g/cm3 | L5: No | P5: No | T5: 100 | V5: 97 | W5: 3 | Y5: 4
A6: 1 | B6: 5 | C6: 3HB | D6: 3HV | E6: 97 | F6: 3 | I6: 1.24 | J6: g/cm3 | L6: No | P6: No | T6: 100 | V6: 97 | W6: 3 | Y6: 5
A7: 2 | B7: 1 | C7: 3HB | D7: 3HV | E7: 100 | F7: 0 | G7: 440000 | H7: 260000 | L7: No | P7: No | T7: 100 | V7: 100 | W7: 0 | Y7: 6
A8: 2 | B8: 2 | C8: 3HB | D8: 3HV | E8: 100 | F8: 0 | G8: 440000 | H8: 260000 | L8: Yes | M8: Plasticizer | N8: lignin | O8: 10 | P8: No | T8: 90 | V8: 90 | W8: 0 | Y8: 7
A9: 2 | B9: 3 | C9: 3HB | D9: 3HV | E9: 100 | F9: 0 | G9: 440000 | H9: 260000 | L9: Yes | M9: Filler | N9: lignin | O9: 60 | P9: No | T9: 40 | V9: 40 | W9: 0 | Y9: 8
A10: 2 | B10: 4 | C10: 3HB | D10: 3HV | E10: 100 | F10: 0 | G10: 440000 | H10: 260000 | L10: Yes | M10: Filler | N10: lignin | O10: 90 | P10: No | T10: 10 | V10: 10 | W10: 0 | Y10: 9
A11: 3 | B11: 1 | C11: 3HB | D11: 3HV | E11: 100 | F11: 0 | G11: 223000 | K11: 1.23 | L11: No | P11: No | T11: 100 | V11: 100 | W11: 0 | Y11: 10
A12: 3 | B12: 2 | C12: 3HB | D12: 3HV | E12: 100 | F12: 0 | G12: 223000 | K12: 1.23 | L12: Yes | M12: Filler | N12: LCB | O12: 30 | P12: No | T12: 70 | V12: 70 | W12: 0 | Y12: 11
A13: 3 | B13: 3 | C13: 3HB | D13: 3HV | E13: 100 | F13: 0 | G13: 223000 | K13: 1.23 | L13: Yes | M13: Antioxidant | N13: IL | O13: 30 | P13: No | T13: 70 | V13: 70 | W13: 0 | Y13: 12
A14: 3 | B14: 4 | C14: 3HB | D14: 3HV | E14: 100 | F14: 0 | G14: 223000 | K14: 1.23 | L14: Yes | M14: Filler | N14: HC | O14: 30 | P14: No | T14: 70 | V14: 70 | W14: 0 | Y14: 13
A15: 4 | B15: 1 | C15: 3HB | D15: 3HV | E15: 97 | F15: 3 | I15: 1.23 | J15: g/cm3 | L15: No | P15: No | T15: 100 | V15: 97 | W15: 3 | Y15: 14
A16: 4 | B16: 2 | C16: 3HB | D16: 3HV | E16: 97 | F16: 3 | I16: 1.23 | J16: g/cm3 | L16: Yes | M16: Reinforcement | N16: wood_fiber | O16: 15 | P16: No | T16: 85 | V16: 82.45 | W16: 2.55 | Y16: 15
A17: 4 | B17: 3 | C17: 3HB | D17: 3HV | E17: 97 | F17: 3 | I17: 1.23 | J17: g/cm3 | L17: Yes | M17: Filler | N17: cellulose | O17: 15 | P17: No | T17: 85 | V17: 82.45 | W17: 2.55 | Y17: 16
A18: 5 | B18: 1 | C18: 3HB | D18: 3HV | E18: 92 | F18: 8 | G18: 443000 | L18: No | P18: No | T18: 100 | V18: 92 | W18: 8 | Y18: 17
A19: 5 | B19: 2 | C19: 3HB | D19: 3HV | E19: 92 | F19: 8 | G19: 443000 | L19: Yes | M19: Reinforcement | N19: IN | O19: 30 | P19: No | T19: 70 | V19: 64.4 | W19: 5.6 | Y19: 18
A20: 5 | B20: 3 | C20: 3HB | D20: 3HV | E20: 92 | F20: 8 | G20: 443000 | L20: Yes | M20: Compatibilizer | N20: IN-AC | O20: 30 | P20: No | T20: 70 | V20: 64.4 | W20: 5.6 | Y20: 19
A21: 5 | B21: 4 | C21: 3HB | D21: 3HV | E21: 92 | F21: 8 | G21: 443000 | L21: Yes | M21: Compatibilizer | N21: IN-PR | O21: 30 | P21: No | T21: 70 | V21: 64.4 | W21: 5.6 | Y21: 20
A22: 5 | B22: 5 | C22: 3HB | D22: 3HV | E22: 92 | F22: 8 | G22: 443000 | L22: Yes | M22: Compatibilizer | N22: IN-BU | O22: 30 | P22: No | T22: 70 | V22: 64.4 | W22: 5.6 | Y22: 21
A23: 5 | B23: 6 | C23: 3HB | D23: 3HV | E23: 92 | F23: 8 | G23: 443000 | L23: Yes | M23: Plasticizer | N23: IN-HE | O23: 30 | P23: No | T23: 70 | V23: 64.4 | W23: 5.6 | Y23: 22
A24: 6 | B24: 1 | C24: 3HB | D24: 3HV | E24: 100 | F24: 0 | G24: 117869 | H24: 49078 | L24: No | P24: No | T24: 100 | V24: 100 | W24: 0 | Y24: 23
A25: 6 | B25: 2 | C25: 3HB | D25: 3HV | E25: 100 | F25: 0 | G25: 117869 | H25: 49078 | L25: Yes | M25: Reinforcement | N25: lignin | O25: 5 | P25: No | T25: 95 | V25: 95 | W25: 0 | Y25: 24
A26: 6 | B26: 3 | C26: 3HB | D26: 3HV | E26: 100 | F26: 0 | G26: 117869 | H26: 49078 | L26: Yes | M26: Reinforcement | N26: lignin | O26: 7 | P26: No | T26: 93 | V26: 93 | W26: 0 | Y26: 25
A27: 6 | B27: 4 | C27: 3HB | D27: 3HV | E27: 100 | F27: 0 | G27: 117869 | H27: 49078 | L27: Yes | M27: Reinforcement | N27: lignin | O27: 9 | P27: No | T27: 91 | V27: 91 | W27: 0 | Y27: 26
A28: 7 | B28: 1 | C28: 3HB | D28: 3HV | E28: 100 | F28: 0 | G28: 890000 | H28: 462000 | L28: No | P28: No | T28: 100 | V28: 100 | W28: 0 | Y28: 27
A29: 7 | B29: 2 | C29: 3HB | D29: 3HV | E29: 100 | F29: 0 | G29: 890000 | H29: 462000 | L29: Yes | M29: Reinforcement | N29: LRR | O29: 30 | P29: No | T29: 70 | V29: 70 | W29: 0 | Y29: 28
A30: 8 | B30: 1 | C30: 3HB | D30: 3HB | E30: 100 | F30: 0 | G30: 490000 | I30: 1.25 | J30: g/cm3 | L30: Yes | M30: Plasticizer | N30: ATBC | O30: 10 | P30: No | T30: 90 | V30: 90 | W30: 0 | Y30: 29
A31: 8 | B31: 2 | C31: 3HB | D31: 3HV | E31: 100 | F31: 0 | G31: 490000 | I31: 1.25 | J31: g/cm3 | L31: Yes | M31: Plasticizer | N31: ATBC | O31: 10 | P31: Yes | Q31: Reinforcement | R31: CLF | S31: 5 | T31: 85 | V31: 85 | W31: 0 | Y31: 30
A32: 8 | B32: 3 | C32: 3HB | D32: 3HV | E32: 100 | F32: 0 | G32: 490000 | I32: 1.25 | J32: g/cm3 | L32: Yes | M32: Plasticizer | N32: ATBC | O32: 10 | P32: Yes | Q32: Reinforcement | R32: CLF | S32: 10 | T32: 80 | V32: 80 | W32: 0 | Y32: 31
A33: 8 | B33: 4 | C33: 3HB | D33: 3HV | E33: 100 | F33: 0 | G33: 490000 | I33: 1.25 | J33: g/cm3 | L33: Yes | M33: Plasticizer | N33: ATBC | O33: 20 | P33: Yes | Q33: Reinforcement | R33: CLF | S33: 5 | T33: 75 | V33: 75 | W33: 0 | Y33: 32
A34: 9 | B34: 1 | C34: 3HB | D34: 3HV | E34: 22.9 | F34: 77.1 | G34: 286000 | K34: 2.5 | L34: No | P34: No | T34: 100 | V34: 22.9 | W34: 77.1 | Y34: 33
A35: 9 | B35: 2 | C35: 3HB | D35: 3HV | E35: 22.9 | F35: 77.1 | G35: 286000 | K35: 2.5 | L35: Yes | M35: Reinforcement | N35: lignin | O35: 1 | P35: No | T35: 99 | V35: 22.671 | W35: 76.329 | Y35: 34
A36: 9 | B36: 3 | C36: 3HB | D36: 3HV | E36: 22.9 | F36: 77.1 | G36: 286000 | K36: 2.5 | L36: Yes | M36: Reinforcement | N36: lignin | O36: 5 | P36: No | T36: 95 | V36: 21.755 | W36: 73.245 | Y36: 35
A37: 9 | B37: 4 | C37: 3HB | D37: 3HV | E37: 22.9 | F37: 77.1 | G37: 286000 | K37: 2.5 | L37: Yes | M37: Reinforcement | N37: lignin | O37: 10 | P37: No | T37: 90 | V37: 20.61 | W37: 69.39 | Y37: 36
A38: 11 | B38: 1a | C38: 3HB | D38: 3HV | E38: 100 | F38: 0 | G38: 450000 | L38: No | P38: No | T38: 100 | V38: 100 | W38: 0 | Y38: 37
A39: 11 | B39: 2a | C39: 3HB | D39: 3HV | E39: 100 | F39: 0 | G39: 450000 | L39: Yes | M39: Filler | N39: biorefinery_lignin | O39: 10 | P39: No | T39: 90 | V39: 90 | W39: 0 | Y39: 38
A40: 11 | B40: 3a | C40: 3HB | D40: 3HV | E40: 100 | F40: 0 | G40: 450000 | L40: Yes | M40: Filler | N40: biorefinery_lignin | O40: 20 | P40: No | T40: 80 | V40: 80 | W40: 0 | Y40: 39
A41: 11 | B41: 4a | C41: 3HB | D41: 3HV | E41: 100 | F41: 0 | G41: 450000 | L41: Yes | M41: Filler | N41: biorefinery_lignin | O41: 50 | P41: No | T41: 50 | V41: 50 | W41: 0 | Y41: 40
A42: 11 | B42: 1b | C42: 3HB | D42: 3HV | E42: 100 | F42: 0 | G42: 450000 | L42: No | P42: No | T42: 100 | V42: 100 | W42: 0 | Y42: 41
A43: 11 | B43: 2b | C43: 3HB | D43: 3HV | E43: 100 | F43: 0 | G43: 450000 | L43: Yes | M43: Filler | N43: biorefinery_lignin | O43: 10 | P43: No | T43: 90 | V43: 90 | W43: 0 | Y43: 42
A44: 11 | B44: 3b | C44: 3HB | D44: 3HV | E44: 100 | F44: 0 | G44: 450000 | L44: Yes | M44: Filler | N44: biorefinery_lignin | O44: 20 | P44: No | T44: 80 | V44: 80 | W44: 0 | Y44: 43
A45: 11 | B45: 4b | C45: 3HB | D45: 3HV | E45: 100 | F45: 0 | G45: 450000 | L45: Yes | M45: Filler | N45: biorefinery_lignin | O45: 50 | P45: No | T45: 50 | V45: 50 | W45: 0 | Y45: 44
A46: 12 | B46: 1a | C46: 3HB | D46: 3HV | E46: 95 | F46: 5 | G46: 607000 | K46: 4.04 | L46: No | P46: No | T46: 100 | V46: 95 | W46: 5 | Y46: 45
A47: 12 | B47: 2a | C47: 3HB | D47: 3HV | E47: 95 | F47: 5 | G47: 607000 | K47: 4.04 | L47: Yes | M47: Reinforcement | N47: CNC | O47: 1 | P47: No | T47: 99 | V47: 94.05 | W47: 4.95 | Y47: 46
A48: 12 | B48: 3a | C48: 3HB | D48: 3HV | E48: 95 | F48: 5 | G48: 607000 | K48: 4.04 | L48: Yes | M48: Reinforcement | N48: mCNC | O48: 1 | P48: No | T48: 99 | V48: 94.05 | W48: 4.95 | Y48: 47
A49: 12 | B49: 4a | C49: 3HB | D49: 3HV | E49: 95 | F49: 5 | G49: 607000 | K49: 4.04 | L49: Yes | M49: Reinforcement | N49: CNC | O49: 2.5 | P49: No | T49: 97.5 | V49: 92.625 | W49: 4.875 | Y49: 48
A50: 12 | B50: 5a | C50: 3HB | D50: 3HV | E50: 95 | F50: 5 | G50: 607000 | K50: 4.04 | L50: Yes | M50: Reinforcement | N50: mCNC | O50: 2.5 | P50: No | T50: 97.5 | V50: 92.625 | W50: 4.875 | Y50: 49
A51: 12 | B51: 1b | C51: 3HB | D51: 3HV | E51: 95 | F51: 5 | G51: 607000 | K51: 4.04 | L51: No | P51: No | T51: 100 | V51: 95 | W51: 5 | Y51: 50
A52: 12 | B52: 2b | C52: 3HB | D52: 3HV | E52: 95 | F52: 5 | G52: 607000 | K52: 4.04 | L52: Yes | M52: Reinforcement | N52: CNC | O52: 1 | P52: No | T52: 99 | V52: 94.05 | W52: 4.95 | Y52: 51
A53: 12 | B53: 3b | C53: 3HB | D53: 3HV | E53: 95 | F53: 5 | G53: 607000 | K53: 4.04 | L53: Yes | M53: Reinforcement | N53: mCNC | O53: 1 | P53: No | T53: 99 | V53: 94.05 | W53: 4.95 | Y53: 52
A54: 12 | B54: 4b | C54: 3HB | D54: 3HV | E54: 95 | F54: 5 | G54: 607000 | K54: 4.04 | L54: Yes | M54: Reinforcement | N54: CNC | O54: 2.5 | P54: No | T54: 97.5 | V54: 92.625 | W54: 4.875 | Y54: 53
A55: 12 | B55: 5b | C55: 3HB | D55: 3HV | E55: 95 | F55: 5 | G55: 607000 | K55: 4.04 | L55: Yes | M55: Reinforcement | N55: mCNC | O55: 2.5 | P55: No | T55: 97.5 | V55: 92.625 | W55: 4.875 | Y55: 54
A56: 13 | B56: 1 | C56: 3HB | D56: 3HV | E56: 84 | F56: 16 | G56: 2800000 | H56: 1960000 | K56: 1.43 | L56: No | P56: No | T56: 100 | V56: 84 | W56: 16 | Y56: 55
A57: 13 | B57: 2 | C57: 3HB | D57: 3HV | E57: 82 | F57: 18 | G57: 867000 | H57: 798000 | K57: 1.09 | L57: No | P57: No | T57: 100 | V57: 82 | W57: 18 | Y57: 56
A58: 13 | B58: 3 | C58: 3HB | D58: 3HV | E58: 81 | F58: 19 | G58: 696000 | H58: 645000 | K58: 1.08 | L58: No | P58: No | T58: 100 | V58: 81 | W58: 19 | Y58: 57
A59: 13 | B59: 4 | C59: 3HB | D59: 3HV | E59: 77 | F59: 23 | G59: 854000 | H59: 752000 | K59: 1.14 | L59: No | P59: No | T59: 100 | V59: 77 | W59: 23 | Y59: 58
A60: 13 | B60: 5 | C60: 3HB | D60: 3HV | E60: 76 | F60: 24 | G60: 649000 | H60: 599000 | K60: 1.08 | L60: No | P60: No | T60: 100 | V60: 76 | W60: 24 | Y60: 59
A61: 13 | B61: 6 | C61: 3HB | D61: 3HV | E61: 77 | F61: 23 | G61: 686000 | H61: 640000 | K61: 1.07 | L61: No | P61: No | T61: 100 | V61: 77 | W61: 23 | Y61: 60
A62: 13 | B62: 7 | C62: 3HB | D62: 3HV | E62: 78 | F62: 22 | G62: 845000 | H62: 796000 | K62: 1.06 | L62: No | P62: No | T62: 100 | V62: 78 | W62: 22 | Y62: 61
A63: 13 | B63: 8 | C63: 3HB | D63: 3HV | E63: 79 | F63: 21 | G63: 1130000 | H63: 1010000 | K63: 1.12 | L63: No | P63: No | T63: 100 | V63: 79 | W63: 21 | Y63: 62
A64: 14 | B64: 1 | C64: 3HB | D64: 3HV | E64: 88 | F64: 12 | G64: 65116 | L64: No | P64: No | T64: 100 | V64: 88 | W64: 12 | Y64: 63
A65: 14 | B65: 2 | C65: 3HB | D65: 3HV | E65: 88 | F65: 12 | G65: 65116 | L65: Yes | M65: Reinforcement | N65: CNW | O65: 0.5 | P65: No | T65: 99.5 | V65: 87.56 | W65: 11.94 | Y65: 64
A66: 14 | B66: 3 | C66: 3HB | D66: 3HV | E66: 88 | F66: 12 | G66: 65116 | L66: Yes | M66: Reinforcement | N66: CNW | O66: 1.2 | P66: No | T66: 98.8 | V66: 86.944 | W66: 11.856 | Y66: 65
A67: 14 | B67: 4 | C67: 3HB | D67: 3HV | E67: 88 | F67: 12 | G67: 65116 | L67: Yes | M67: Reinforcement | N67: CNW | O67: 2 | P67: No | T67: 98 | V67: 86.24 | W67: 11.76 | Y67: 66
A68: 14 | B68: 5 | C68: 3HB | D68: 3HV | E68: 88 | F68: 12 | G68: 65116 | L68: Yes | M68: Reinforcement | N68: CNW | O68: 2.3 | P68: No | T68: 97.7 | V68: 85.976 | W68: 11.724 | Y68: 67
A69: 14 | B69: 6 | C69: 3HB | D69: 3HV | E69: 88 | F69: 12 | G69: 65116 | L69: Yes | M69: Reinforcement | N69: CNW | O69: 2.9 | P69: No | T69: 97.1 | V69: 85.448 | W69: 11.652 | Y69: 68
A70: 14 | B70: 7 | C70: 3HB | D70: 3HV | E70: 88 | F70: 12 | G70: 65116 | L70: Yes | M70: Reinforcement | N70: CNW | O70: 3.3 | P70: No | T70: 96.7 | V70: 85.096 | W70: 11.604 | Y70: 69
A71: 14 | B71: 8 | C71: 3HB | D71: 3HV | E71: 88 | F71: 12 | G71: 65116 | L71: Yes | M71: Reinforcement | N71: CNW | O71: 3.6 | P71: No | T71: 96.4 | V71: 84.832 | W71: 11.568 | Y71: 70
A72: 14 | B72: 9 | C72: 3HB | D72: 3HV | E72: 88 | F72: 12 | G72: 65116 | L72: Yes | M72: Reinforcement | N72: CNW | O72: 4.2 | P72: No | T72: 95.8 | V72: 84.304 | W72: 11.496 | Y72: 71
A73: 14 | B73: 10 | C73: 3HB | D73: 3HV | E73: 88 | F73: 12 | G73: 65116 | L73: Yes | M73: Reinforcement | N73: CNW | O73: 4.6 | P73: No | T73: 95.4 | V73: 83.952 | W73: 11.448 | Y73: 72
A74: 15 | B74: 1 | C74: 3HB | D74: 3HV | E74: 88 | F74: 12 | L74: No | P74: No | T74: 100 | V74: 88 | W74: 12 | Y74: 73
A75: 15 | B75: 2 | C75: 3HB | D75: 3HV | E75: 88 | F75: 12 | L75: Yes | M75: Reinforcement | N75: CNW | O75: 1.5 | P75: No | T75: 98.5 | V75: 86.68 | W75: 11.82 | Y75: 74
A76: 15 | B76: 3 | C76: 3HB | D76: 3HV | E76: 88 | F76: 12 | L76: Yes | M76: Reinforcement | N76: CNW | O76: 2 | P76: No | T76: 98 | V76: 86.24 | W76: 11.76 | Y76: 75
A77: 15 | B77: 4 | C77: 3HB | D77: 3HV | E77: 88 | F77: 12 | L77: Yes | M77: Reinforcement | N77: CNW | O77: 3 | P77: No | T77: 97 | V77: 85.36 | W77: 11.64 | Y77: 76
A78: 15 | B78: 5 | C78: 3HB | D78: 3HV | E78: 88 | F78: 12 | L78: Yes | M78: Reinforcement | N78: CNW | O78: 4 | P78: No | T78: 96 | V78: 84.48 | W78: 11.52 | Y78: 77
A79: 15 | B79: 6 | C79: 3HB | D79: 3HV | E79: 88 | F79: 12 | L79: Yes | M79: Reinforcement | N79: CNW | O79: 5 | P79: No | T79: 95 | V79: 83.6 | W79: 11.4 | Y79: 78
A80: 16 | B80: 1 | C80: 3HB | D80: 3HV | E80: 88 | F80: 12 | L80: No | P80: No | T80: 100 | V80: 88 | W80: 12 | Y80: 79
A81: 16 | B81: 2 | C81: 3HB | D81: 3HV | E81: 88 | F81: 12 | L81: Yes | M81: Reinforcement | N81: CNW | O81: 1 | P81: No | T81: 99 | V81: 87.12 | W81: 11.88 | Y81: 80
A82: 16 | B82: 3 | C82: 3HB | D82: 3HV | E82: 88 | F82: 12 | L82: Yes | M82: Reinforcement | N82: CNW | O82: 5 | P82: No | T82: 95 | V82: 83.6 | W82: 11.4 | Y82: 81
A83: 17 | B83: 1 | C83: 3HB | D83: 3HV | E83: 100 | F83: 0 | L83: No | P83: No | T83: 100 | V83: 100 | W83: 0 | Y83: 82
A84: 17 | B84: 2 | C84: 3HB | D84: 3HV | E84: 95 | F84: 5 | K84: 3.64 | L84: No | P84: No | T84: 100 | V84: 95 | W84: 5 | Y84: 83
A85: 17 | B85: 3 | C85: 3HB | D85: 3HV | E85: 92 | F85: 8 | K85: 2.54 | L85: No | P85: No | T85: 100 | V85: 92 | W85: 8 | Y85: 84
A86: 17 | B86: 4 | C86: 3HB | D86: 3HV | E86: 80 | F86: 20 | K86: 2.65 | L86: No | P86: No | T86: 100 | V86: 80 | W86: 20 | Y86: 85
A87: 18 | B87: 1 | C87: 3HB | D87: 3HV | E87: 95 | F87: 5 | G87: 70000 | L87: No | P87: No | T87: 100 | V87: 95 | W87: 5 | Y87: 86
A88: 18 | B88: 2 | C88: 3HB | D88: 3HV | E88: 88 | F88: 12 | G88: 530000 | L88: No | P88: No | T88: 100 | V88: 88 | W88: 12 | Y88: 87
A89: 19 | B89: 1 | C89: 3HB | D89: 3HV | I89: 1.25 | J89: g/cm3 | L89: Yes | M89: Reinforcement | N89: WF | O89: 40 | P89: No | T89: 60 | Y89: 88
A90: 19 | B90: 2 | C90: 3HB | D90: 3HV | I90: 1.25 | J90: g/cm3 | L90: Yes | M90: Reinforcement | N90: WF | O90: 30 | P90: No | T90: 70 | Y90: 89
A91: 19 | B91: 3 | C91: 3HB | D91: 3HV | I91: 1.25 | J91: g/cm3 | L91: Yes | M91: Reinforcement | N91: WF | O91: 20 | P91: No | T91: 80 | Y91: 90
A92: 19 | B92: 4 | C92: 3HB | D92: 3HV | I92: 1.25 | J92: g/cm3 | L92: Yes | M92: Reinforcement | N92: WF | O92: 10 | P92: No | T92: 90 | Y92: 91
A93: 19 | B93: 5 | C93: 3HB | D93: 3HV | I93: 1.25 | J93: g/cm3 | L93: No | P93: No | T93: 100 | Y93: 92
A94: 20 | B94: 1a | C94: 3HB | D94: 3HV | E94: 80 | F94: 20 | G94: 280000 | L94: No | P94: No | T94: 100 | V94: 80 | W94: 20 | Y94: 93
A95: 20 | B95: 2a | C95: 3HB | D95: 3HV | E95: 95 | F95: 5 | G95: 270000 | L95: No | P95: No | T95: 100 | V95: 95 | W95: 5 | Y95: 94
A96: 20 | B96: 3a | C96: 3HB | D96: 3HV | E96: 88 | F96: 12 | G96: 500000 | L96: No | P96: No | T96: 100 | V96: 88 | W96: 12 | Y96: 95
A97: 20 | B97: 4a | C97: 3HB | D97: 3HV | E97: 95 | F97: 5 | G97: 150000 | L97: No | P97: No | T97: 100 | V97: 95 | W97: 5 | Y97: 96
A98: 20 | B98: 1b | C98: 3HB | D98: 3HV | E98: 80 | F98: 20 | G98: 280000 | L98: No | P98: No | T98: 100 | V98: 80 | W98: 20 | Y98: 97
A99: 20 | B99: 2b | C99: 3HB | D99: 3HV | E99: 95 | F99: 5 | G99: 270000 | L99: No | P99: No | T99: 100 | V99: 95 | W99: 5 | Y99: 98
A100: 20 | B100: 3b | C100: 3HB | D100: 3HV | E100: 88 | F100: 12 | G100: 500000 | L100: No | P100: No | T100: 100 | V100: 88 | W100: 12 | Y100: 99
...

Sheet Thermal_properties
A1: Study_id | B1: Instance | C1: Tg1 | D1: Tg2 | E1: Tc1 | F1: Tc2 | G1: Tmc | H1: Tm1 | I1: Tm2 | J1: Td5 | K1: Tdeg | L1: Temperature_units | M1: DΗm1 | N1: DΗm2 | O1: DHc1 | P1: DHc2 | Q1: Enthaply_units | R1: Crystallinity_%
A2: 1 | B2: 1 | E2: 125 | H2: 168 | L2: celsius
A3: 1 | B3: 2 | E3: 125 | H3: 168 | L3: celsius
A4: 1 | B4: 3 | E4: 125 | H4: 168 | L4: celsius
A5: 1 | B5: 4 | E5: 125 | H5: 168 | L5: celsius
A6: 1 | B6: 5 | E6: 125 | H6: 168 | L6: celsius
A7: 2 | B7: 1 | C7: 3 | G7: 89 | H7: 172 | L7: celsius | M7: 92 | Q7: J/g | R7: 63
A8: 2 | B8: 2 | C8: 7 | G8: 132 | H8: 174 | L8: celsius | M8: 90 | Q8: J/g | R8: 61
A9: 2 | B9: 3 | C9: 17 | G9: 86 | H9: 165 | L9: celsius | M9: 31 | Q9: J/g | R9: 21
A10: 2 | B10: 4 | C10: 43 | H10: 158 | L10: celsius | M10: 3 | Q10: J/g
A11: 3 | B11: 1 | C11: 3.8 | E11: 46.6 | G11: 63.2 | L11: celsius | M11: 83.3 | O11: 72.8 | P11: 15.3 | Q11: J/g
A12: 3 | B12: 2 | C12: 4.6 | E12: 46.7 | G12: 62.9 | L12: celsius | M12: 83.1 | O12: 30 | P12: 45 | Q12: J/g
A13: 3 | B13: 3 | C13: 3.8 | E13: 41.6 | G13: 47.3 | L13: celsius | M13: 83.7 | O13: 50 | P13: 27.9 | Q13: J/g
A14: 3 | B14: 4 | C14: 4.7 | E14: 41.2 | G14: 62.2 | L14: celsius | M14: 82.3 | O14: 15.7 | P14: 49.7 | Q14: J/g
A15: 4 | B15: 1
A16: 4 | B16: 2
A17: 4 | B17: 3
A18: 5 | B18: 1 | E18: 91 | I18: 170 | L18: celsius | O18: 74 | Q18: J/g | R18: 64.3
A19: 5 | B19: 2 | E19: 71 | H19: 163 | I19: 172 | L19: celsius | O19: 47 | Q19: J/g | R19: 62.3
A20: 5 | B20: 3 | E20: 60 | H20: 160 | I20: 170 | L20: celsius | O20: 34 | Q20: J/g | R20: 64.2
A21: 5 | B21: 4 | E21: 66 | H21: 158 | I21: 170 | L21: celsius | O21: 33 | Q21: J/g | R21: 64.8
A22: 5 | B22: 5 | E22: 71 | H22: 158 | I22: 170 | L22: celsius | O22: 34 | Q22: J/g | R22: 64.8
A23: 5 | B23: 6 | E23: 77 | H23: 167 | I23: 174 | L23: celsius | O23: 49 | Q23: J/g | R23: 64.5
A24: 6 | B24: 1 | C24: -1.3 | G24: 53 | H24: 167.8 | J24: 265.5 | L24: celsius | M24: 74.1 | Q24: J/g | R24: 50.8
A25: 6 | B25: 2 | C25: 0.2 | G25: 72.9 | H25: 167.7 | J25: 265.1 | L25: celsius | M25: 71.3 | Q25: J/g | R25: 48.8
A26: 6 | B26: 3 | C26: 1.3 | G26: 69.4 | H26: 168.6 | J26: 267.5 | L26: celsius | M26: 65.1 | Q26: J/g | R26: 44.6
A27: 6 | B27: 4 | C27: 2 | G27: 68.4 | H27: 169.2 | J27: 266.5 | L27: celsius | M27: 62.3 | Q27: J/g | R27: 42.7
A28: 7 | B28: 1 | C28: 3.9 | E28: 47.4 | H28: 175 | L28: celsius | M28: 87.4 | O28: 68.7 | Q28: J/g
A29: 7 | B29: 2 | C29: 3.8 | E29: 42.9 | H29: 171.4 | L29: celsius | M29: 87.8 | O29: 25.1 | Q29: J/g
A30: 8 | B30: 1 | C30: -13.4 | E30: 85.7 | H30: 161.3 | I30: 170.3 | J30: 215.7 | K30: 279.1 | L30: celsius | M30: 86 | N30: 88.7 | O30: 73.9 | Q30: J/g | R30: 58.9
A31: 8 | B31: 2 | C31: -10.1 | E31: 87.5 | H31: 161.8 | I31: 170.4 | J31: 226.5 | K31: 287.2 | L31: celsius | M31: 83.7 | N31: 85.4 | O31: 68.5 | Q31: J/g | R31: 60.4
A32: 8 | B32: 3 | C32: -6.3 | E32: 83.8 | H32: 161.2 | I32: 170 | J32: 229.3 | K32: 288.9 | L32: celsius | M32: 84.5 | N32: 79.9 | O32: 61.9 | Q32: J/g | R32: 64.3
A33: 8 | B33: 4 | C33: -21 | E33: 77 | H33: 155.5 | I33: 166.7 | J33: 203 | K33: 287.4 | L33: celsius | M33: 79 | N33: 73.7 | O33: 57.5 | Q33: J/g | R33: 63.6
A34: 9 | B34: 1 | C34: −3.7 | E34: 104.2 | H34: 150.8 | I34: 162.3 | L34: celsius | M34: 20.1 | N34: 17.3 | O34: 28.6 | Q34: J/g
A35: 9 | B35: 2 | C35: −2.6 | E35: 100.8 | H35: 149.4 | I35: 161.7 | L35: celsius | M35: 18.3 | N35: 19 | O35: 32.5 | Q35: J/g
A36: 9 | B36: 3 | C36: −2.2 | E36: 96 | H36: 148.2 | I36: 161.4 | L36: celsius | M36: 15.6 | N36: 20.3 | O36: 30.7 | Q36: J/g
A37: 9 | B37: 4 | C37: −1.5 | E37: 107.2 | H37: 151.1 | I37: 161.9 | L37: celsius | M37: 20.5 | N37: 13.5 | O37: 26.9 | Q37: J/g
A38: 11 | B38: 1a | L38: celsius
A39: 11 | B39: 2a | L39: celsius
A40: 11 | B40: 3a | L40: celsius
A41: 11 | B41: 4a | L41: celsius
A42: 11 | B42: 1b | L42: celsius
A43: 11 | B43: 2b | L43: celsius
A44: 11 | B44: 3b | L44: celsius
A45: 11 | B45: 4b | L45: celsius
A46: 12 | B46: 1a
A47: 12 | B47: 2a
A48: 12 | B48: 3a
A49: 12 | B49: 4a
A50: 12 | B50: 5a
A51: 12 | B51: 1b
A52: 12 | B52: 2b
A53: 12 | B53: 3b
A54: 12 | B54: 4b
A55: 12 | B55: 5b
A56: 13 | B56: 1 | C56: −0.7 | E56: 61.8 | H56: 126.1 | I56: 152.5 | L56: celsius | R56: 29
A57: 13 | B57: 2 | C57: −3.5 | E57: 107.1 | H57: 150.9 | I57: 166.5 | L57: celsius | R57: 19.3
A58: 13 | B58: 3 | C58: −5.3 | E58: 104.8 | H58: 159.7 | I58: 170.1 | L58: celsius | R58: 25.8
A59: 13 | B59: 4 | C59: −7.4 | E59: 80 | H59: 153.8 | I59: 165.3 | L59: celsius | R59: 21.6
A60: 13 | B60: 5 | C60: −7.2 | E60: 71.5 | I60: 162.6 | L60: celsius | R60: 23.8
A61: 13 | B61: 6 | C61: −2.5 | E61: 56.5 | I61: 155.6 | L61: celsius | R61: 16.6
A62: 13 | B62: 7 | C62: −1.6 | E62: 64.2 | H62: 128.6 | I62: 152.1 | L62: celsius | R62: 23.3
A63: 13 | B63: 8 | C63: −1.9 | E63: 66.4 | H63: 130.9 | I63: 153.1 | L63: celsius | R63: 24.3
A64: 14 | B64: 1
A65: 14 | B65: 2
A66: 14 | B66: 3
A67: 14 | B67: 4
A68: 14 | B68: 5
A69: 14 | B69: 6
A70: 14 | B70: 7
A71: 14 | B71: 8
A72: 14 | B72: 9
A73: 14 | B73: 10
A74: 15 | B74: 1
A75: 15 | B75: 2
... A86: 17 | B86: 4
A87: 18 | B87: 1 | E87: 103 | H87: 152 | I87: 162 | L87: celsius
A88: 18 | B88: 2 | E88: 94 | H88: 144 | I88: 153 | L88: celsius
A89: 19 | B89: 1
A90: 19 | B90: 2
A91: 19 | B91: 3
A92: 19 | B92: 4
A93: 19 | B93: 5
A94: 20 | B94: 1a | C94: -0.05 | E94: 66.1 | H94: 130 | I94: 163 | J94: 244 | K94: 298 | L94: celsius | R94: 5.71
A95: 20 | B95: 2a | C95: -0.48 | I95: 165 | J95: 255 | K95: 300 | L95: celsius | R95: 50.2
A96: 20 | B96: 3a | C96: -2.76 | H96: 149 | I96: 158 | J96: 264 | K96: 309 | L96: celsius | R96: 5.33
A97: 20 | B97: 4a | C97: 2.08 | H97: 144 | I97: 159 | J97: 241 | K97: 291 | L97: celsius | R97: 32.3
A98: 20 | B98: 1b | C98: -0.05 | E98: 66.1 | H98: 130 | I98: 163 | J98: 244 | K98: 298 | L98: celsius | R98: 5.71
A99: 20 | B99: 2b | C99: -0.48 | I99: 165 | J99: 255 | K99: 300 | L99: celsius | R99: 50.2
A100: 20 | B100: 3b | C100: -2.76 | H100: 149 | I100: 158 | J100: 264 | K100: 309 | L100: celsius | R100: 5.33
A101: 20 | B101: 4b | C101: 2.08 | H101: 144 | I101: 159 | J101: 241 | K101: 291 | L101: celsius | R101: 32.3
A102: 20 | B102: 1c | C102: -0.05 | E102: 66.1 | H102: 130 | I102: 163 | J102: 244 | K102: 298 | L102: celsius | R102: 5.71
A103: 20 | B103: 2c | C103: -0.48 | I103: 165 | J103: 255 | K103: 300 | L103: celsius | R103: 50.2
A104: 20 | B104: 3c | C104: -2.76 | H104: 149 | I104: 158 | J104: 264 | K104: 309 | L104: celsius | R104: 5.33
A105: 20 | B105: 4c | C105: 2.08 | H105: 144 | I105: 159 | J105: 241 | K105: 291 | L105: celsius | R105: 32.3
A106: 20 | B106: 1d | C106: -0.05 | E106: 66.1 | H106: 130 | I106: 163 | J106: 244 | K106: 298 | L106: celsius | R106: 5.71
A107: 20 | B107: 2d | C107: -0.48 | I107: 165 | J107: 255 | K107: 300 | L107: celsius | R107: 50.2
A108: 20 | B108: 3d | C108: -2.76 | H108: 149 | I108: 158 | J108: 264 | K108: 309 | L108: celsius | R108: 5.33
A109: 20 | B109: 4d | C109: 2.08 | H109: 144 | I109: 159 | J109: 241 | K109: 291 | L109: celsius | R109: 32.3
A110: 20 | B110: 1e | C110: -0.05 | E110: 66.1 | H110: 130 | I110: 163 | J110: 244 | K110: 298 | L110: celsius | R110: 5.71
...

Sheet Rheological_experimental_detail
A1: Study_id | B1: Instance | C1: Test type | D1: constant parameters | E1: geometry | F1: plate diameter | G1: gap size | H1: morphology | I1: diameter | J1: thickness | K1: size units | L1: Angular_frequency_units | M1: Texp | N1: Texp_units | O1: Viscosity_units | P1: Modulus_units | Q1: Strain_fixed(%) | R1: Frequency_experimental_fixed (Hz) | V1: Row No.
A2: 1 | B2: 1 | C2: DFS | D2: strain,temp | E2: parallel plate | G2: 1.8 | K2: mm | L2: rad/s | M2: 180 | N2: celsius | O2: Pa*s | Q2: 1 | V2: 1
A3: 1 | B3: 2 | C3: DFS | D3: strain,temp | E3: parallel plate | G3: 1.8 | K3: mm | L3: rad/s | M3: 170 | N3: celsius | O3: Pa*s | Q3: 1 | V3: 2
A4: 1 | B4: 3 | C4: DFS | D4: strain,temp | E4: parallel plate | G4: 1.8 | K4: mm | L4: rad/s | M4: 160 | N4: celsius | O4: Pa*s | Q4: 1 | V4: 3
A5: 1 | B5: 4 | C5: DFS | D5: strain,temp | E5: parallel plate | G5: 1.8 | K5: mm | L5: rad/s | M5: 150 | N5: celsius | O5: Pa*s | Q5: 1 | V5: 4
A6: 1 | B6: 5 | C6: DFS | D6: strain,temp | E6: parallel plate | G6: 1.8 | K6: mm | L6: rad/s | M6: 145 | N6: celsius | O6: Pa*s | Q6: 1 | V6: 5
A7: 2 | B7: 1 | C7: DFS | D7: strain,temp | E7: parallel plate | F7: 25 | G7: 0.75 | H7: disc | I7: 25 | J7: 0.5 | K7: mm | L7: rad/s | M7: 175 | N7: celsius | O7: Pa*s | P7: Pa | V7: 6
A8: 2 | B8: 2 | C8: DFS | D8: strain,temp | E8: parallel plate | F8: 25 | G8: 0.75 | H8: disc | I8: 25 | J8: 0.5 | K8: mm | L8: rad/s | M8: 175 | N8: celsius | O8: Pa*s | P8: Pa | V8: 7
A9: 2 | B9: 3 | C9: DFS | D9: strain,temp | E9: parallel plate | F9: 25 | G9: 0.75 | H9: disc | I9: 25 | J9: 0.5 | K9: mm | L9: rad/s | M9: 175 | N9: celsius | O9: Pa*s | P9: Pa | V9: 8
A10: 2 | B10: 4 | C10: DFS | D10: strain,temp | E10: parallel plate | F10: 25 | G10: 0.75 | H10: disc | I10: 25 | J10: 0.5 | K10: mm | L10: rad/s | M10: 175 | N10: celsius | O10: Pa*s | P10: Pa | V10: 9
A11: 3 | B11: 1 | C11: DFS | D11: strain,temp | E11: parallel plate | F11: 25 | G11: 0.8 | K11: mm | L11: rad/s | M11: 190 | N11: celsius | O11: Pa*s | P11: Pa | V11: 10
A12: 3 | B12: 2 | C12: DFS | D12: strain,temp | E12: parallel plate | F12: 25 | G12: 0.8 | K12: mm | L12: rad/s | M12: 190 | N12: celsius | O12: Pa*s | P12: Pa | V12: 11
A13: 3 | B13: 3 | C13: DFS | D13: strain,temp | E13: parallel plate | F13: 25 | G13: 0.8 | K13: mm | L13: rad/s | M13: 190 | N13: celsius | O13: Pa*s | P13: Pa | V13: 12
A14: 3 | B14: 4 | C14: DFS | D14: strain,temp | E14: parallel plate | F14: 25 | G14: 0.8 | K14: mm | L14: rad/s | M14: 190 | N14: celsius | O14: Pa*s | P14: Pa | V14: 13
A15: 4 | B15: 1 | C15: DFS | D15: strain,temp | E15: parallel plate | F15: 25 | G15: 1.5 | K15: mm | L15: hz | M15: 180 | N15: celsius | O15: Pa*s | P15: Pa | Q15: 0.1 | V15: 14
A16: 4 | B16: 2 | C16: DFS | D16: strain,temp | E16: parallel plate | F16: 25 | G16: 1.5 | K16: mm | L16: hz | M16: 180 | N16: celsius | O16: Pa*s | P16: Pa | Q16: 0.1 | V16: 15
A17: 4 | B17: 3 | C17: DFS | D17: strain,temp | E17: parallel plate | F17: 25 | G17: 1.5 | K17: mm | L17: hz | M17: 180 | N17: celsius | O17: Pa*s | P17: Pa | Q17: 0.1 | V17: 16
A18: 5 | B18: 1 | C18: DFS | D18: strain,temp | E18: parallel plate | H18: disc | I18: 25 | J18: 2 | K18: mm | L18: rad/s | M18: 175 | N18: celsius | P18: Pa | Q18: 1 | V18: 17
A19: 5 | B19: 2 | C19: DFS | D19: strain,temp | E19: parallel plate | H19: disc | I19: 25 | J19: 2 | K19: mm | L19: rad/s | M19: 175 | N19: celsius | P19: Pa | Q19: 1 | V19: 18
A20: 5 | B20: 3 | C20: DFS | D20: strain,temp | E20: parallel plate | H20: disc | I20: 25 | J20: 2 | K20: mm | L20: rad/s | M20: 175 | N20: celsius | P20: Pa | Q20: 1 | V20: 19
A21: 5 | B21: 4 | C21: DFS | D21: strain,temp | E21: parallel plate | H21: disc | I21: 25 | J21: 2 | K21: mm | L21: rad/s | M21: 175 | N21: celsius | P21: Pa | Q21: 1 | V21: 20
A22: 5 | B22: 5 | C22: DFS | D22: strain,temp | E22: parallel plate | H22: disc | I22: 25 | J22: 2 | K22: mm | L22: rad/s | M22: 175 | N22: celsius | P22: Pa | Q22: 1 | V22: 21
A23: 5 | B23: 6 | C23: DFS | D23: strain,temp | E23: parallel plate | H23: disc | I23: 25 | J23: 2 | K23: mm | L23: rad/s | M23: 175 | N23: celsius | P23: Pa | Q23: 1 | V23: 22
A24: 6 | B24: 1 | C24: DFS | D24: strain,temp | E24: parallel plate | F24: 25 | K24: mm | L24: rad/s | M24: 175 | N24: celsius | O24: Pa*s | P24: Pa | Q24: 1 | V24: 23
A25: 6 | B25: 2 | C25: DFS | D25: strain,temp | E25: parallel plate | F25: 25 | K25: mm | L25: rad/s | M25: 175 | N25: celsius | O25: Pa*s | P25: Pa | Q25: 1 | V25: 24
A26: 6 | B26: 3 | C26: DFS | D26: strain,temp | E26: parallel plate | F26: 25 | K26: mm | L26: rad/s | M26: 175 | N26: celsius | O26: Pa*s | P26: Pa | Q26: 1 | V26: 25
A27: 6 | B27: 4 | C27: DFS | D27: strain,temp | E27: parallel plate | F27: 25 | K27: mm | L27: rad/s | M27: 175 | N27: celsius | O27: Pa*s | P27: Pa | Q27: 1 | V27: 26
A28: 7 | B28: 1 | C28: DFS | D28: strain,temp | E28: parallel plate | F28: 20 | K28: mm | L28: rad/s | M28: 190 | N28: celsius | P28: Pa | Q28: 0.3 | V28: 27
A29: 7 | B29: 2 | C29: DFS | D29: strain,temp | E29: parallel plate | F29: 20 | K29: mm | L29: rad/s | M29: 190 | N29: celsius | P29: Pa | Q29: 0.3 | V29: 28
A30: 8 | B30: 1 | C30: DTS | D30: angular frequency,stress or strain | L30: hz | N30: celsius | O30: Pa*s | P30: MPa | R30: 1 | V30: 29
A31: 8 | B31: 2 | C31: DTS | D31: angular frequency,stress or strain | L31: hz | N31: celsius | O31: Pa*s | P31: MPa | R31: 1 | V31: 30
A32: 8 | B32: 3 | C32: DTS | D32: angular frequency,stress or strain | L32: hz | N32: celsius | O32: Pa*s | P32: MPa | R32: 1 | V32: 31
A33: 8 | B33: 4 | C33: DTS | D33: angular frequency,stress or strain | L33: hz | N33: celsius | O33: Pa*s | P33: MPa | R33: 1 | V33: 32
A34: 9 | B34: 1 | C34: DTS | D34: angular frequency,strain | L34: hz | N34: celsius | P34: MPa | R34: 1 | V34: 33
A35: 9 | B35: 2 | C35: DTS | D35: angular frequency,strain | L35: hz | N35: celsius | P35: MPa | R35: 1 | V35: 34
A36: 9 | B36: 3 | C36: DTS | D36: angular frequency,strain | L36: hz | N36: celsius | P36: MPa | R36: 1 | V36: 35
A37: 9 | B37: 4 | C37: DTS | D37: angular frequency,strain | L37: hz | N37: celsius | P37: MPa | R37: 1 | V37: 36
A38: 11 | B38: 1a | C38: DFS | D38: strain,temp | F38: 25 | G38: 0.5 | K38: mm | L38: hz | M38: 190 | N38: celsius | O38: Pa*s | V38: 37
A39: 11 | B39: 2a | C39: DFS | D39: strain,temp | F39: 25 | G39: 0.5 | K39: mm | L39: hz | M39: 190 | N39: celsius | O39: Pa*s | V39: 38
A40: 11 | B40: 3a | C40: DFS | D40: strain,temp | F40: 25 | G40: 0.5 | K40: mm | L40: hz | M40: 190 | N40: celsius | O40: Pa*s | V40: 39
A41: 11 | B41: 4a | C41: DFS | D41: strain,temp | F41: 25 | G41: 0.5 | K41: mm | L41: hz | M41: 190 | N41: celsius | O41: Pa*s | V41: 40
A42: 11 | B42: 1b | C42: DTS | D42: angular frequency,strain | F42: 25 | G42: 0.5 | K42: mm | L42: hz | N42: celsius | O42: Pa*s | P42: Gpa | Q42: 0.05 | R42: 1 | V42: 41
A43: 11 | B43: 2b | C43: DTS | D43: angular frequency,strain | F43: 25 | G43: 0.5 | K43: mm | L43: hz | N43: celsius | O43: Pa*s | P43: Gpa | Q43: 0.05 | R43: 1 | V43: 42
A44: 11 | B44: 3b | C44: DTS | D44: angular frequency,strain | F44: 25 | G44: 0.5 | K44: mm | L44: hz | N44: celsius | O44: Pa*s | P44: Gpa | Q44: 0.05 | R44: 1 | V44: 43
A45: 11 | B45: 4b | C45: DTS | D45: angular frequency,strain | F45: 25 | G45: 0.5 | K45: mm | L45: hz | N45: celsius | O45: Pa*s | P45: Gpa | Q45: 0.05 | R45: 1 | V45: 44
A46: 12 | B46: 1a | C46: DFS | E46: parallel plate | G46: 1 | I46: 20 | J46: 1.55 | K46: mm | L46: hz | M46: 200 | N46: celsius | O46: Pa*s | P46: Pa | Q46: 0.1 | V46: 45
A47: 12 | B47: 2a | C47: DFS | E47: parallel plate | G47: 1 | I47: 20 | J47: 1.55 | K47: mm | L47: hz | M47: 200 | N47: celsius | O47: Pa*s | P47: Pa | Q47: 0.1 | V47: 46
A48: 12 | B48: 3a | C48: DFS | E48: parallel plate | G48: 1 | I48: 20 | J48: 1.55 | K48: mm | L48: hz | M48: 200 | N48: celsius | O48: Pa*s | P48: Pa | Q48: 0.1 | V48: 47
A49: 12 | B49: 4a | C49: DFS | E49: parallel plate | G49: 1 | I49: 20 | J49: 1.55 | K49: mm | L49: hz | M49: 200 | N49: celsius | O49: Pa*s | P49: Pa | Q49: 0.1 | V49: 48
A50: 12 | B50: 5a | C50: DFS | E50: parallel plate | G50: 1 | I50: 20 | J50: 1.55 | K50: mm | L50: hz | M50: 200 | N50: celsius | O50: Pa*s | P50: Pa | Q50: 0.1 | V50: 49
A51: 12 | B51: 1b | C51: DTS | E51: parallel plate | L51: hz | N51: celsius | P51: MPa | R51: 1 | V51: 50
A52: 12 | B52: 2b | C52: DTS | E52: parallel plate | L52: hz | N52: celsius | P52: MPa | R52: 1 | V52: 51
A53: 12 | B53: 3b | C53: DTS | E53: parallel plate | L53: hz | N53: celsius | P53: MPa | R53: 1 | V53: 52
A54: 12 | B54: 4b | C54: DTS | E54: parallel plate | L54: hz | N54: celsius | P54: MPa | R54: 1 | V54: 53
A55: 12 | B55: 5b | C55: DTS | E55: parallel plate | L55: hz | N55: celsius | P55: MPa | R55: 1 | V55: 54
A56: 13 | B56: 1 | C56: DFS | D56: strain,temp | E56: parallel plate | F56: 25 | H56: disc | I56: 25 | J56: 1.5 | K56: mm | L56: rad/s | M56: 180 | N56: celsius | O56: Pa*s | Q56: 0.5 | V56: 55
A57: 13 | B57: 2 | C57: DFS | D57: strain,temp | E57: parallel plate | F57: 25 | H57: disc | I57: 25 | J57: 1.5 | K57: mm | L57: rad/s | M57: 180 | N57: celsius | O57: Pa*s | Q57: 0.5 | V57: 56
A58: 13 | B58: 3 | C58: DFS | D58: strain,temp | E58: parallel plate | F58: 25 | H58: disc | I58: 25 | J58: 1.5 | K58: mm | L58: rad/s | M58: 180 | N58: celsius | O58: Pa*s | Q58: 0.5 | V58: 57
A59: 13 | B59: 4 | C59: DFS | D59: strain,temp | E59: parallel plate | F59: 25 | H59: disc | I59: 25 | J59: 1.5 | K59: mm | L59: rad/s | M59: 180 | N59: celsius | O59: Pa*s | Q59: 0.5 | V59: 58
A60: 13 | B60: 5 | C60: DFS | D60: strain,temp | E60: parallel plate | F60: 25 | H60: disc | I60: 25 | J60: 1.5 | K60: mm | L60: rad/s | M60: 180 | N60: celsius | O60: Pa*s | Q60: 0.5 | V60: 59
A61: 13 | B61: 6 | C61: DFS | D61: strain,temp | E61: parallel plate | F61: 25 | H61: disc | I61: 25 | J61: 1.5 | K61: mm | L61: rad/s | M61: 180 | N61: celsius | O61: Pa*s | Q61: 0.5 | V61: 60
A62: 13 | B62: 7 | C62: DFS | D62: strain,temp | E62: parallel plate | F62: 25 | H62: disc | I62: 25 | J62: 1.5 | K62: mm | L62: rad/s | M62: 180 | N62: celsius | O62: Pa*s | Q62: 0.5 | V62: 61
A63: 13 | B63: 8 | C63: DFS | D63: strain,temp | E63: parallel plate | F63: 25 | H63: disc | I63: 25 | J63: 1.5 | K63: mm | L63: rad/s | M63: 180 | N63: celsius | O63: Pa*s | Q63: 0.5 | V63: 62
A64: 14 | B64: 1 | C64: DFS | D64: strain,temp | E64: parallel plate | F64: 25 | G64: 0.5 | K64: mm | L64: rad/s | M64: 175 | N64: celsius | P64: Pa | Q64: 0.6 | V64: 63
A65: 14 | B65: 2 | C65: DFS | D65: strain,temp | E65: parallel plate | F65: 25 | G65: 0.5 | K65: mm | L65: rad/s | M65: 175 | N65: celsius | P65: Pa | Q65: 0.6 | V65: 64
A66: 14 | B66: 3 | C66: DFS | D66: strain,temp | E66: parallel plate | F66: 25 | G66: 0.5 | K66: mm | L66: rad/s | M66: 175 | N66: celsius | P66: Pa | Q66: 0.6 | V66: 65
A67: 14 | B67: 4 | C67: DFS | D67: strain,temp | E67: parallel plate | F67: 25 | G67: 0.5 | K67: mm | L67: rad/s | M67: 175 | N67: celsius | P67: Pa | Q67: 0.6 | V67: 66
A68: 14 | B68: 5 | C68: DFS | D68: strain,temp | E68: parallel plate | F68: 25 | G68: 0.5 | K68: mm | L68: rad/s | M68: 175 | N68: celsius | P68: Pa | Q68: 0.6 | V68: 67
A69: 14 | B69: 6 | C69: DFS | D69: strain,temp | E69: parallel plate | F69: 25 | G69: 0.5 | K69: mm | L69: rad/s | M69: 175 | N69: celsius | P69: Pa | Q69: 0.6 | V69: 68
A70: 14 | B70: 7 | C70: DFS | D70: strain,temp | E70: parallel plate | F70: 25 | G70: 0.5 | K70: mm | L70: rad/s | M70: 175 | N70: celsius | P70: Pa | Q70: 0.6 | V70: 69
A71: 14 | B71: 8 | C71: DFS | D71: strain,temp | E71: parallel plate | F71: 25 | G71: 0.5 | K71: mm | L71: rad/s | M71: 175 | N71: celsius | P71: Pa | Q71: 0.6 | V71: 70
A72: 14 | B72: 9 | C72: DFS | D72: strain,temp | E72: parallel plate | F72: 25 | G72: 0.5 | K72: mm | L72: rad/s | M72: 175 | N72: celsius | P72: Pa | Q72: 0.6 | V72: 71
A73: 14 | B73: 10 | C73: DFS | D73: strain,temp | E73: parallel plate | F73: 25 | G73: 0.5 | K73: mm | L73: rad/s | M73: 175 | N73: celsius | P73: Pa | Q73: 0.6 | V73: 72
A74: 15 | B74: 1 | C74: DFS | D74: strain,temp | E74: parallel plate | F74: 25 | G74: 0.5 | K74: mm | L74: rad/s | M74: 175 | N74: celsius | O74: Pa*s | Q74: 0.6 | V74: 73
A75: 15 | B75: 2 | C75: DFS | D75: strain,temp | E75: parallel plate | F75: 25 | G75: 0.5 | K75: mm | L75: rad/s | M75: 175 | N75: celsius | O75: Pa*s | Q75: 0.6 | V75: 74
A76: 15 | B76: 3 | C76: DFS | D76: strain,temp | E76: parallel plate | F76: 25 | G76: 0.5 | K76: mm | L76: rad/s | M76: 175 | N76: celsius | O76: Pa*s | Q76: 0.6 | V76: 75
A77: 15 | B77: 4 | C77: DFS | D77: strain,temp | E77: parallel plate | F77: 25 | G77: 0.5 | K77: mm | L77: rad/s | M77: 175 | N77: celsius | O77: Pa*s | Q77: 0.6 | V77: 76
A78: 15 | B78: 5 | C78: DFS | D78: strain,temp | E78: parallel plate | F78: 25 | G78: 0.5 | K78: mm | L78: rad/s | M78: 175 | N78: celsius | O78: Pa*s | Q78: 0.6 | V78: 77
A79: 15 | B79: 6 | C79: DFS | D79: strain,temp | E79: parallel plate | F79: 25 | G79: 0.5 | K79: mm | L79: rad/s | M79: 175 | N79: celsius | O79: Pa*s | Q79: 0.6 | V79: 78
A80: 16 | B80: 1 | C80: DTS | L80: hz | N80: celsius | P80: Gpa | R80: 1 | V80: 79
A81: 16 | B81: 2 | C81: DTS | L81: hz | N81: celsius | P81: Gpa | R81: 1 | V81: 80
A82: 16 | B82: 3 | C82: DTS | L82: hz | N82: celsius | P82: Gpa | R82: 1 | V82: 81
A83: 17 | B83: 1 | C83: DFS | D83: strain,temp | E83: parallel plate | H83: disc | I83: 5 | J83: 2 | K83: mm | L83: rad/s | M83: 180 | N83: celsius | P83: dyne/cm^2 | V83: 82
A84: 17 | B84: 2 | C84: DFS | D84: strain,temp | E84: parallel plate | H84: disc | I84: 5 | J84: 2 | K84: mm | L84: rad/s | M84: 180 | N84: celsius | P84: dyne/cm^2 | V84: 83
A85: 17 | B85: 3 | C85: DFS | D85: strain,temp | E85: parallel plate | H85: disc | I85: 5 | J85: 2 | K85: mm | L85: rad/s | M85: 180 | N85: celsius | P85: dyne/cm^2 | V85: 84
A86: 17 | B86: 4 | C86: DFS | D86: strain,temp | E86: parallel plate | H86: disc | I86: 5 | J86: 2 | K86: mm | L86: rad/s | M86: 180 | N86: celsius | P86: dyne/cm^2 | V86: 85
A87: 18 | B87: 1 | C87: DFS | L87: rad/s | M87: 175 | N87: celsius | P87: Pa | V87: 86
A88: 18 | B88: 2 | C88: DFS | L88: rad/s | M88: 165 | N88: celsius | P88: Pa | V88: 87
A89: 19 | B89: 1 | C89: DTS | H89: rectangular_bars | L89: hz | N89: celsius | P89: MPa | R89: 1 | V89: 88
A90: 19 | B90: 2 | C90: DTS | H90: rectangular_bars | L90: hz | N90: celsius | P90: MPa | R90: 1 | V90: 89
A91: 19 | B91: 3 | C91: DTS | H91: rectangular_bars | L91: hz | N91: celsius | P91: MPa | R91: 1 | V91: 90
A92: 19 | B92: 4 | C92: DTS | H92: rectangular_bars | L92: hz | N92: celsius | P92: MPa | R92: 1 | V92: 91
A93: 19 | B93: 5 | C93: DTS | H93: rectangular_bars | L93: hz | N93: celsius | P93: MPa | R93: 1 | V93: 92
A94: 20 | B94: 1a | C94: DFS | D94: strain,temp | E94: parallel plate | F94: 25 | G94: 0.9 | I94: 25 | J94: 1 | K94: mm | L94: rad/s | M94: 150 | N94: celsius | O94: Pa*s | V94: 93
A95: 20 | B95: 2a | C95: DFS | D95: strain,temp | E95: parallel plate | F95: 25 | G95: 0.9 | I95: 25 | J95: 1 | K95: mm | L95: rad/s | M95: 150 | N95: celsius | O95: Pa*s | V95: 94
A96: 20 | B96: 3a | C96: DFS | D96: strain,temp | E96: parallel plate | F96: 25 | G96: 0.9 | I96: 25 | J96: 1 | K96: mm | L96: rad/s | M96: 150 | N96: celsius | O96: Pa*s | V96: 95
A97: 20 | B97: 4a | C97: DFS | D97: strain,temp | E97: parallel plate | F97: 25 | G97: 0.9 | I97: 25 | J97: 1 | K97: mm | L97: rad/s | M97: 150 | N97: celsius | O97: Pa*s | V97: 96
A98: 20 | B98: 1b | C98: DFS | D98: strain,temp | E98: parallel plate | F98: 25 | G98: 0.9 | I98: 25 | J98: 1 | K98: mm | L98: rad/s | M98: 160 | N98: celsius | O98: Pa*s | V98: 97
A99: 20 | B99: 2b | C99: DFS | D99: strain,temp | E99: parallel plate | F99: 25 | G99: 0.9 | I99: 25 | J99: 1 | K99: mm | L99: rad/s | M99: 160 | N99: celsius | O99: Pa*s | V99: 98
A100: 20 | B100: 3b | C100: DFS | D100: strain,temp | E100: parallel plate | F100: 25 | G100: 0.9 | I100: 25 | J100: 1 | K100: mm | L100: rad/s | M100: 160 | N100: celsius | O100: Pa*s | V100: 99
...

Sheet Φύλλο2
A1: Study_id | B1: Instance | C1: Test type | D1: storage | E1: loss | F1: loss 2 | G1: visco | I1: storage | J1: (Πολλά στοιχεία) | L1: loss | M1: (Πολλά στοιχεία) | P1: loss 2 | Q1: (Πολλά στοιχεία) | S1: visco | T1: (Πολλά στοιχεία)
A2: 1 | B2: 1 | C2: DFS | G2: 1334.6154
A3: 1 | B3: 2 | C3: DFS | G3: 1635.5929 | I3: Ετικέτες γραμμής | J3: Καταμέτρηση από Study_id | L3: Ετικέτες γραμμής | M3: Καταμέτρηση από Study_id | P3: Ετικέτες γραμμής | Q3: Καταμέτρηση από loss 2 | S3: Ετικέτες γραμμής | T3: Καταμέτρηση από visco
A4: 1 | B4: 3 | C4: DFS | G4: 1965.3834 | I4: DFS | J4: 120 | L4: DFS | M4: 57 | P4: DFS | Q4: 101 | S4: DFS | T4: 159
A5: 1 | B5: 4 | C5: DFS | G5: 2346.2288 | I5: DTS | J5: 116 | L5: DTS | M5: 38 | P5: DTS | Q5: 92 | S5: DTS | T5: 11
A6: 1 | B6: 5 | C6: DFS | G6: 2990.7732 | I6: Γενικό Άθροισμα | J6: 236 | L6: Γενικό Άθροισμα | M6: 95 | P6: Γενικό Άθροισμα | Q6: 193 | S6: Γενικό Άθροισμα | T6: 170
A7: 2 | B7: 1 | C7: DFS | D7: 7.8116806e-05 | E7: 0.0002628283 | F7: 0.0002628283 | G7: 322.45905
A8: 2 | B8: 2 | C8: DFS | D8: 2.2640686e-06 | E8: 3.5015658e-05 | F8: 3.5015658e-05 | G8: 34.41305
A9: 2 | B9: 3 | C9: DFS | D9: 0.00069042533 | E9: 0.0011455562 | F9: 0.0011455562 | J9: =GETPIVOTDATA("Study_id",$I$3)+GETPIVOTDATA("Study_id",$L$3) -> 331
A10: 2 | B10: 4 | C10: DFS | D10: 0.00092320827 | E10: 0.003719562 | F10: 0.003719562
A11: 3 | B11: 1 | C11: DFS | D11: 2.3747494e-05 | E11: 1.8107198e-05 | F11: 1.8107198e-05 | G11: 656.66395
A12: 3 | B12: 2 | C12: DFS | D12: 0.0021517122 | E12: 6.5543394e-05 | F12: 6.5543394e-05 | G12: 35017.121 | J12: {=_xlfn.UNIQUE(A:A)} -> Study_id | L12: study | M12: instance | N12: dfs | O12: dts
A13: 3 | B13: 3 | C13: DFS | D13: 0.13240703 | E13: 0.00015141374 | F13: 0.00015141374 | G13: 1465722.2 | J13: 1 | L13: =COUNT(J13:J72) -> 60 | M13: 348 | N13: 213 | O13: 135
A14: 3 | B14: 4 | C14: DFS | D14: 0.00016815128 | E14: 4.2796175e-05 | F14: 4.2796175e-05 | G14: 7782.9441 | J14: 2
A15: 4 | B15: 1 | C15: DFS | D15: 6.6089431e-07 | E15: 6.0388241e-06 | F15: 6.0388241e-06 | G15: 193.7551 | J15: 3 | M15: dfs
A16: 4 | B16: 2 | C16: DFS | D16: 1.936996e-05 | E16: 2.3519526e-05 | F16: 2.3519526e-05 | G16: 1037.9059 | J16: 4 | L16: storage | M16: loss | N16: viscosity | P16: storage only | Q16: =COUNTIFS(L18:L500,"<>",M18:M500,"",N18:N500,"") -> 3
A17: 4 | B17: 3 | C17: DFS | D17: 7.5203426e-05 | E17: 6.0388241e-05 | F17: 6.0388241e-05 | G17: 3168.8207 | J17: 5 | L17: =COUNT(L18:L500) -> 26 | M17: =COUNT(M18:M500) -> 13 | N17: =COUNT(N18:N500) -> 30 | P17: loss only | Q17: =COUNTIFS(L18:L500,"",M18:M500,"<>",N18:N500,"") -> 0
A18: 5 | B18: 1 | C18: DFS | D18: 8.3623838e-06 | E18: 3.408738e-05 | F18: 3.408738e-05 | J18: 6 | N18: 1 | P18: visco only | Q18: =COUNTIFS(L18:L500,"",M18:M500,"",N18:N500,"<>") -> 12
A19: 5 | B19: 2 | C19: DFS | D19: 0.00036219788 | E19: 0.00035646024 | F19: 0.00035646024 | J19: 7 | L19: 2 | M19: 2 | N19: 2 | P19: Storage ∩ Loss (only) | Q19: =COUNTIFS(L18:L500,"<>",M18:M500,"<>",N18:N500,"") -> 5
A20: 5 | B20: 3 | C20: DFS | D20: 0.00016829643 | E20: 0.00018819955 | F20: 0.00018819955 | J20: 8 | L20: 3 | M20: 3 | N20: 3 | P20: Storage ∩ Viscosity (only) | Q20: =COUNTIFS(L18:L500,"<>",M18:M500,"",N18:N500,"<>") -> 10
A21: 5 | B21: 4 | C21: DFS | D21: 7.3773048e-05 | E21: 3.8986037e-05 | F21: 3.8986037e-05 | J21: 9 | L21: 4 | M21: 4 | N21: 4 | P21: Loss ∩ Viscosity (only) | Q21: =COUNTIFS(L18:L500,"",M18:M500,"<>",N18:N500,"<>") -> 0
A22: 5 | B22: 5 | C22: DFS | D22: 5.4781808e-06 | E22: 6.0429639e-06 | F22: 6.0429639e-06 | J22: 11 | L22: 5 | M22: 5 | P22: Storage ∩ Loss ∩ Viscosity | Q22: =COUNTIFS(L18:L500,"<>",M18:M500,"<>",N18:N500,"<>") -> 8
A23: 5 | B23: 6 | C23: DFS | D23: 3.1934591e-06 | E23: 7.9797381e-06 | F23: 7.9797381e-06 | J23: 12 | L23: 6 | N23: 6
A24: 6 | B24: 1 | C24: DFS | D24: 1.5091406e-05 | F24: 7.7097756e-05 | G24: 762.85233 | J24: 13 | L24: 7 | M24: 7
A25: 6 | B25: 2 | C25: DFS | D25: 0.0011418448 | F25: 0.0007629862 | G25: 13335.214 | J25: 14 | N25: 11
A26: 6 | B26: 3 | C26: DFS | D26: 0.0079351816 | F26: 0.0046500131 | G26: 89308.513 | J26: 15 | L26: 12 | N26: 12
A27: 6 | B27: 4 | C27: DFS | D27: 0.021568786 | F27: 0.013990956 | G27: 249644.17 | J27: 16 | N27: 13
A28: 7 | B28: 1 | C28: DFS | D28: 1.8968234e-06 | E28: 3.9483219e-05 | F28: 3.9483219e-05 | J28: 17 | L28: 14 | M28: 14
A29: 7 | B29: 2 | C29: DFS | D29: 0.0083039077 | E29: 0.0071862487 | F29: 0.0071862487 | J29: 18 | N29: 15
A30: 8 | B30: 1 | C30: DTS | D30: 6874.0686 | F30: 436.89378 | J30: 19
A31: 8 | B31: 2 | C31: DTS | D31: 7522.3547 | F31: 459.88623 | J31: 20
A32: 8 | B32: 3 | C32: DTS | D32: 7622.9508 | F32: 404.28611 | J32: 21
A33: 8 | B33: 4 | C33: DTS | D33: 4046.1997 | F33: 232.29858 | J33: 22
A34: 9 | B34: 1 | C34: DTS | D34: 2779.4524 | F34: 283.09238 | J34: 23
A35: 9 | B35: 2 | C35: DTS | D35: 3444.4343 | F35: 69.919072 | J35: 24
A36: 9 | B36: 3 | C36: DTS | D36: 3242.7766 | F36: 207.87029 | J36: 25
A37: 9 | B37: 4 | C37: DTS | D37: 3398.5643 | F37: 187.59881 | J37: 26
A38: 11 | B38: 1a | C38: DFS | G38: 655.64185 | J38: 27 | L38: 17
A39: 11 | B39: 2a | C39: DFS | G39: 318.25686 | J39: 28 | L39: 18 | M39: 18
A40: 11 | B40: 3a | C40: DFS | G40: 240.19035 | J40: 29 | N40: 20
A41: 11 | B41: 4a | C41: DFS | G41: 285.46677 | J41: 30 | N41: 21
A42: 11 | B42: 1b | C42: DTS | D42: 4044.7032 | F42: 55.429607 | J42: 31
A43: 11 | B43: 2b | C43: DTS | D43: 2738.9851 | F43: 41.866771 | J43: 32
A44: 11 | B44: 3b | C44: DTS | D44: 2632.5282 | F44: 39.545738 | J44: 33
A45: 11 | B45: 4b | C45: DTS | D45: 1491.4241 | F45: 32.230482 | J45: 34
A46: 12 | B46: 1a | C46: DFS | D46: 0.022939422 | F46: 0.027684108 | G46: 562700.78 | J46: 35 | N46: 22
A47: 12 | B47: 2a | C47: DFS | D47: 0.00019250162 | F47: 0.00027380544 | G47: 5238.4271 | J47: 36 | L47: 24 | N47: 24
A48: 12 | B48: 3a | C48: DFS | D48: 0.00010860114 | F48: 2.5414888e-05 | G48: 1745.6343 | J48: 37 | L48: 26 | N48: 26
A49: 12 | B49: 4a | C49: DFS | D49: 9.871907e-06 | F49: 4.451757e-05 | G49: 713.66798 | J49: 38 | L49: 28 | N49: 28
A50: 12 | B50: 5a | C50: DFS | D50: 0.00013279466 | F50: 3.9680561e-05 | G50: 2169.1667 | J50: 39 | L50: 29 | N50: 29
A51: 12 | B51: 1b | C51: DTS | D51: 12525.235 | F51: 183.02565 | J51: 40
A52: 12 | B52: 2b | C52: DTS | D52: 10345.704 | F52: 188.97136 | J52: 41
A53: 12 | B53: 3b | C53: DTS | D53: 11456.202 | F53: 175.01352 | J53: 42
A54: 12 | B54: 4b | C54: DTS | D54: 13869.682 | F54: 221.09583 | J54: 43
A55: 12 | B55: 5b | C55: DTS | D55: 11026.441 | F55: 128.16712 | J55: 44
A56: 13 | B56: 1 | C56: DFS | G56: 6.0703926 | J56: 45
A57: 13 | B57: 2 | C57: DFS | G57: 13.233608 | J57: 46
A58: 13 | B58: 3 | C58: DFS | G58: 22.441336 | J58: 47
A59: 13 | B59: 4 | C59: DFS | G59: 59.350791 | J59: 48
A60: 13 | B60: 5 | C60: DFS | G60: 25.199885 | J60: 49
A61: 13 | B61: 6 | C61: DFS | G61: 15.346666 | J61: 50
A62: 13 | B62: 7 | C62: DFS | G62: 6.6861301 | J62: 51
A63: 13 | B63: 8 | C63: DFS | G63: 8.5402071 | J63: 52
A64: 14 | B64: 1 | C64: DFS | D64: 0.00022693415 | E64: 0.001294104 | F64: 0.001294104 | J64: 53
A65: 14 | B65: 2 | C65: DFS | D65: 0.00048818908 | E65: 0.0011027345 | F65: 0.0011027345 | J65: 54
A66: 14 | B66: 3 | C66: DFS | D66: 0.0025141269 | E66: 0.0018467551 | F66: 0.0018467551 | J66: 55
A67: 14 | B67: 4 | C67: DFS | D67: 0.0060186161 | E67: 0.0021672424 | F67: 0.0021672424 | J67: 56
A68: 14 | B68: 5 | C68: DFS | D68: 0.008147518 | E68: 0.0033803189 | F68: 0.0033803189 | J68: 57
A69: 14 | B69: 6 | C69: DFS | D69: 0.010643378 | E69: 0.0031763655 | F69: 0.0031763655 | J69: 58
A70: 14 | B70: 7 | C70: DFS | D70: 0.011429496 | E70: 0.0024112343 | F70: 0.0024112343 | J70: 59
A71: 14 | B71: 8 | C71: DFS | D71: 0.021704871 | E71: 0.0044135473 | F71: 0.0044135473 | J71: 60
A72: 14 | B72: 9 | C72: DFS | D72: 0.027853145 | E72: 0.0054632571 | F72: 0.0054632571 | J72: 61
A73: 14 | B73: 10 | C73: DFS | D73: 0.053844481 | E73: 0.010089301 | F73: 0.010089301 | J73: 0
A74: 15 | B74: 1 | C74: DFS | G74: 359.59769
A75: 15 | B75: 2 | C75: DFS | G75: 726.67429
A76: 15 | B76: 3 | C76: DFS | G76: 1317.8288 | L76: 33 | M76: 33 | N76: 33
A77: 15 | B77: 4 | C77: DFS | G77: 1904.0164 | L77: 34 | M77: 34 | N77: 34
A78: 15 | B78: 5 | C78: DFS | G78: 4241.2823
A79: 15 | B79: 6 | C79: DFS | G79: 7130.4027
A80: 16 | B80: 1 | C80: DTS | D80: 1623.0152
A81: 16 | B81: 2 | C81: DTS | D81: 2416.7172
A82: 16 | B82: 3 | C82: DTS | D82: 2888.3192
A83: 17 | B83: 1 | C83: DFS | D83: 0.002636651
A84: 17 | B84: 2 | C84: DFS | D84: 0.000309905
A85: 17 | B85: 3 | C85: DFS | D85: 0.000176041
A86: 17 | B86: 4 | C86: DFS | D86: 0.000419573
A87: 18 | B87: 1 | C87: DFS | D87: 0.00213032 | E87: 0.00080567 | F87: 0.00080567
A88: 18 | B88: 2 | C88: DFS | D88: 0.00016001 | E88: 0.00111516 | F88: 0.00111516
A89: 19 | B89: 1 | C89: DTS | D89: 5420.22 | E89: 234.94 | F89: 234.94
A90: 19 | B90: 2 | C90: DTS | D90: 4489.89 | E90: 208.16 | F90: 208.16
A91: 19 | B91: 3 | C91: DTS | D91: 4058.43 | E91: 200.21 | F91: 200.21
A92: 19 | B92: 4 | C92: DTS | D92: 3802.25 | E92: 197.7 | F92: 197.7
A93: 19 | B93: 5 | C93: DTS | D93: 2575.28 | E93: 170.5 | F93: 170.5
A94: 20 | B94: 1a | C94: DFS | G94: 12227112
A95: 20 | B95: 2a | C95: DFS | G95: 5093802.9
A96: 20 | B96: 3a | C96: DFS | G96: 1680164.5
A97: 20 | B97: 4a | C97: DFS | G97: 5093802.9
A98: 20 | B98: 1b | C98: DFS | G98: 610.79289
A99: 20 | B99: 2b | C99: DFS | G99: 11763284
A100: 20 | B100: 3b | C100: DFS | G100: 88.532573
...

Sheet Storage_modulus_G
A1: Study_id | B1: Instance
A2: 1 | B2: 1
A3: 1 | B3: 2
A4: 1 | B4: 3
A5: 1 | B5: 4
A6: 1 | B6: 5
A7: 2 | B7: 1 | C7: 78.116806 | D7: 110.30285 | E7: 161.51092 | F7: 240.82605 | G7: 365.67181 | H7: 545.24672 | I7: 756.04718 | J7: 1010.9551 | K7: 1453.6524 | L7: 2015.6559 | M7: 2552.349
A8: 2 | B8: 2 | C8: 2.2640686 | D8: 2.4346432 | E8: 2.7646514 | F8: 2.9729398 | G8: 3.4377762 | H8: 3.9037559 | I8: 4.5968525 | J8: 6.2593606 | K8: 8.2191423 | L8: 11.605631 | M8: 28.773357
A9: 2 | B9: 3 | C9: 690.42533 | D9: 843.07752 | E9: 1067.5572 | F9: 1453.6524 | G9: 2015.6559 | H9: 2599.121 | I9: 3670.0229 | J9: 4819.0929 | K9: 7317.3413 | L9: 11947.776 | M9: 12616.717
A10: 2 | B10: 4 | C10: 923.20827 | D10: 1190.4462 | E10: 1650.6904 | F10: 2373.5278 | G10: 3539.125 | H10: 5472.3057 | I10: 8309.1837 | J10: 13815.88 | K10: 22152.659 | L10: 35520.019 | M10: 63509.562
A11: 3 | B11: 1 | C11: 23.747494 | D11: 14.724465 | E11: 21.193096 | F11: 40.083479 | G11: 164.36732 | H11: 332.84384 | I11: 906.07968 | J11: 1675.1462 | K11: 3241.2192 | L11: 6130.2672 | M11: 10114.452 | N11: 17465.243 | O11: 26914.327 | P11: 39629.908 | Q11: 57039.791 | R11: 78444.668 | S11: 96277.662 | T11: 115505.58 | U11: 138573.57 | V11: 166248.53 | W11: 194962.27 | X11: 218461.03 | Y11: 233898.81
A12: 3 | B12: 2 | C12: 2151.7122 | D12: 2009.695 | E12: 1529.3751 | F12: 1564.5833 | G12: 2959.1684 | H12: 4163.3207 | I12: 6869.1468 | J12: 10829.2 | K12: 16312.503 | L12: 24019.288 | M12: 34571.243 | N12: 47544.523 | O12: 71618.416 | P12: 98494.1 | Q12: 138573.57 | R12: 177996.66 | S12: 223490.28 | T12: 307357.74 | U12: 377230.03 | V12: 462986.54 | W12: 581319.85 | X12: 651386.2 | Y12: 781476.6
A13: 3 | B13: 3 | C13: 132407.03 | D13: 138573.57 | E13: 145027.3 | F13: 148366.01 | G13: 158850.46 | H13: 170075.79 | I13: 182094.38 | J13: 199450.56 | K13: 218461.03 | L13: 244792.08 | M13: 287071.52 | N13: 344403.49 | O13: 413185.41 | P13: 473645.1 | Q13: 581319.85 | R13: 713472.54 | S13: 855962.41 | T13: 1050550.2 | U13: 1231996.7 | V13: 1380489 | W13: 1618921.2 | X13: 1656190.8 | Y13: 1855811.1
A14: 3 | B14: 4 | C14: 168.15128 | D14: 1364.8679 | E14: 5227.4111 | F14: 8823.3654 | G14: 17072.218 | H14: 29479.644 | I14: 43407.201 | J14: 63914.783 | K14: 87899.584 | L14: 110365.57 | M14: 170075.79 | N14: 228635.32 | O14: 280611.48 | P14: 336653.29 | Q14: 403887.39 | R14: 484549.03 | S14: 608393.43 | T14: 697417.09 | U14: 763890.84 | V14: 855962.41 | W14: 1003800.6 | X14: 959131.36 | Y14: 1150682.5
A15: 4 | B15: 1 | C15: 0.66089431 | D15: 0.7961412 | E15: 1.5479929 | F15: 2.0741095 | G15: 3.8239152 | H15: 6.684709 | I15: 14.846263 | J15: 20.978874 | K15: 45.369676 | L15: 93.035108 | M15: 195.9202 | N15: 423.70414 | O15: 966.38129 | P15: 2035.0771 | Q15: 3557.5836 | R15: 6917.2583 | S15: 11164.899 | T15: 17547.871 | U15: 27579.987 | V15: 41101.852 | W15: 59645.483
A16: 4 | B16: 2 | C16: 19.36996 | D16: 26.652784 | E16: 50.462678 | F16: 67.613435 | G16: 100.76282 | H16: 146.22327 | I16: 206.62436 | J16: 291.97558 | K16: 423.70414 | L16: 702.31938 | M16: 1074.8631 | N16: 1689.3622 | O16: 2655.1705 | P16: 4519.7614 | Q16: 7295.1849 | R16: 12418.222 | S16: 20043.806 | T16: 35039.222 | U16: 52218.186 | V16: 75777.095 | W16: 109964.91
A17: 4 | B17: 3 | C17: 75.203426 | D17: 83.645435 | E17: 162.63766 | F17: 185.77056 | G17: 206.62436 | H17: 299.84561 | I17: 401.75417 | J17: 583.01076 | K17: 846.04359 | L17: 1195.5225 | M17: 1829.6846 | N17: 2655.1705 | O17: 4285.6155 | P17: 6917.2583 | Q17: 11164.899 | R17: 18020.863 | S17: 26856.097 | T17: 46948.007 | U17: 68129.207 | V17: 98866.579 | W17: 139705.83
A18: 5 | B18: 1 | C18: 8.3623838 | D18: 9.6548029 | E18: 10.970386 | F18: 11.146967 | G18: 12.465233 | H18: 14.623406 | I18: 17.711947 | J18: 19.806603 | K18: 22.505491 | L18: 25.983748 | M18: 29.524347 | N18: 31.978226 | O18: 36.335645 | P18: 38.118632 | Q18: 41.951374 | R18: 46.169488 | S18: 51.629599 | T18: 58.664754 | U18: 63.540601 | V18: 71.055059 | W18: 82.036726 | X18: 88.855105 | Y18: 104.23907 | Z18: 116.56662 | AA18: 138.94955 | AB18: 163.00663 | AC18: 191.22884 | AD18: 227.94829 | AE18: 276.09217 | AF18: 339.78692 | AG18: 424.90715 | AH18: 514.64978 | AI18: 653.93409 | AJ18: 792.04842 | AK18: 1022.6069 | AL18: 1299.3643 | AM18: 1651.023 | AN18: 2064.6218 | AO18: 2752.1185 | AP18: 3910.5065 | AQ18: 5468.4479 | AR18: 8828.9379 | AS18: 16991.659
A19: 5 | B19: 2 | C19: 362.19788 | D19: 418.17611 | E19: 460.22277 | F19: 490.57719 | G19: 514.64978 | H19: 514.64978 | I19: 575.51345 | J19: 603.75386 | K19: 633.38001 | L19: 633.38001 | M19: 643.575 | N19: 719.68567 | O19: 708.285 | P19: 708.285 | Q19: 731.26985 | R19: 767.15321 | S19: 792.04842 | T19: 792.04842 | U19: 830.91418 | V19: 885.7179 | W19: 899.97457 | X19: 857.87853 | Y19: 857.87853 | Z19: 871.68708 | AA19: 914.46071 | AB19: 929.18002 | AC19: 1039.067 | AD19: 1039.067 | AE19: 990.46495 | AF19: 1107.5996 | AG19: 1143.5428 | AH19: 1180.6524 | AI19: 1299.3643 | AJ19: 1299.3643 | AK19: 1320.2791 | AL19: 1453.0301 | AM19: 1524.3302 | AN19: 1817.0296 | AO19: 2200.7958 | AP19: 2933.637 | AQ19: 4372.972 | AR19: 7770.1599 | AS19: 16991.659
A20: 5 | B20: 3 | C20: 168.29643 | D20: 217.28608 | E20: 246.89392 | F20: 280.5362 | G20: 323.89349 | H20: 362.19788 | I20: 418.17611 | J20: 445.75731 | K20: 490.57719 | L20: 539.90361 | M20: 584.77701 | N20: 633.38001 | O20: 767.15321 | P20: 817.75152 | Q20: 899.97457 | R20: 1006.4076 | S20: 1072.7862 | T20: 1180.6524 | U20: 1407.3593 | V20: 1599.129 | W20: 1677.5981 | X20: 1817.0296 | Y20: 2131.6217 | Z20: 2272.2148 | AA20: 2422.0808 | AB20: 2933.637 | AC20: 3077.5904 | AD20: 3333.3804 | AE20: 4037.408 | AF20: 4372.972 | AG20: 4661.3955 | AH20: 5381.8212 | AI20: 6115.1592 | AJ20: 6623.4129 | AK20: 7406.7131 | AL20: 7895.2297 | AM20: 8828.9379 | AN20: 9411.2587 | AO20: 10357.539 | AP20: 12150.796 | AQ20: 12952.213 | AR20: 17265.16 | AS20: 24532.199
A21: 5 | B21: 4 | C21: 73.773048 | D21: 89.768713 | E21: 109.2326 | F21: 118.53965 | G21: 128.63969 | H21: 139.6003 | I21: 151.4948 | J21: 159.11259 | K21: 172.66961 | L21: 184.3423 | M21: 190.4713 | N21: 206.70021 | O21: 224.31188 | P21: 235.59121 | Q21: 251.51749 | R21: 272.94777 | S21: 282.02272 | T21: 301.08782 | U21: 316.22777 | V21: 348.82985 | W21: 378.55152 | X21: 384.7931 | Y21: 417.57899 | Z21: 468.22494 | AA21: 491.76924 | AB21: 551.41335 | AC21: 588.6896 | AD21: 660.08866 | AE21: 704.71151 | AF21: 728.14171 | AG21: 829.91591 | AH21: 915.47761 | AI21: 977.36508 | AJ21: 1113.9739 | AK21: 1208.8888 | AL21: 1377.8583 | AM21: 1570.445 | AN21: 1789.95 | AO21: 2287.5732 | AP21: 3172.6375 | AQ21: 4546.4294 | AR21: 7927.7095 | AS21: 16821.018
A22: 5 | B22: 5 | C22: 5.4781808 | D22: 7.850302 | E22: 9.0950862 | F22: 9.552425 | G22: 10.710988 | H22: 11.815257 | I22: 12.613984 | J22: 13.688745 | K22: 15.100011 | L22: 15.602055 | M22: 16.931412 | N22: 18.374035 | O22: 19.939576 | P22: 22.357942 | Q22: 23.869367 | R22: 25.069619 | S22: 28.110181 | T22: 31.519516 | U22: 31.519516 | V22: 33.650276 | W22: 38.986037 | X22: 43.005374 | Y22: 48.221269 | Z22: 51.481089 | AA22: 57.724959 | AB22: 63.67622 | AC22: 71.399173 | AD22: 76.225849 | AE22: 88.312611 | AF22: 105.71771 | AG22: 118.53965 | AH22: 139.6003 | AI22: 159.11259 | AJ22: 190.4713 | AK22: 243.42414 | AL22: 311.09836 | AM22: 372.41119 | AN22: 569.7467 | AO22: 843.5996 | AP22: 1570.445 | AQ22: 2694.0008 | AR22: 5623.4133 | AS22: 15001.558
A23: 5 | B23: 6 | C23: 3.1934591 | D23: 4.0812712 | E23: 4.8063809 | F23: 5.4781808 | G23: 6.5578483 | H23: 6.8876042 | I23: 7.5976943 | J23: 7.850302 | K23: 8.5191787 | L23: 8.9475585 | M23: 9.397479 | N23: 9.552425 | O23: 9.8700234 | P23: 10.366329 | Q23: 10.53725 | R23: 11.623607 | S23: 12.409378 | T23: 13.248268 | U23: 13.914446 | V23: 15.348981 | W23: 16.120792 | X23: 17.494347 | Y23: 18.676987 | Z23: 20.94222 | AA23: 23.869367 | AB23: 26.330223 | AC23: 29.044786 | AD23: 34.769079 | AE23: 42.307801 | AF23: 49.016343 | AG23: 61.627241 | AH23: 74.989421 | AI23: 91.248823 | AJ23: 114.72527 | AK23: 151.4948 | AL23: 210.10829 | AM23: 301.08782 | AN23: 453.15836 | AO23: 764.75571 | AP23: 1570.445 | AQ23: 2876.1188 | AR23: 6622.5116 | AS23: 17098.363
A24: 6 | B24: 1 | C24: 15.091406 | D24: 21.789989 | E24: 25.135957 | F24: 27.273818 | G24: 27.836111 | H24: 41.865969 | I24: 48.294709 | J24: 54.585254 | K24: 62.967107 | L24: 68.322579 | M24: 66.942453 | N24: 72.636037 | O24: 102.75828 | P24: 116.14289 | Q24: 148.36934 | R24: 189.53775 | S24: 252.21594 | T24: 322.19892 | U24: 465.21253 | V24: 644.84223 | W24: 875.77574 | X24: 1165.3858 | Y24: 1582.7385 | Z24: 2106.1338 | AA24: 2979.5499 | AB24: 3884.7658 | AC24: 4862.4345 | AD24: 6470.3918 | AE24: 8265.7474 | AF24: 10559.265 | AG24: 13216.687 | AH24: 16883.954 | AI24: 21133.093 | AJ24: 22930.503 | AK24: 26996.945
A25: 6 | B25: 2 | C25: 1141.8448 | D25: 1488.7483 | E25: 1752.7594 | F25: 2021.9048 | G25: 2063.5896 | H25: 2285.2646 | I25: 2582.9278 | J25: 2690.528 | K25: 2802.6107 | L25: 2979.5499 | M25: 3167.6599 | N25: 3367.6461 | O25: 3654.0708 | P25: 4130.0255 | Q25: 4573.6811 | R25: 5169.418 | S25: 5963.2094 | T25: 6603.7893 | U25: 7165.4542 | V25: 7935.1816 | W25: 8787.5946 | X25: 10345.966 | Y25: 11934.644 | Z25: 13489.17 | AA25: 15560.503 | AB25: 18319.966 | AC25: 21568.786 | AD25: 24378.191 | AE25: 29293.087 | AF25: 35924.558 | AG25: 42295.335 | AH25: 46838.784 | AI25: 55145.064 | AJ25: 59835.257 | AK25: 69023.276
A26: 6 | B26: 3 | C26: 7935.1816 | D26: 7774.8897 | E26: 7774.8897 | F26: 8436.159 | G26: 8787.5946 | H26: 9342.3881 | I26: 9342.3881 | J26: 10345.966 | K26: 10999.145 | L26: 12431.82 | M26: 14340.791 | N26: 15560.503 | O26: 17949.9 | P26: 19083.144 | Q26: 21133.093 | R26: 23403.253 | S26: 25917.277 | T26: 29293.087 | U26: 32439.809 | V26: 35198.877 | W26: 38980.01 | X26: 44057.284 | Y26: 49795.89 | Z26: 54031.126 | AA26: 61068.857 | AB26: 67628.996 | AC26: 78013.784 | AD26: 86394.181 | AE26: 101715.12 | AF26: 112641.56 | AG26: 127313.5 | AH26: 146863.15 | AI26: 152981.22 | AJ26: 156135.17 | AK26: 162639.49
A27: 6 | B27: 4 | C27: 21568.786 | D27: 19083.144 | E27: 20287.934 | F27: 20706.202 | G27: 22013.461 | H27: 22930.503 | I27: 24880.787 | J27: 26451.603 | K27: 27553.53 | L27: 29293.087 | M27: 31142.468 | N27: 35198.877 | O27: 37421.112 | P27: 38980.01 | Q27: 40603.849 | R27: 44965.596 | S27: 46838.784 | T27: 47804.441 | U27: 56281.968 | V27: 56281.968 | W27: 62327.89 | X27: 66262.88 | Y27: 74893.838 | Z27: 81263.702 | AA27: 84649.006 | AB27: 89993.211 | AC27: 105952.4 | AD27: 122221.94 | AE27: 132617.15 | AF27: 140989.77 | AG27: 162639.49 | AH27: 180110.55 | AI27: 191481.59 | AJ27: 156135.17 | AK27: 140989.77
A28: 7 | B28: 1 | C28: 1.8968234 | D28: 5.2178163 | E28: 15.270614 | F28: 45.623944 | G28: 133.52437 | H28: 345.23641 | I28: 741.2337 | J28: 1465.2755 | K28: 2666.9137 | L28: 4657.5919 | M28: 7645.5384 | N28: 11555.275 | O28: 17828.757 | P28: 24809.547 | Q28: 35244.001 | R28: 47059.33 | S28: 59060.953 | T28: 75670.006 | U28: 91125.779 | V28: 109738.43 | W28: 129451.66 | X28: 152706.14
A29: 7 | B29: 2 | C29: 8303.9077 | D29: 9018.9702 | E29: 12550.317 | F29: 21031.486 | G29: 36730.126 | H29: 68246.552 | I29: 129451.66 | J29: 195649.99 | K29: 314599.37 | L29: 465759.19 | M29: 675454.99
A30: 8 | B30: 1 | C30: 6874.0686 | D30: 6236.9598 | E30: 5275.7079 | F30: 4359.1654 | G30: 3643.8152 | H30: 3163.1893 | I30: 2682.5633 | J30: 2201.9374 | K30: 1631.8927 | L30: 1151.2668 | M30: 815.94635 | N30: 558.86736 | O30: 402.3845 | P30: 223.54694
A31: 8 | B31: 2 | C31: 7522.3547 | D31: 6762.2951 | E31: 5678.0924 | F31: 4817.4367 | G31: 4102.0864 | H31: 3587.9285 | I31: 3040.2385 | J31: 2369.5976 | K31: 1732.4888 | L31: 1274.2176 | M31: 961.25186 | N31: 760.05961 | O31: 581.22206 | P31: 424.7392
A32: 8 | B32: 3 | C32: 7622.9508 | D32: 7108.7928 | E32: 6315.2012 | F32: 5208.6438 | G32: 4415.0522 | H32: 3856.1848 | I32: 3375.5589 | J32: 2894.9329 | K32: 2302.5335 | L32: 1643.07 | M32: 1274.2176 | N32: 994.7839 | O32: 793.59165 | P32: 558.86736
A33: 8 | B33: 4 | C33: 4046.1997 | D33: 3643.8152 | E33: 3084.9478 | F33: 2604.3219 | G33: 2257.8241 | H33: 1967.2131 | I33: 1687.7794 | J33: 1430.7004 | K33: 1117.7347 | L33: 894.18778 | M33: 670.64083 | N33: 536.51267 | O33: 357.67511 | P33: 212.3696
A34: 9 | B34: 1 | C34: 2779.4524 | D34: 2835.9128 | E34: 2742.4381 | F34: 2705.9166 | G34: 2616.7267 | H34: 2303.8034 | I34: 1490.105 | J34: 944.61477 | K34: 722.44769 | L34: 586.89303 | M34: 445.86093 | N34: 321.0334 | O34: 239.03256 | P34: 174.43365
A35: 9 | B35: 2 | C35: 3444.4343 | D35: 3375.8588 | E35: 3375.8588 | F35: 3286.544 | G35: 3052.9252 | H35: 2599.2447 | I35: 1658.8084 | J35: 1016.8995 | K35: 757.15512 | L35: 627.5828 | M35: 483.20778 | N35: 347.92426 | O35: 271.50011 | P35: 207.6451
A36: 9 | B36: 3 | C36: 3242.7766 | D36: 3199.5921 | E36: 3114.9407 | F36: 3156.9827 | G36: 2932.5735 | H36: 2530.4766 | I36: 1625.783 | J36: 1030.6244 | K36: 767.37435 | L36: 606.897 | M36: 470.42358 | N36: 329.75778 | O36: 250.51603 | P36: 181.59234
A37: 9 | B37: 4 | C37: 3398.5643 | D37: 3375.8588 | E37: 3286.544 | F37: 3242.7766 | G37: 3073.4586 | H37: 2652.0444 | I37: 1750.1928 | J37: 1080.1371 | K37: 777.73151 | L37: 644.63795 | M37: 493.02341 | N37: 329.75778 | O37: 125.59752
A38: 11 | B38: 1a
A39: 11 | B39: 2a
A40: 11 | B40: 3a
A41: 11 | B41: 4a
A42: 11 | B42: 1b | C42: 4.0447032 | D42: 3.9392078 | E42: 3.7861015 | F42: 3.5911763 | G42: 3.3174428 | H42: 3.0645743 | I42: 2.868638 | J42: 2.3373465 | K42: 1.6038546 | L42: 1.1450476 | M42: 0.92072936 | N42: 0.74526358 | O42: 0.64443959
A43: 11 | B43: 2b | C43: 2.7389851 | D43: 2.7389851 | E43: 2.5638657 | F43: 2.4479874 | G43: 2.2170096 | H43: 1.9814681 | I43: 1.7945083 | J43: 1.5112629 | K43: 1.0647795 | L43: 0.77029504 | M43: 0.58750294 | N43: 0.48827637 | O43: 0.43640048
A44: 11 | B44: 3b | C44: 2.6325282 | D44: 2.5638657 | E44: 2.4642151 | F44: 2.2914732 | G44: 2.0890201 | H44: 1.8794534 | I44: 1.6797749 | J44: 1.3868749 | K44: 0.92683289 | L44: 0.67050011 | M44: 0.51819196 | N44: 0.42783558 | O44: 0.37986298
A45: 11 | B45: 4b | C45: 1.4914241 | D45: 1.4334565 | E45: 1.350702 | F45: 1.2395294 | G45: 1.1005427 | H45: 0.97714037 | I45: 0.84494661 | J45: 0.66608463 | K45: 0.50135283 | L45: 0.39784422 | M45: 0.32630959 | N45: 0.27299516 | O45: 0.24887587
A46: 12 | B46: 1a | C46: 22939.422 | D46: 19957.771 | E46: 17097.114 | F46: 17363.674 | G46: 17909.338 | H46: 20268.932 | I46: 23660.293 | J46: 27195.092 | K46: 31257.984 | L46: 37056.895 | M46: 43931.608 | N46: 51282.165 | O46: 59862.603 | P46: 74339.672 | Q46: 88130.977 | R46: 109444.45 | S46: 135912.27 | T46: 168781.07 | U46: 200092.95 | V46: 240912.14 | W46: 299174.01 | X46: 365822.12 | Y46: 433688.62 | Z46: 483293.05 | AA46: 468568.03
A47: 12 | B47: 2a | C47: 192.50162 | D47: 167.48059 | E47: 301.49722 | F47: 386.17664 | G47: 487.04559 | H47: 568.53716 | I47: 663.66376 | J47: 717.03892 | K47: 863.31719 | L47: 1213.3519 | M47: 1786.3226 | N47: 2797.7478 | O47: 4381.8497 | P47: 6653.7809 | Q47: 10261.204 | R47: 14646.49 | S47: 20905.895 | T47: 28487.036 | U47: 36488.013 | V47: 51282.165 | W47: 64677.033 | X47: 81570.657 | Y47: 95218.91 | Z47: 125795.2 | AA47: 161126.46
A48: 12 | B48: 3a | C48: 108.60114 | D48: 103.6758 | E48: 95.958351 | F48: 95.958351 | G48: 102.08421 | H48: 87.451917 | I48: 95.958351 | J48: 95.958351 | K48: 102.08421 | L48: 119.16476 | M48: 136.96773 | N48: 159.88492 | O48: 201.64682 | P48: 254.31691 | Q48: 325.74513 | R48: 423.74048 | S48: 577.40188 | T48: 799.05333 | U48: 1072.0997 | V48: 1578.3681 | W48: 2323.7073 | X48: 3696.1463 | Y48: 6862.8758 | Z48: 12547.127 | AA48: 39422.561
A49: 12 | B49: 4a | C49: 9.871907 | D49: 18.329813 | E49: 34.03416 | F49: 54.979602 | G49: 79.699553 | H49: 112.01393 | I49: 132.79466 | J49: 189.54641 | K49: 242.78299 | L49: 335.98206 | M49: 510.18402 | N49: 663.66376 | O49: 1290.81 | P49: 2117.7172 | Q49: 2885.6687 | R49: 4734.26 | S49: 6969.8787 | T49: 10103.672 | U49: 14200.239 | V49: 20584.956 | W49: 27619.09 | X49: 37056.895 | Y49: 52893.737 | Z49: 70968.221 | AA49: 89505.102
A50: 12 | B50: 5a | C50: 132.79466 | D50: 224.71064 | E50: 242.78299 | F50: 262.30881 | G50: 283.405 | H50: 279.05428 | I50: 296.86875 | J50: 341.22034 | K50: 386.17664 | L50: 526.21623 | M50: 674.01171 | N50: 947.29192 | O50: 1158.3233 | P50: 1602.9773 | Q50: 2252.9096 | R50: 3117.7485 | S50: 4519.5519 | T50: 5700.0577 | U50: 7888.1755 | V50: 11434.86 | W50: 15342.293 | X50: 21562.875 | Y50: 31745.326 | Z50: 46018.672 | AA50: 62706.502
A51: 12 | B51: 1b | C51: 12525.235 | D51: 11603.143 | E51: 11456.202 | F51: 11026.441 | G51: 5132.5361 | H51: 3370.3517 | I51: 2713.8088 | J51: 1828.0673
A52: 12 | B52: 2b | C52: 10345.704 | D52: 9831.5042 | E52: 9831.5042 | F52: 7816.0803 | G52: 3732.1202 | H52: 2328.9424 | I52: 1759.4927 | J52: 1155.395
A53: 12 | B53: 3b | C53: 11456.202 | D53: 11026.441 | E53: 10478.407 | F53: 6793.6517 | G53: 3370.3517 | H53: 2514.0191 | I53: 1923.6804 | J53: 1200.4272
A54: 12 | B54: 4b | C54: 13869.682 | D54: 12848.607 | E54: 13520.612 | F54: 10478.407 | G54: 6057.423 | H54: 4185.7259 | I54: 3501.7114 | J54: 2103.1882
A55: 12 | B55: 5b | C55: 11026.441 | D55: 11311.117 | E55: 10478.407 | F55: 6793.6517 | G55: 3828.4747 | H55: 2929.4743 | I55: 2389.069 | J55: 1490.8419
A56: 13 | B56: 1
A57: 13 | B57: 2
A58: 13 | B58: 3
A59: 13 | B59: 4
A60: 13 | B60: 5
A61: 13 | B61: 6
A62: 13 | B62: 7
A63: 13 | B63: 8
A64: 14 | B64: 1 | C64: 226.93415 | D64: 408.52499 | E64: 649.20079 | F64: 1148.052 | G64: 1824.4081 | H64: 3284.2888 | I64: 5312.9848 | J64: 8443.0483 | K64: 13658.296 | L64: 19504.525 | M64: 25479.419 | N64: 33882.917 | O64: 46692.347
A65: 14 | B65: 2 | C65: 488.18908 | D65: 672.74934 | E65: 910.71204 | F65: 1347.703 | G65: 2180.1753 | H65: 2559.3166 | I65: 4214.6166 | J65: 6349.0392 | K65: 8749.2923 | L65: 14930.736 | M65: 18821.825 | N65: 26878.225 | O65: 36385.503
A66: 14 | B66: 3 | C66: 2514.1269 | D66: 2848.0366 | E66: 3403.4157 | F66: 4140.1993 | G66: 5127.0155 | H66: 6697.5934 | I66: 8147.518 | J66: 11029.439 | K66: 13658.296 | L66: 18821.825 | M66: 23307.989 | N66: 39072.957 | O66: 41958.907
A67: 14 | B67: 4 | C67: 6018.6161 | D67: 6817.9827 | E67: 7321.5578 | F67: 8147.518 | G67: 9229.6236 | H67: 11227.67 | I67: 12494.296 | J67: 13417.113 | K67: 15199.116 | L67: 17842.292 | M67: 21704.871 | N67: 23726.95 | O67: 26878.225
A68: 14 | B68: 5 | C68: 8147.518 | D68: 8906.561 | E68: 9395.5071 | F68: 11029.439 | G68: 11844.071 | H68: 13180.226 | I68: 14667.085 | J68: 19504.525 | K68: 23307.989 | L68: 28353.805 | M68: 35111.933 | N68: 40490.228 | O68: 45867.903
A69: 14 | B69: 6 | C69: 10643.378 | D69: 11029.439 | E69: 12273.668 | F69: 13180.226 | G69: 14408.128 | H69: 16033.507 | I69: 18821.825 | J69: 22492.159 | K69: 24587.585 | L69: 28353.805 | M69: 33882.917 | N69: 36385.503 | O69: 41218.2
A70: 14 | B70: 7 | C70: 11429.496 | D70: 11844.071 | E70: 12947.495 | F70: 13417.113 | G70: 14408.128 | H70: 15750.425 | I70: 16321.721 | J70: 16913.749 | K70: 18821.825 | L70: 21321.615 | M70: 22492.159 | N70: 24587.585 | O70: 26878.225
A71: 14 | B71: 8 | C71: 21704.871 | D71: 24587.585 | E71: 24587.585 | F71: 25479.419 | G71: 26403.619 | H71: 27361.306 | I71: 28863.446 | J71: 30448.013 | K71: 32696.92 | L71: 33284.625 | M71: 35111.933 | N71: 36385.503 | O71: 45057.985
A72: 14 | B72: 9 | C72: 27853.145 | D72: 29910.393 | E72: 32119.592 | F72: 33882.917 | G72: 37039.533 | H72: 35743.046 | I72: 37705.294 | J72: 39775.267 | K72: 41218.012 | L72: 45867.903 | M72: 48385.992 | N72: 54812.336 | O72: 58860.766
A73: 14 | B73: 10 | C73: 53844.481 | D73: 55797.551 | E73: 56800.475 | F73: 60995.789 | G73: 62092.147 | H73: 67876.806 | I73: 72890.224 | J73: 74200.377 | K73: 74200.377 | L73: 85566.131 | M73: 88669.762 | N73: 91886.03 | O73: 95218.96
A74: 15 | B74: 1
A75: 15 | B75: 2
A76: 15 | B76: 3
A77: 15 | B77: 4
A78: 15 | B78: 5
A79: 15 | B79: 6
A80: 16 | B80: 1 | C80: 1.6230152 | D80: 1.795533 | E80: 1.795533 | F80: 1.5943383 | G80: 1.3499654 | H80: 1.0707237 | I80: 0.85939662 | J80: 0.66167575 | K80: 0.49160123 | L80: 0.38302379
A81: 16 | B81: 2 | C81: 2.4167172 | D81: 2.2503915 | E81: 2.2503915 | F81: 2.1975337 | G81: 2.0221179 | H81: 1.742971 | I81: 1.3989638 | J81: 1.1030131 | K81: 0.82929609 | L81: 0.71481472
A82: 16 | B82: 3 | C82: 2.8883192 | D82: 2.6736024 | E82: 2.7216905 | F82: 2.6895364 | G82: 2.4748475 | H82: 2.0955128 | I82: 1.6719597 | J82: 1.3824364 | K82: 1.1161994 | L82: 0.96784664
A83: 17 | B83: 1 | C83: 26366.51 | D83: 32267.99 | E83: 39490.37 | F83: 50321.59 | G83: 59146.61 | H83: 80077.18 | I83: 106246.78 | J83: 146779.93 | K83: 187037.99 | L83: 243200.75 | M83: 316227.77
A84: 17 | B84: 2 | C84: 3099.05 | D84: 3716.85 | E84: 4931.54 | F84: 6158.48 | G84: 8507.94 | H84: 9604.09 | I84: 13815 | J84: 19474.83 | K84: 28585.14 | L84: 41957.25 | M84: 61584.82
A85: 17 | B85: 3 | C85: 1760.41 | D85: 2432.01 | E85: 3428.37 | F85: 4736.29 | G85: 6951.93 | H85: 11518.7 | I85: 17252.11 | J85: 27453.42 | K85: 42813.32 | L85: 94120.5 | M85: 140968.74
A86: 17 | B86: 4 | C86: 4195.73 | D86: 5032.16 | E86: 6284.14 | F86: 8507.94 | G86: 11753.72 | H86: 16237.77 | I86: 23833.78 | J86: 35696.99 | K86: 53465.07 | L86: 76906.83 | M86: 108414.59
A87: 18 | B87: 1 | C87: 2130.32 | D87: 2310.13 | E87: 2556.38 | F87: 2716.55 | G87: 3006.12 | H87: 3130.41 | I87: 3464.09 | J87: 3681.14 | K87: 3911.79 | L87: 3911.79 | M87: 4328.76 | N87: 4790.18 | O87: 4888.21 | P87: 4888.21 | Q87: 4988.24 | R87: 5632.91 | S87: 5985.85 | T87: 6233.35 | U87: 6491.08 | V87: 6492.12
A88: 18 | B88: 2 | C88: 160.01 | D88: 226.48 | E88: 327.18 | F88: 482.43 | G88: 711.33 | H88: 1048.84 | I88: 1611.02 | J88: 2234.15 | K88: 3502.5 | L88: 4857.25 | M88: 6875.09 | N88: 9731.18 | O88: 13773.78 | P88: 17965.44 | Q88: 22494.22 | R88: 25428.78 | S88: 25953.81
A89: 19 | B89: 1 | C89: 5420.22 | D89: 5042.7 | E89: 4746.07 | F89: 4112.36 | G89: 3573.03 | H89: 3155.06 | I89: 2750.56 | J89: 2305.62 | K89: 1901.12 | L89: 1617.98 | M89: 1348.31 | N89: 1132.58
A90: 19 | B90: 2 | C90: 4489.89 | D90: 4314.61 | E90: 3950.56 | F90: 3303.37 | G90: 2723.6 | H90: 2386.52 | I90: 1995.51 | J90: 1671.91 | K90: 1294.38 | L90: 1051.69 | M90: 862.92 | N90: 728.09
A91: 19 | B91: 3 | C91: 4058.43 | D91: 3883.15 | E91: 3573.03 | F91: 2831.46 | G91: 2332.58 | H91: 1968.54 | I91: 1685.39 | J91: 1334.83 | K91: 1078.65 | L91: 822.47 | M91: 701.12 | N91: 552.81
A92: 19 | B92: 4 | C92: 3802.25 | D92: 3559.55 | E92: 3114.61 | F92: 2238.2 | G92: 1698.88 | H92: 1456.18 | I92: 1186.52 | J92: 943.82 | K92: 728.09 | L92: 633.71 | M92: 539.33 | N92: 417.98
A93: 19 | B93: 5 | C93: 2575.28 | D93: 2507.87 | E93: 2332.58 | F93: 1766.29 | G93: 1361.8 | H93: 1146.07 | I93: 903.37 | J93: 714.61 | K93: 539.33 | L93: 431.46 | M93: 296.63 | N93: 215.73
A94: 20 | B94: 1a
A95: 20 | B95: 2a
A96: 20 | B96: 3a
A97: 20 | B97: 4a
A98: 20 | B98: 1b
A99: 20 | B99: 2b
A100: 20 | B100: 3b
...

Sheet converted_MPa_Storage_modulus_G
A1: Study_id | B1: Instance
A2: 1 | B2: 1
A3: 1 | B3: 2
A4: 1 | B4: 3
A5: 1 | B5: 4
A6: 1 | B6: 5
A7: 2 | B7: 1 | C7: =Storage_modulus_G!C7/1000000 -> 7.8116806e-05 | D7: =Storage_modulus_G!D7/1000000 -> 0.00011030285 | E7: =Storage_modulus_G!E7/1000000 -> 0.00016151092 | F7: =Storage_modulus_G!F7/1000000 -> 0.00024082605 | G7: =Storage_modulus_G!G7/1000000 -> 0.00036567181 | H7: =Storage_modulus_G!H7/1000000 -> 0.00054524672 | I7: =Storage_modulus_G!I7/1000000 -> 0.00075604718 | J7: =Storage_modulus_G!J7/1000000 -> 0.0010109551 | ... M7: =Storage_modulus_G!M7/1000000 -> 0.002552349
A8: 2 | B8: 2 | C8: =Storage_modulus_G!C8/1000000 -> 2.2640686e-06 | D8: =Storage_modulus_G!D8/1000000 -> 2.4346432e-06 | E8: =Storage_modulus_G!E8/1000000 -> 2.7646514e-06 | F8: =Storage_modulus_G!F8/1000000 -> 2.9729398e-06 | G8: =Storage_modulus_G!G8/1000000 -> 3.4377762e-06 | H8: =Storage_modulus_G!H8/1000000 -> 3.9037559e-06 | I8: =Storage_modulus_G!I8/1000000 -> 4.5968525e-06 | J8: =Storage_modulus_G!J8/1000000 -> 6.2593606e-06 | ... M8: =Storage_modulus_G!M8/1000000 -> 2.8773357e-05
A9: 2 | B9: 3 | C9: =Storage_modulus_G!C9/1000000 -> 0.00069042533 | D9: =Storage_modulus_G!D9/1000000 -> 0.00084307752 | E9: =Storage_modulus_G!E9/1000000 -> 0.0010675572 | F9: =Storage_modulus_G!F9/1000000 -> 0.0014536524 | G9: =Storage_modulus_G!G9/1000000 -> 0.0020156559 | H9: =Storage_modulus_G!H9/1000000 -> 0.002599121 | I9: =Storage_modulus_G!I9/1000000 -> 0.0036700229 | J9: =Storage_modulus_G!J9/1000000 -> 0.0048190929 | ... M9: =Storage_modulus_G!M9/1000000 -> 0.012616717
A10: 2 | B10: 4 | C10: =Storage_modulus_G!C10/1000000 -> 0.00092320827 | D10: =Storage_modulus_G!D10/1000000 -> 0.0011904462 | E10: =Storage_modulus_G!E10/1000000 -> 0.0016506904 | F10: =Storage_modulus_G!F10/1000000 -> 0.0023735278 | G10: =Storage_modulus_G!G10/1000000 -> 0.003539125 | H10: =Storage_modulus_G!H10/1000000 -> 0.0054723057 | I10: =Storage_modulus_G!I10/1000000 -> 0.0083091837 | J10: =Storage_modulus_G!J10/1000000 -> 0.01381588 | ... M10: =Storage_modulus_G!M10/1000000 -> 0.063509562
A11: 3 | B11: 1 | C11: =Storage_modulus_G!C11/1000000 -> 2.3747494e-05 | D11: =Storage_modulus_G!D11/1000000 -> 1.4724465e-05 | E11: =Storage_modulus_G!E11/1000000 -> 2.1193096e-05 | F11: =Storage_modulus_G!F11/1000000 -> 4.0083479e-05 | G11: =Storage_modulus_G!G11/1000000 -> 0.00016436732 | H11: =Storage_modulus_G!H11/1000000 -> 0.00033284384 | I11: =Storage_modulus_G!I11/1000000 -> 0.00090607968 | J11: =Storage_modulus_G!J11/1000000 -> 0.0016751462 | ... Y11: =Storage_modulus_G!Y11/1000000 -> 0.23389881
A12: 3 | B12: 2 | C12: =Storage_modulus_G!C12/1000000 -> 0.0021517122 | D12: =Storage_modulus_G!D12/1000000 -> 0.002009695 | E12: =Storage_modulus_G!E12/1000000 -> 0.0015293751 | F12: =Storage_modulus_G!F12/1000000 -> 0.0015645833 | G12: =Storage_modulus_G!G12/1000000 -> 0.0029591684 | H12: =Storage_modulus_G!H12/1000000 -> 0.0041633207 | I12: =Storage_modulus_G!I12/1000000 -> 0.0068691468 | J12: =Storage_modulus_G!J12/1000000 -> 0.0108292 | ... Y12: =Storage_modulus_G!Y12/1000000 -> 0.7814766
A13: 3 | B13: 3 | C13: =Storage_modulus_G!C13/1000000 -> 0.13240703 | D13: =Storage_modulus_G!D13/1000000 -> 0.13857357 | E13: =Storage_modulus_G!E13/1000000 -> 0.1450273 | F13: =Storage_modulus_G!F13/1000000 -> 0.14836601 | G13: =Storage_modulus_G!G13/1000000 -> 0.15885046 | H13: =Storage_modulus_G!H13/1000000 -> 0.17007579 | I13: =Storage_modulus_G!I13/1000000 -> 0.18209438 | J13: =Storage_modulus_G!J13/1000000 -> 0.19945056 | ... Y13: =Storage_modulus_G!Y13/1000000 -> 1.8558111
A14: 3 | B14: 4 | C14: =Storage_modulus_G!C14/1000000 -> 0.00016815128 | D14: =Storage_modulus_G!D14/1000000 -> 0.0013648679 | E14: =Storage_modulus_G!E14/1000000 -> 0.0052274111 | F14: =Storage_modulus_G!F14/1000000 -> 0.0088233654 | G14: =Storage_modulus_G!G14/1000000 -> 0.017072218 | H14: =Storage_modulus_G!H14/1000000 -> 0.029479644 | I14: =Storage_modulus_G!I14/1000000 -> 0.043407201 | J14: =Storage_modulus_G!J14/1000000 -> 0.063914783 | ... Y14: =Storage_modulus_G!Y14/1000000 -> 1.1506825
A15: 4 | B15: 1 | C15: =Storage_modulus_G!C15/1000000 -> 6.6089431e-07 | D15: =Storage_modulus_G!D15/1000000 -> 7.961412e-07 | E15: =Storage_modulus_G!E15/1000000 -> 1.5479929e-06 | F15: =Storage_modulus_G!F15/1000000 -> 2.0741095e-06 | G15: =Storage_modulus_G!G15/1000000 -> 3.8239152e-06 | H15: =Storage_modulus_G!H15/1000000 -> 6.684709e-06 | I15: =Storage_modulus_G!I15/1000000 -> 1.4846263e-05 | J15: =Storage_modulus_G!J15/1000000 -> 2.0978874e-05 | ... W15: =Storage_modulus_G!W15/1000000 -> 0.059645483
A16: 4 | B16: 2 | C16: =Storage_modulus_G!C16/1000000 -> 1.936996e-05 | D16: =Storage_modulus_G!D16/1000000 -> 2.6652784e-05 | E16: =Storage_modulus_G!E16/1000000 -> 5.0462678e-05 | F16: =Storage_modulus_G!F16/1000000 -> 6.7613435e-05 | G16: =Storage_modulus_G!G16/1000000 -> 0.00010076282 | H16: =Storage_modulus_G!H16/1000000 -> 0.00014622327 | I16: =Storage_modulus_G!I16/1000000 -> 0.00020662436 | J16: =Storage_modulus_G!J16/1000000 -> 0.00029197558 | ... W16: =Storage_modulus_G!W16/1000000 -> 0.10996491
A17: 4 | B17: 3 | C17: =Storage_modulus_G!C17/1000000 -> 7.5203426e-05 | D17: =Storage_modulus_G!D17/1000000 -> 8.3645435e-05 | E17: =Storage_modulus_G!E17/1000000 -> 0.00016263766 | F17: =Storage_modulus_G!F17/1000000 -> 0.00018577056 | G17: =Storage_modulus_G!G17/1000000 -> 0.00020662436 | H17: =Storage_modulus_G!H17/1000000 -> 0.00029984561 | I17: =Storage_modulus_G!I17/1000000 -> 0.00040175417 | J17: =Storage_modulus_G!J17/1000000 -> 0.00058301076 | ... W17: =Storage_modulus_G!W17/1000000 -> 0.13970583
A18: 5 | B18: 1 | C18: =Storage_modulus_G!C18/1000000 -> 8.3623838e-06 | D18: =Storage_modulus_G!D18/1000000 -> 9.6548029e-06 | E18: =Storage_modulus_G!E18/1000000 -> 1.0970386e-05 | F18: =Storage_modulus_G!F18/1000000 -> 1.1146967e-05 | G18: =Storage_modulus_G!G18/1000000 -> 1.2465233e-05 | H18: =Storage_modulus_G!H18/1000000 -> 1.4623406e-05 | I18: =Storage_modulus_G!I18/1000000 -> 1.7711947e-05 | J18: =Storage_modulus_G!J18/1000000 -> 1.9806603e-05 | ... AS18: =Storage_modulus_G!AS18/1000000 -> 0.016991659
A19: 5 | B19: 2 | C19: =Storage_modulus_G!C19/1000000 -> 0.00036219788 | D19: =Storage_modulus_G!D19/1000000 -> 0.00041817611 | E19: =Storage_modulus_G!E19/1000000 -> 0.00046022277 | F19: =Storage_modulus_G!F19/1000000 -> 0.00049057719 | G19: =Storage_modulus_G!G19/1000000 -> 0.00051464978 | H19: =Storage_modulus_G!H19/1000000 -> 0.00051464978 | I19: =Storage_modulus_G!I19/1000000 -> 0.00057551345 | J19: =Storage_modulus_G!J19/1000000 -> 0.00060375386 | ... AS19: =Storage_modulus_G!AS19/1000000 -> 0.016991659
A20: 5 | B20: 3 | C20: =Storage_modulus_G!C20/1000000 -> 0.00016829643 | D20: =Storage_modulus_G!D20/1000000 -> 0.00021728608 | E20: =Storage_modulus_G!E20/1000000 -> 0.00024689392 | F20: =Storage_modulus_G!F20/1000000 -> 0.0002805362 | G20: =Storage_modulus_G!G20/1000000 -> 0.00032389349 | H20: =Storage_modulus_G!H20/1000000 -> 0.00036219788 | I20: =Storage_modulus_G!I20/1000000 -> 0.00041817611 | J20: =Storage_modulus_G!J20/1000000 -> 0.00044575731 | ... AS20: =Storage_modulus_G!AS20/1000000 -> 0.024532199
A21: 5 | B21: 4 | C21: =Storage_modulus_G!C21/1000000 -> 7.3773048e-05 | D21: =Storage_modulus_G!D21/1000000 -> 8.9768713e-05 | E21: =Storage_modulus_G!E21/1000000 -> 0.0001092326 | F21: =Storage_modulus_G!F21/1000000 -> 0.00011853965 | G21: =Storage_modulus_G!G21/1000000 -> 0.00012863969 | H21: =Storage_modulus_G!H21/1000000 -> 0.0001396003 | I21: =Storage_modulus_G!I21/1000000 -> 0.0001514948 | J21: =Storage_modulus_G!J21/1000000 -> 0.00015911259 | ... AS21: =Storage_modulus_G!AS21/1000000 -> 0.016821018
A22: 5 | B22: 5 | C22: =Storage_modulus_G!C22/1000000 -> 5.4781808e-06 | D22: =Storage_modulus_G!D22/1000000 -> 7.850302e-06 | E22: =Storage_modulus_G!E22/1000000 -> 9.0950862e-06 | F22: =Storage_modulus_G!F22/1000000 -> 9.552425e-06 | G22: =Storage_modulus_G!G22/1000000 -> 1.0710988e-05 | H22: =Storage_modulus_G!H22/1000000 -> 1.1815257e-05 | I22: =Storage_modulus_G!I22/1000000 -> 1.2613984e-05 | J22: =Storage_modulus_G!J22/1000000 -> 1.3688745e-05 | ... AS22: =Storage_modulus_G!AS22/1000000 -> 0.015001558
A23: 5 | B23: 6 | C23: =Storage_modulus_G!C23/1000000 -> 3.1934591e-06 | D23: =Storage_modulus_G!D23/1000000 -> 4.0812712e-06 | E23: =Storage_modulus_G!E23/1000000 -> 4.8063809e-06 | F23: =Storage_modulus_G!F23/1000000 -> 5.4781808e-06 | G23: =Storage_modulus_G!G23/1000000 -> 6.5578483e-06 | H23: =Storage_modulus_G!H23/1000000 -> 6.8876042e-06 | I23: =Storage_modulus_G!I23/1000000 -> 7.5976943e-06 | J23: =Storage_modulus_G!J23/1000000 -> 7.850302e-06 | ... AS23: =Storage_modulus_G!AS23/1000000 -> 0.017098363
A24: 6 | B24: 1 | C24: =Storage_modulus_G!C24/1000000 -> 1.5091406e-05 | D24: =Storage_modulus_G!D24/1000000 -> 2.1789989e-05 | E24: =Storage_modulus_G!E24/1000000 -> 2.5135957e-05 | F24: =Storage_modulus_G!F24/1000000 -> 2.7273818e-05 | G24: =Storage_modulus_G!G24/1000000 -> 2.7836111e-05 | H24: =Storage_modulus_G!H24/1000000 -> 4.1865969e-05 | I24: =Storage_modulus_G!I24/1000000 -> 4.8294709e-05 | J24: =Storage_modulus_G!J24/1000000 -> 5.4585254e-05 | ... AK24: =Storage_modulus_G!AK24/1000000 -> 0.026996945
A25: 6 | B25: 2 | C25: =Storage_modulus_G!C25/1000000 -> 0.0011418448 | D25: =Storage_modulus_G!D25/1000000 -> 0.0014887483 | E25: =Storage_modulus_G!E25/1000000 -> 0.0017527594 | F25: =Storage_modulus_G!F25/1000000 -> 0.0020219048 | G25: =Storage_modulus_G!G25/1000000 -> 0.0020635896 | H25: =Storage_modulus_G!H25/1000000 -> 0.0022852646 | I25: =Storage_modulus_G!I25/1000000 -> 0.0025829278 | J25: =Storage_modulus_G!J25/1000000 -> 0.002690528 | ... AK25: =Storage_modulus_G!AK25/1000000 -> 0.069023276
A26: 6 | B26: 3 | C26: =Storage_modulus_G!C26/1000000 -> 0.0079351816 | D26: =Storage_modulus_G!D26/1000000 -> 0.0077748897 | E26: =Storage_modulus_G!E26/1000000 -> 0.0077748897 | F26: =Storage_modulus_G!F26/1000000 -> 0.008436159 | G26: =Storage_modulus_G!G26/1000000 -> 0.0087875946 | H26: =Storage_modulus_G!H26/1000000 -> 0.0093423881 | I26: =Storage_modulus_G!I26/1000000 -> 0.0093423881 | J26: =Storage_modulus_G!J26/1000000 -> 0.010345966 | ... AK26: =Storage_modulus_G!AK26/1000000 -> 0.16263949
A27: 6 | B27: 4 | C27: =Storage_modulus_G!C27/1000000 -> 0.021568786 | D27: =Storage_modulus_G!D27/1000000 -> 0.019083144 | E27: =Storage_modulus_G!E27/1000000 -> 0.020287934 | F27: =Storage_modulus_G!F27/1000000 -> 0.020706202 | G27: =Storage_modulus_G!G27/1000000 -> 0.022013461 | H27: =Storage_modulus_G!H27/1000000 -> 0.022930503 | I27: =Storage_modulus_G!I27/1000000 -> 0.024880787 | J27: =Storage_modulus_G!J27/1000000 -> 0.026451603 | ... AK27: =Storage_modulus_G!AK27/1000000 -> 0.14098977
A28: 7 | B28: 1 | C28: =Storage_modulus_G!C28/1000000 -> 1.8968234e-06 | D28: =Storage_modulus_G!D28/1000000 -> 5.2178163e-06 | E28: =Storage_modulus_G!E28/1000000 -> 1.5270614e-05 | F28: =Storage_modulus_G!F28/1000000 -> 4.5623944e-05 | G28: =Storage_modulus_G!G28/1000000 -> 0.00013352437 | H28: =Storage_modulus_G!H28/1000000 -> 0.00034523641 | I28: =Storage_modulus_G!I28/1000000 -> 0.0007412337 | J28: =Storage_modulus_G!J28/1000000 -> 0.0014652755 | ... X28: =Storage_modulus_G!X28/1000000 -> 0.15270614
A29: 7 | B29: 2 | C29: =Storage_modulus_G!C29/1000000 -> 0.0083039077 | D29: =Storage_modulus_G!D29/1000000 -> 0.0090189702 | E29: =Storage_modulus_G!E29/1000000 -> 0.012550317 | F29: =Storage_modulus_G!F29/1000000 -> 0.021031486 | G29: =Storage_modulus_G!G29/1000000 -> 0.036730126 | H29: =Storage_modulus_G!H29/1000000 -> 0.068246552 | I29: =Storage_modulus_G!I29/1000000 -> 0.12945166 | J29: =Storage_modulus_G!J29/1000000 -> 0.19564999 | ... M29: =Storage_modulus_G!M29/1000000 -> 0.67545499
A30: 8 | B30: 1 | C30: 6874.0686 | D30: 6236.9598 | E30: 5275.7079 | F30: 4359.1654 | G30: 3643.8152 | H30: 3163.1893 | I30: 2682.5633 | J30: 2201.9374 | K30: 1631.8927 | L30: 1151.2668 | M30: 815.94635 | N30: 558.86736 | O30: 402.3845 | P30: 223.54694
A31: 8 | B31: 2 | C31: 7522.3547 | D31: 6762.2951 | E31: 5678.0924 | F31: 4817.4367 | G31: 4102.0864 | H31: 3587.9285 | I31: 3040.2385 | J31: 2369.5976 | K31: 1732.4888 | L31: 1274.2176 | M31: 961.25186 | N31: 760.05961 | O31: 581.22206 | P31: 424.7392
A32: 8 | B32: 3 | C32: 7622.9508 | D32: 7108.7928 | E32: 6315.2012 | F32: 5208.6438 | G32: 4415.0522 | H32: 3856.1848 | I32: 3375.5589 | J32: 2894.9329 | K32: 2302.5335 | L32: 1643.07 | M32: 1274.2176 | N32: 994.7839 | O32: 793.59165 | P32: 558.86736
A33: 8 | B33: 4 | C33: 4046.1997 | D33: 3643.8152 | E33: 3084.9478 | F33: 2604.3219 | G33: 2257.8241 | H33: 1967.2131 | I33: 1687.7794 | J33: 1430.7004 | K33: 1117.7347 | L33: 894.18778 | M33: 670.64083 | N33: 536.51267 | O33: 357.67511 | P33: 212.3696
A34: 9 | B34: 1 | C34: 2779.4524 | D34: 2835.9128 | E34: 2742.4381 | F34: 2705.9166 | G34: 2616.7267 | H34: 2303.8034 | I34: 1490.105 | J34: 944.61477 | K34: 722.44769 | L34: 586.89303 | M34: 445.86093 | N34: 321.0334 | O34: 239.03256 | P34: 174.43365
A35: 9 | B35: 2 | C35: 3444.4343 | D35: 3375.8588 | E35: 3375.8588 | F35: 3286.544 | G35: 3052.9252 | H35: 2599.2447 | I35: 1658.8084 | J35: 1016.8995 | K35: 757.15512 | L35: 627.5828 | M35: 483.20778 | N35: 347.92426 | O35: 271.50011 | P35: 207.6451
A36: 9 | B36: 3 | C36: 3242.7766 | D36: 3199.5921 | E36: 3114.9407 | F36: 3156.9827 | G36: 2932.5735 | H36: 2530.4766 | I36: 1625.783 | J36: 1030.6244 | K36: 767.37435 | L36: 606.897 | M36: 470.42358 | N36: 329.75778 | O36: 250.51603 | P36: 181.59234
A37: 9 | B37: 4 | C37: 3398.5643 | D37: 3375.8588 | E37: 3286.544 | F37: 3242.7766 | G37: 3073.4586 | H37: 2652.0444 | I37: 1750.1928 | J37: 1080.1371 | K37: 777.73151 | L37: 644.63795 | M37: 493.02341 | N37: 329.75778 | O37: 125.59752
A38: 11 | B38: 1a
A39: 11 | B39: 2a | F39: =SQRT(0.015266^2+0.02201346^2)/0.2797747 -> 0.095751556
A40: 11 | B40: 3a
A41: 11 | B41: 4a
A42: 11 | B42: 1b | C42: =Storage_modulus_G!C42*1000 -> 4044.7032 | D42: =Storage_modulus_G!D42*1000 -> 3939.2078 | E42: =Storage_modulus_G!E42*1000 -> 3786.1015 | F42: =Storage_modulus_G!F42*1000 -> 3591.1763 | G42: =Storage_modulus_G!G42*1000 -> 3317.4428 | H42: =Storage_modulus_G!H42*1000 -> 3064.5743 | I42: =Storage_modulus_G!I42*1000 -> 2868.638 | J42: =Storage_modulus_G!J42*1000 -> 2337.3465 | ... O42: =Storage_modulus_G!O42*1000 -> 644.43959
A43: 11 | B43: 2b | C43: =Storage_modulus_G!C43*1000 -> 2738.9851 | D43: =Storage_modulus_G!D43*1000 -> 2738.9851 | E43: =Storage_modulus_G!E43*1000 -> 2563.8657 | F43: =Storage_modulus_G!F43*1000 -> 2447.9874 | G43: =Storage_modulus_G!G43*1000 -> 2217.0096 | H43: =Storage_modulus_G!H43*1000 -> 1981.4681 | I43: =Storage_modulus_G!I43*1000 -> 1794.5083 | J43: =Storage_modulus_G!J43*1000 -> 1511.2629 | ... O43: =Storage_modulus_G!O43*1000 -> 436.40048
A44: 11 | B44: 3b | C44: =Storage_modulus_G!C44*1000 -> 2632.5282 | D44: =Storage_modulus_G!D44*1000 -> 2563.8657 | E44: =Storage_modulus_G!E44*1000 -> 2464.2151 | F44: =Storage_modulus_G!F44*1000 -> 2291.4732 | G44: =Storage_modulus_G!G44*1000 -> 2089.0201 | H44: =Storage_modulus_G!H44*1000 -> 1879.4534 | I44: =Storage_modulus_G!I44*1000 -> 1679.7749 | J44: =Storage_modulus_G!J44*1000 -> 1386.8749 | ... O44: =Storage_modulus_G!O44*1000 -> 379.86298
A45: 11 | B45: 4b | C45: =Storage_modulus_G!C45*1000 -> 1491.4241 | D45: =Storage_modulus_G!D45*1000 -> 1433.4565 | E45: =Storage_modulus_G!E45*1000 -> 1350.702 | F45: =Storage_modulus_G!F45*1000 -> 1239.5294 | G45: =Storage_modulus_G!G45*1000 -> 1100.5427 | H45: =Storage_modulus_G!H45*1000 -> 977.14037 | I45: =Storage_modulus_G!I45*1000 -> 844.94661 | J45: =Storage_modulus_G!J45*1000 -> 666.08463 | ... O45: =Storage_modulus_G!O45*1000 -> 248.87587
A46: 12 | B46: 1a | C46: =Storage_modulus_G!C46/1000000 -> 0.022939422 | D46: =Storage_modulus_G!D46/1000000 -> 0.019957771 | E46: =Storage_modulus_G!E46/1000000 -> 0.017097114 | F46: =Storage_modulus_G!F46/1000000 -> 0.017363674 | G46: =Storage_modulus_G!G46/1000000 -> 0.017909338 | H46: =Storage_modulus_G!H46/1000000 -> 0.020268932 | I46: =Storage_modulus_G!I46/1000000 -> 0.023660293 | J46: =Storage_modulus_G!J46/1000000 -> 0.027195092 | ... AA46: =Storage_modulus_G!AA46/1000000 -> 0.46856803
A47: 12 | B47: 2a | C47: =Storage_modulus_G!C47/1000000 -> 0.00019250162 | D47: =Storage_modulus_G!D47/1000000 -> 0.00016748059 | E47: =Storage_modulus_G!E47/1000000 -> 0.00030149722 | F47: =Storage_modulus_G!F47/1000000 -> 0.00038617664 | G47: =Storage_modulus_G!G47/1000000 -> 0.00048704559 | H47: =Storage_modulus_G!H47/1000000 -> 0.00056853716 | I47: =Storage_modulus_G!I47/1000000 -> 0.00066366376 | J47: =Storage_modulus_G!J47/1000000 -> 0.00071703892 | ... AA47: =Storage_modulus_G!AA47/1000000 -> 0.16112646
A48: 12 | B48: 3a | C48: =Storage_modulus_G!C48/1000000 -> 0.00010860114 | D48: =Storage_modulus_G!D48/1000000 -> 0.0001036758 | E48: =Storage_modulus_G!E48/1000000 -> 9.5958351e-05 | F48: =Storage_modulus_G!F48/1000000 -> 9.5958351e-05 | G48: =Storage_modulus_G!G48/1000000 -> 0.00010208421 | H48: =Storage_modulus_G!H48/1000000 -> 8.7451917e-05 | I48: =Storage_modulus_G!I48/1000000 -> 9.5958351e-05 | J48: =Storage_modulus_G!J48/1000000 -> 9.5958351e-05 | ... AA48: =Storage_modulus_G!AA48/1000000 -> 0.039422561
A49: 12 | B49: 4a | C49: =Storage_modulus_G!C49/1000000 -> 9.871907e-06 | D49: =Storage_modulus_G!D49/1000000 -> 1.8329813e-05 | E49: =Storage_modulus_G!E49/1000000 -> 3.403416e-05 | F49: =Storage_modulus_G!F49/1000000 -> 5.4979602e-05 | G49: =Storage_modulus_G!G49/1000000 -> 7.9699553e-05 | H49: =Storage_modulus_G!H49/1000000 -> 0.00011201393 | I49: =Storage_modulus_G!I49/1000000 -> 0.00013279466 | J49: =Storage_modulus_G!J49/1000000 -> 0.00018954641 | ... AA49: =Storage_modulus_G!AA49/1000000 -> 0.089505102
A50: 12 | B50: 5a | C50: =Storage_modulus_G!C50/1000000 -> 0.00013279466 | D50: =Storage_modulus_G!D50/1000000 -> 0.00022471064 | E50: =Storage_modulus_G!E50/1000000 -> 0.00024278299 | F50: =Storage_modulus_G!F50/1000000 -> 0.00026230881 | G50: =Storage_modulus_G!G50/1000000 -> 0.000283405 | H50: =Storage_modulus_G!H50/1000000 -> 0.00027905428 | I50: =Storage_modulus_G!I50/1000000 -> 0.00029686875 | J50: =Storage_modulus_G!J50/1000000 -> 0.00034122034 | ... AA50: =Storage_modulus_G!AA50/1000000 -> 0.062706502
A51: 12 | B51: 1b | C51: 12525.235 | D51: 11603.143 | E51: 11456.202 | F51: 11026.441 | G51: 5132.5361 | H51: 3370.3517 | I51: 2713.8088 | J51: 1828.0673
A52: 12 | B52: 2b | C52: 10345.704 | D52: 9831.5042 | E52: 9831.5042 | F52: 7816.0803 | G52: 3732.1202 | H52: 2328.9424 | I52: 1759.4927 | J52: 1155.395
A53: 12 | B53: 3b | C53: 11456.202 | D53: 11026.441 | E53: 10478.407 | F53: 6793.6517 | G53: 3370.3517 | H53: 2514.0191 | I53: 1923.6804 | J53: 1200.4272
A54: 12 | B54: 4b | C54: 13869.682 | D54: 12848.607 | E54: 13520.612 | F54: 10478.407 | G54: 6057.423 | H54: 4185.7259 | I54: 3501.7114 | J54: 2103.1882
A55: 12 | B55: 5b | C55: 11026.441 | D55: 11311.117 | E55: 10478.407 | F55: 6793.6517 | G55: 3828.4747 | H55: 2929.4743 | I55: 2389.069 | J55: 1490.8419
A56: 13 | B56: 1
A57: 13 | B57: 2
A58: 13 | B58: 3
A59: 13 | B59: 4
A60: 13 | B60: 5
A61: 13 | B61: 6
A62: 13 | B62: 7
A63: 13 | B63: 8
A64: 14 | B64: 1 | C64: =Storage_modulus_G!C64/1000000 -> 0.00022693415 | D64: =Storage_modulus_G!D64/1000000 -> 0.00040852499 | E64: =Storage_modulus_G!E64/1000000 -> 0.00064920079 | F64: =Storage_modulus_G!F64/1000000 -> 0.001148052 | G64: =Storage_modulus_G!G64/1000000 -> 0.0018244081 | H64: =Storage_modulus_G!H64/1000000 -> 0.0032842888 | I64: =Storage_modulus_G!I64/1000000 -> 0.0053129848 | J64: =Storage_modulus_G!J64/1000000 -> 0.0084430483 | ... O64: =Storage_modulus_G!O64/1000000 -> 0.046692347
A65: 14 | B65: 2 | C65: =Storage_modulus_G!C65/1000000 -> 0.00048818908 | D65: =Storage_modulus_G!D65/1000000 -> 0.00067274934 | E65: =Storage_modulus_G!E65/1000000 -> 0.00091071204 | F65: =Storage_modulus_G!F65/1000000 -> 0.001347703 | G65: =Storage_modulus_G!G65/1000000 -> 0.0021801753 | H65: =Storage_modulus_G!H65/1000000 -> 0.0025593166 | I65: =Storage_modulus_G!I65/1000000 -> 0.0042146166 | J65: =Storage_modulus_G!J65/1000000 -> 0.0063490392 | ... O65: =Storage_modulus_G!O65/1000000 -> 0.036385503
A66: 14 | B66: 3 | C66: =Storage_modulus_G!C66/1000000 -> 0.0025141269 | D66: =Storage_modulus_G!D66/1000000 -> 0.0028480366 | E66: =Storage_modulus_G!E66/1000000 -> 0.0034034157 | F66: =Storage_modulus_G!F66/1000000 -> 0.0041401993 | G66: =Storage_modulus_G!G66/1000000 -> 0.0051270155 | H66: =Storage_modulus_G!H66/1000000 -> 0.0066975934 | I66: =Storage_modulus_G!I66/1000000 -> 0.008147518 | J66: =Storage_modulus_G!J66/1000000 -> 0.011029439 | ... O66: =Storage_modulus_G!O66/1000000 -> 0.041958907
A67: 14 | B67: 4 | C67: =Storage_modulus_G!C67/1000000 -> 0.0060186161 | D67: =Storage_modulus_G!D67/1000000 -> 0.0068179827 | E67: =Storage_modulus_G!E67/1000000 -> 0.0073215578 | F67: =Storage_modulus_G!F67/1000000 -> 0.008147518 | G67: =Storage_modulus_G!G67/1000000 -> 0.0092296236 | H67: =Storage_modulus_G!H67/1000000 -> 0.01122767 | I67: =Storage_modulus_G!I67/1000000 -> 0.012494296 | J67: =Storage_modulus_G!J67/1000000 -> 0.013417113 | ... O67: =Storage_modulus_G!O67/1000000 -> 0.026878225
A68: 14 | B68: 5 | C68: =Storage_modulus_G!C68/1000000 -> 0.008147518 | D68: =Storage_modulus_G!D68/1000000 -> 0.008906561 | E68: =Storage_modulus_G!E68/1000000 -> 0.0093955071 | F68: =Storage_modulus_G!F68/1000000 -> 0.011029439 | G68: =Storage_modulus_G!G68/1000000 -> 0.011844071 | H68: =Storage_modulus_G!H68/1000000 -> 0.013180226 | I68: =Storage_modulus_G!I68/1000000 -> 0.014667085 | J68: =Storage_modulus_G!J68/1000000 -> 0.019504525 | ... O68: =Storage_modulus_G!O68/1000000 -> 0.045867903
A69: 14 | B69: 6 | C69: =Storage_modulus_G!C69/1000000 -> 0.010643378 | D69: =Storage_modulus_G!D69/1000000 -> 0.011029439 | E69: =Storage_modulus_G!E69/1000000 -> 0.012273668 | F69: =Storage_modulus_G!F69/1000000 -> 0.013180226 | G69: =Storage_modulus_G!G69/1000000 -> 0.014408128 | H69: =Storage_modulus_G!H69/1000000 -> 0.016033507 | I69: =Storage_modulus_G!I69/1000000 -> 0.018821825 | J69: =Storage_modulus_G!J69/1000000 -> 0.022492159 | ... O69: =Storage_modulus_G!O69/1000000 -> 0.0412182
A70: 14 | B70: 7 | C70: =Storage_modulus_G!C70/1000000 -> 0.011429496 | D70: =Storage_modulus_G!D70/1000000 -> 0.011844071 | E70: =Storage_modulus_G!E70/1000000 -> 0.012947495 | F70: =Storage_modulus_G!F70/1000000 -> 0.013417113 | G70: =Storage_modulus_G!G70/1000000 -> 0.014408128 | H70: =Storage_modulus_G!H70/1000000 -> 0.015750425 | I70: =Storage_modulus_G!I70/1000000 -> 0.016321721 | J70: =Storage_modulus_G!J70/1000000 -> 0.016913749 | ... O70: =Storage_modulus_G!O70/1000000 -> 0.026878225
A71: 14 | B71: 8 | C71: =Storage_modulus_G!C71/1000000 -> 0.021704871 | D71: =Storage_modulus_G!D71/1000000 -> 0.024587585 | E71: =Storage_modulus_G!E71/1000000 -> 0.024587585 | F71: =Storage_modulus_G!F71/1000000 -> 0.025479419 | G71: =Storage_modulus_G!G71/1000000 -> 0.026403619 | H71: =Storage_modulus_G!H71/1000000 -> 0.027361306 | I71: =Storage_modulus_G!I71/1000000 -> 0.028863446 | J71: =Storage_modulus_G!J71/1000000 -> 0.030448013 | ... O71: =Storage_modulus_G!O71/1000000 -> 0.045057985
A72: 14 | B72: 9 | C72: =Storage_modulus_G!C72/1000000 -> 0.027853145 | D72: =Storage_modulus_G!D72/1000000 -> 0.029910393 | E72: =Storage_modulus_G!E72/1000000 -> 0.032119592 | F72: =Storage_modulus_G!F72/1000000 -> 0.033882917 | G72: =Storage_modulus_G!G72/1000000 -> 0.037039533 | H72: =Storage_modulus_G!H72/1000000 -> 0.035743046 | I72: =Storage_modulus_G!I72/1000000 -> 0.037705294 | J72: =Storage_modulus_G!J72/1000000 -> 0.039775267 | ... O72: =Storage_modulus_G!O72/1000000 -> 0.058860766
A73: 14 | B73: 10 | C73: =Storage_modulus_G!C73/1000000 -> 0.053844481 | D73: =Storage_modulus_G!D73/1000000 -> 0.055797551 | E73: =Storage_modulus_G!E73/1000000 -> 0.056800475 | F73: =Storage_modulus_G!F73/1000000 -> 0.060995789 | G73: =Storage_modulus_G!G73/1000000 -> 0.062092147 | H73: =Storage_modulus_G!H73/1000000 -> 0.067876806 | I73: =Storage_modulus_G!I73/1000000 -> 0.072890224 | J73: =Storage_modulus_G!J73/1000000 -> 0.074200377 | ... O73: =Storage_modulus_G!O73/1000000 -> 0.09521896
A74: 15 | B74: 1
A75: 15 | B75: 2
A76: 15 | B76: 3
A77: 15 | B77: 4
A78: 15 | B78: 5
A79: 15 | B79: 6
A80: 16 | B80: 1 | C80: =1000*Storage_modulus_G!C80 -> 1623.0152 | D80: =1000*Storage_modulus_G!D80 -> 1795.533 | E80: =1000*Storage_modulus_G!E80 -> 1795.533 | F80: =1000*Storage_modulus_G!F80 -> 1594.3383 | G80: =1000*Storage_modulus_G!G80 -> 1349.9654 | H80: =1000*Storage_modulus_G!H80 -> 1070.7237 | I80: =1000*Storage_modulus_G!I80 -> 859.39662 | J80: =1000*Storage_modulus_G!J80 -> 661.67575 | ... L80: =1000*Storage_modulus_G!L80 -> 383.02379
A81: 16 | B81: 2 | C81: =1000*Storage_modulus_G!C81 -> 2416.7172 | D81: =1000*Storage_modulus_G!D81 -> 2250.3915 | E81: =1000*Storage_modulus_G!E81 -> 2250.3915 | F81: =1000*Storage_modulus_G!F81 -> 2197.5337 | G81: =1000*Storage_modulus_G!G81 -> 2022.1179 | H81: =1000*Storage_modulus_G!H81 -> 1742.971 | I81: =1000*Storage_modulus_G!I81 -> 1398.9638 | J81: =1000*Storage_modulus_G!J81 -> 1103.0131 | ... L81: =1000*Storage_modulus_G!L81 -> 714.81472
A82: 16 | B82: 3 | C82: =1000*Storage_modulus_G!C82 -> 2888.3192 | D82: =1000*Storage_modulus_G!D82 -> 2673.6024 | E82: =1000*Storage_modulus_G!E82 -> 2721.6905 | F82: =1000*Storage_modulus_G!F82 -> 2689.5364 | G82: =1000*Storage_modulus_G!G82 -> 2474.8475 | H82: =1000*Storage_modulus_G!H82 -> 2095.5128 | I82: =1000*Storage_modulus_G!I82 -> 1671.9597 | J82: =1000*Storage_modulus_G!J82 -> 1382.4364 | ... L82: =1000*Storage_modulus_G!L82 -> 967.84664
A83: 17 | B83: 1 | C83: =Storage_modulus_G!C83/10000000 -> 0.002636651 | D83: =Storage_modulus_G!D83/10000000 -> 0.003226799 | E83: =Storage_modulus_G!E83/10000000 -> 0.003949037 | F83: =Storage_modulus_G!F83/10000000 -> 0.005032159 | G83: =Storage_modulus_G!G83/10000000 -> 0.005914661 | H83: =Storage_modulus_G!H83/10000000 -> 0.008007718 | I83: =Storage_modulus_G!I83/10000000 -> 0.010624678 | J83: =Storage_modulus_G!J83/10000000 -> 0.014677993 | ... M83: =Storage_modulus_G!M83/10000000 -> 0.031622777
A84: 17 | B84: 2 | C84: =Storage_modulus_G!C84/10000000 -> 0.000309905 | D84: =Storage_modulus_G!D84/10000000 -> 0.000371685 | E84: =Storage_modulus_G!E84/10000000 -> 0.000493154 | F84: =Storage_modulus_G!F84/10000000 -> 0.000615848 | G84: =Storage_modulus_G!G84/10000000 -> 0.000850794 | H84: =Storage_modulus_G!H84/10000000 -> 0.000960409 | I84: =Storage_modulus_G!I84/10000000 -> 0.0013815 | J84: =Storage_modulus_G!J84/10000000 -> 0.001947483 | ... M84: =Storage_modulus_G!M84/10000000 -> 0.006158482
A85: 17 | B85: 3 | C85: =Storage_modulus_G!C85/10000000 -> 0.000176041 | D85: =Storage_modulus_G!D85/10000000 -> 0.000243201 | E85: =Storage_modulus_G!E85/10000000 -> 0.000342837 | F85: =Storage_modulus_G!F85/10000000 -> 0.000473629 | G85: =Storage_modulus_G!G85/10000000 -> 0.000695193 | H85: =Storage_modulus_G!H85/10000000 -> 0.00115187 | I85: =Storage_modulus_G!I85/10000000 -> 0.001725211 | J85: =Storage_modulus_G!J85/10000000 -> 0.002745342 | ... M85: =Storage_modulus_G!M85/10000000 -> 0.014096874
A86: 17 | B86: 4 | C86: =Storage_modulus_G!C86/10000000 -> 0.000419573 | D86: =Storage_modulus_G!D86/10000000 -> 0.000503216 | E86: =Storage_modulus_G!E86/10000000 -> 0.000628414 | F86: =Storage_modulus_G!F86/10000000 -> 0.000850794 | G86: =Storage_modulus_G!G86/10000000 -> 0.001175372 | H86: =Storage_modulus_G!H86/10000000 -> 0.001623777 | I86: =Storage_modulus_G!I86/10000000 -> 0.002383378 | J86: =Storage_modulus_G!J86/10000000 -> 0.003569699 | ... M86: =Storage_modulus_G!M86/10000000 -> 0.010841459
A87: 18 | B87: 1 | C87: =Storage_modulus_G!C87/1000000 -> 0.00213032 | D87: =Storage_modulus_G!D87/1000000 -> 0.00231013 | E87: =Storage_modulus_G!E87/1000000 -> 0.00255638 | F87: =Storage_modulus_G!F87/1000000 -> 0.00271655 | G87: =Storage_modulus_G!G87/1000000 -> 0.00300612 | H87: =Storage_modulus_G!H87/1000000 -> 0.00313041 | I87: =Storage_modulus_G!I87/1000000 -> 0.00346409 | J87: =Storage_modulus_G!J87/1000000 -> 0.00368114 | ... V87: =Storage_modulus_G!V87/1000000 -> 0.00649212
A88: 18 | B88: 2 | C88: =Storage_modulus_G!C88/1000000 -> 0.00016001 | D88: =Storage_modulus_G!D88/1000000 -> 0.00022648 | E88: =Storage_modulus_G!E88/1000000 -> 0.00032718 | F88: =Storage_modulus_G!F88/1000000 -> 0.00048243 | G88: =Storage_modulus_G!G88/1000000 -> 0.00071133 | H88: =Storage_modulus_G!H88/1000000 -> 0.00104884 | I88: =Storage_modulus_G!I88/1000000 -> 0.00161102 | J88: =Storage_modulus_G!J88/1000000 -> 0.00223415 | ... S88: =Storage_modulus_G!S88/1000000 -> 0.02595381
A89: 19 | B89: 1 | C89: 5420.22 | D89: 5042.7 | E89: 4746.07 | F89: 4112.36 | G89: 3573.03 | H89: 3155.06 | I89: 2750.56 | J89: 2305.62 | K89: 1901.12 | L89: 1617.98 | M89: 1348.31 | N89: 1132.58
A90: 19 | B90: 2 | C90: 4489.89 | D90: 4314.61 | E90: 3950.56 | F90: 3303.37 | G90: 2723.6 | H90: 2386.52 | I90: 1995.51 | J90: 1671.91 | K90: 1294.38 | L90: 1051.69 | M90: 862.92 | N90: 728.09
A91: 19 | B91: 3 | C91: 4058.43 | D91: 3883.15 | E91: 3573.03 | F91: 2831.46 | G91: 2332.58 | H91: 1968.54 | I91: 1685.39 | J91: 1334.83 | K91: 1078.65 | L91: 822.47 | M91: 701.12 | N91: 552.81
A92: 19 | B92: 4 | C92: 3802.25 | D92: 3559.55 | E92: 3114.61 | F92: 2238.2 | G92: 1698.88 | H92: 1456.18 | I92: 1186.52 | J92: 943.82 | K92: 728.09 | L92: 633.71 | M92: 539.33 | N92: 417.98
A93: 19 | B93: 5 | C93: 2575.28 | D93: 2507.87 | E93: 2332.58 | F93: 1766.29 | G93: 1361.8 | H93: 1146.07 | I93: 903.37 | J93: 714.61 | K93: 539.33 | L93: 431.46 | M93: 296.63 | N93: 215.73
A94: 20 | B94: 1a
A95: 20 | B95: 2a
A96: 20 | B96: 3a
A97: 20 | B97: 4a
A98: 20 | B98: 1b
A99: 20 | B99: 2b
A100: 20 | B100: 3b
...

Sheet Loss_modulus_G
A1: Study_id | B1: Instance
A2: 1 | B2: 1
A3: 1 | B3: 2
A4: 1 | B4: 3
A5: 1 | B5: 4
A6: 1 | B6: 5
A7: 2 | B7: 1 | C7: 262.8283 | D7: 377.61495 | E7: 554.96078 | F7: 779.47695 | G7: 1094.8239 | H7: 1469.6473 | I7: 1972.795 | J7: 2474.2446 | K7: 2770.9134 | L7: 3475.2304 | M7: 3475.2304
A8: 2 | B8: 2 | C8: 35.015658 | D8: 49.181671 | E8: 67.53178 | F8: 90.651929 | G8: 136.27815 | H8: 209.56149 | I8: 301.08459 | J8: 432.57914 | K8: 680.43538 | L8: 1000 | M8: 1469.6473
A9: 2 | B9: 3 | C9: 1145.5562 | D9: 1469.6473 | E9: 2209.3387 | F9: 2965.7268 | G9: 4358.5724 | H9: 6262.1189 | I9: 8598.57 | J9: 12353.877 | K9: 16583.345 | L9: 25501.01 | M9: 40112.404
A10: 2 | B10: 4 | C10: 3719.562 | D10: 5466.4442 | E10: 7506.0221 | F10: 11031.205 | G10: 16963.216 | H10: 25501.01 | I10: 38335.979 | J10: 58951.085 | K10: 88621.885 | L10: 124474.95 | M10: 200280.81
A11: 3 | B11: 1 | C11: 18.107198 | D11: 22.579744 | E11: 28.157026 | F11: 36.197426 | G11: 52.560702 | H11: 64.063634 | I11: 75.742362 | J11: 88.197149 | K11: 101.92118 | L11: 113.38235 | M11: 128.06723 | N11: 138.19613 | O11: 153.73645 | P11: 167.16313 | Q11: 176.31164 | R11: 180.38414 | S11: 187.38174 | T11: 194.6508 | U11: 199.1469 | V11: 203.74685 | W11: 199.1469 | X11: 203.74685 | Y11: 208.45306
A12: 3 | B12: 2 | C12: 65.543394 | D12: 62.142458 | E12: 65.543394 | F12: 70.727251 | G12: 82.357372 | H12: 93.734793 | I12: 106.68397 | J12: 124.22668 | K12: 138.19613 | L12: 156.0948 | M12: 169.72744 | N12: 183.15126 | O12: 206.87236 | P12: 218.19409 | Q12: 231.89386 | R12: 244.58496 | S12: 259.94175 | T12: 270.02561 | U12: 276.26274 | V12: 289.17252 | W12: 293.60848 | X12: 314.4276 | Y12: 321.69034
A13: 3 | B13: 3 | C13: 151.41374 | D13: 151.41374 | E13: 152.57068 | F13: 152.57068 | G13: 168.44041 | H13: 184.5507 | I13: 191.70994 | J13: 206.87236 | K13: 221.54122 | L13: 237.25021 | M13: 252.14647 | N13: 272.08885 | O13: 286.97974 | P13: 307.32883 | Q13: 321.69034 | R13: 334.1696 | S13: 341.88835 | T13: 355.15115 | U13: 363.35453 | V13: 371.74739 | W13: 371.74739 | X13: 380.33412 | Y13: 389.11919
A14: 3 | B14: 4 | C14: 42.796175 | D14: 60.278896 | E14: 90.234351 | F14: 108.32052 | G14: 130.0318 | H14: 157.2875 | I14: 168.44041 | J14: 188.81351 | K14: 205.30366 | L14: 223.23399 | M14: 235.45116 | N14: 252.14647 | O14: 270.02561 | P14: 278.37363 | Q14: 284.80359 | R14: 295.85191 | S14: 302.68558 | T14: 302.68558 | U14: 307.32883 | V14: 316.83011 | W14: 316.83011 | X14: 314.4276 | Y14: 331.63561
A15: 4 | B15: 1 | C15: 6.0388241 | D15: 9.7830932 | E15: 17.301957 | F15: 29.935773 | G15: 47.445003 | H15: 70.40752 | I15: 97.830932 | J15: 155.05158 | K15: 230.09372 | L15: 319.71418 | M15: 474.45003 | N15: 735.64225 | O15: 1115.884 | P15: 1516.884 | Q15: 2154.4347 | R15: 2865.1203 | S15: 4069.3384 | T15: 4957.2189 | U15: 6592.4618 | V15: 7686.2461 | W15: 8767.1239
A16: 4 | B16: 2 | C16: 23.519526 | D16: 34.145489 | E16: 50.671283 | F16: 76.862461 | G16: 109.16797 | H16: 162.00328 | I16: 225.10283 | J16: 334.0485 | K16: 474.45003 | L16: 630.95734 | M16: 916.01959 | N16: 1359.3564 | O16: 1807.7687 | P16: 2511.8864 | Q16: 3646.7397 | R16: 4957.2189 | S16: 6309.5734 | T16: 8030.8572 | U16: 10221.716 | V16: 13010.252 | W16: 15505.158
A17: 4 | B17: 3 | C17: 60.388241 | D17: 75.195262 | E17: 104.48348 | F17: 132.9871 | G17: 188.88196 | H17: 274.21754 | I17: 372.75937 | J17: 517.94747 | K17: 704.0752 | L17: 957.08912 | M17: 1329.871 | N17: 1847.8498 | O17: 2511.8864 | P17: 3268.0276 | Q17: 4641.5888 | R17: 6038.8241 | S17: 7856.6625 | T17: 10221.716 | U17: 13010.252 | V17: 15848.932 | W17: 18077.687
A18: 5 | B18: 1 | C18: 34.08738 | D18: 32.492953 | E18: 35.760045 | F18: 38.732196 | G18: 43.312755 | H18: 50.006807 | I18: 57.735435 | J18: 66.658534 | K18: 74.541726 | L18: 87.447535 | M18: 104.23907 | N18: 118.4429 | O18: 138.94955 | P18: 160.42441 | Q18: 182.28417 | R18: 213.84401 | S18: 246.89392 | T18: 289.63999 | U18: 339.78692 | V18: 398.61605 | W18: 460.22277 | X18: 531.35089 | Y18: 633.38001 | Z18: 755.0006 | AA18: 844.28872 | AB18: 990.46495 | AC18: 1143.5428 | AD18: 1341.5305 | AE18: 1430.0124 | AF18: 1846.2768 | AG18: 2272.2148 | AH18: 2581.8314 | AI18: 2933.637 | AJ18: 3387.0351 | AK18: 3910.5065 | AL18: 4514.8812 | AM18: 5048.8215 | AN18: 5556.4689 | AO18: 6115.1592 | AP18: 6518.4902 | AQ18: 6518.4902 | AR18: 5130.0881 | AS18: 17265.16
A19: 5 | B19: 2 | C19: 356.46024 | D19: 398.61605 | E19: 431.74652 | F19: 452.93229 | G19: 475.15765 | H19: 482.80587 | I19: 460.22277 | J19: 482.80587 | K19: 482.80587 | L19: 531.35089 | M19: 531.35089 | N19: 557.42424 | O19: 548.59398 | P19: 643.575 | Q19: 623.34652 | R19: 623.34652 | S19: 653.93409 | T19: 653.93409 | U19: 719.68567 | V19: 779.50144 | W19: 857.87853 | X19: 817.75152 | Y19: 844.28872 | Z19: 944.13625 | AA19: 1022.6069 | AB19: 1107.5996 | AC19: 1218.9662 | AD19: 1320.2791 | AE19: 1430.0124 | AF19: 1599.129 | AG19: 1788.2457 | AH19: 1968.0497 | AI19: 2131.6217 | AJ19: 2345.9513 | AK19: 2540.9321 | AL19: 2796.4171 | AM19: 2887.1648 | AN19: 3127.1278 | AO19: 3177.4626 | AP19: 3177.4626 | AQ19: 2980.8573 | AR19: 3610.4301 | AS19: 4736.4261
A20: 5 | B20: 3 | C20: 188.19955 | D20: 220.78355 | E20: 259.00899 | F20: 299.03922 | G20: 350.81349 | H20: 386.08698 | I20: 482.80587 | J20: 539.90361 | K20: 603.75386 | L20: 664.45993 | M20: 731.26985 | N20: 830.91418 | O20: 929.18002 | P20: 1055.792 | Q20: 1180.6524 | R20: 1407.3593 | S20: 1548.8661 | T20: 1759.9178 | U20: 1999.7278 | V20: 2236.2202 | W20: 2500.6808 | X20: 2752.1185 | Y20: 3228.6075 | Z20: 3553.2367 | AA20: 3973.4506 | AB20: 4443.3601 | AC20: 4890.1298 | AD20: 5296.5668 | AE20: 6518.4902 | AF20: 7060.2663 | AG20: 7770.1599 | AH20: 8971.0499 | AI20: 10193.464 | AJ20: 11040.68 | AK20: 11768.879 | AL20: 12952.213 | AM20: 13587.777 | AN20: 15194.699 | AO20: 16196.879 | AP20: 17265.16 | AQ20: 17543.062 | AR20: 16991.659 | AS20: 12747.034
A21: 5 | B21: 4 | C21: 38.986037 | D21: 44.435214 | E21: 49.824527 | F21: 54.961277 | G21: 61.627241 | H21: 70.241036 | I21: 76.225849 | J21: 84.084493 | K21: 94.282658 | L21: 102.31591 | M21: 114.72527 | N21: 124.50032 | O21: 139.6003 | P21: 151.4948 | Q21: 167.11343 | R21: 193.6118 | S21: 210.10829 | T21: 235.59121 | U21: 268.52039 | V21: 301.08782 | W21: 332.12902 | X21: 384.7931 | Y21: 438.5766 | Z21: 475.94505 | AA21: 533.66992 | AB21: 588.6896 | AC21: 628.48578 | AD21: 740.14734 | AE21: 843.5996 | AF21: 915.47761 | AG21: 1060.6404 | AH21: 1169.9891 | AI21: 1269.6768 | AJ21: 1519.9111 | AK21: 1622.659 | AL21: 1732.3529 | AM21: 1974.4882 | AN21: 2007.0437 | AO21: 2107.9662 | AP21: 1789.95 | AQ21: 1249.0819 | AR21: 660.08866 | AS21: 6622.5116
A22: 5 | B22: 5 | C22: 6.0429639 | D22: 6.8876042 | E22: 7.850302 | F22: 8.2450479 | G22: 9.7099258 | H22: 11.249581 | I22: 12.821964 | J22: 13.466706 | K22: 15.348981 | L22: 18.075998 | M22: 19.939576 | N22: 22.357942 | O22: 25.903132 | P22: 28.110181 | Q22: 33.104449 | R22: 35.925079 | S22: 40.946417 | T22: 45.912593 | U22: 53.192729 | V22: 63.67622 | W22: 71.399173 | X22: 81.378815 | Y22: 89.768713 | Z22: 100.65629 | AA22: 116.61687 | AB22: 128.63969 | AC22: 151.4948 | AD22: 167.11343 | AE22: 187.38174 | AF22: 224.31188 | AG22: 255.66452 | AH22: 291.39939 | AI22: 326.74169 | AJ22: 366.37046 | AK22: 404.1421 | AL22: 404.1421 | AM22: 417.57899 | AN22: 378.55152 | AO22: 224.31188 | AP22: 255.66452 | AQ22: 1026.5111 | AR22: 3121.1754 | AS22: 9646.6162
A23: 5 | B23: 6 | C23: 7.9797381 | D23: 6.5578483 | E23: 6.1426005 | F23: 5.8485129 | G23: 6.24388 | H23: 6.6659743 | I23: 7.4744552 | J23: 8.2450479 | K23: 8.9475585 | L23: 11.067107 | M23: 13.466706 | N23: 14.85508 | O23: 17.494347 | P23: 20.94222 | Q23: 23.869367 | R23: 28.573662 | S23: 32.039211 | T23: 37.119513 | U23: 45.167863 | V23: 53.192729 | W23: 63.67622 | X23: 72.576405 | Y23: 84.084493 | Z23: 100.65629 | AA23: 122.48085 | AB23: 137.3359 | AC23: 159.11259 | AD23: 196.80408 | AE23: 228.01034 | AF23: 255.66452 | AG23: 296.20399 | AH23: 343.17162 | AI23: 410.80561 | AJ23: 460.63006 | AK23: 516.49745 | AL23: 551.41335 | AM23: 588.6896 | AN23: 588.6896 | AO23: 475.94505 | AP23: 508.11956 | AQ23: 716.33082 | AR23: 2923.5403 | AS23: 9336.2066
A24: 6 | B24: 1
A25: 6 | B25: 2
A26: 6 | B26: 3
A27: 6 | B27: 4
A28: 7 | B28: 1 | C28: 39.483219 | D28: 113.19094 | E28: 317.86459 | F28: 756.70006 | G28: 1465.2755 | H28: 2506.7045 | I28: 4030.7064 | J28: 6091.9084 | K28: 8477.1745 | L28: 11796.383 | M28: 16079.703 | N28: 21031.486 | O28: 26395.182 | P28: 33126.791 | Q28: 40725.411 | R28: 40725.411 | S28: 46097.474 | T28: 50067 | U28: 59060.953 | V28: 64146.784 | W28: 66851.646 | X28: 71124.289
A29: 7 | B29: 2 | C29: 7186.2487 | D29: 11087.74 | E29: 19364.02 | F29: 33818.005 | G29: 56671.307 | H29: 91125.779 | I29: 129451.66 | J29: 152706.14 | K29: 180138.02 | L29: 221458.05 | M29: 277936.89
A30: 8 | B30: 1
A31: 8 | B31: 2
A32: 8 | B32: 3
A33: 8 | B33: 4
A34: 9 | B34: 1
A35: 9 | B35: 2
A36: 9 | B36: 3
A37: 9 | B37: 4
A38: 11 | B38: 1a
A39: 11 | B39: 2a
A40: 11 | B40: 3a
A41: 11 | B41: 4a
A42: 11 | B42: 1b
A43: 11 | B43: 2b
A44: 11 | B44: 3b
A45: 11 | B45: 4b
A46: 12 | B46: 1a
A47: 12 | B47: 2a
A48: 12 | B48: 3a
A49: 12 | B49: 4a
... A55: 12 | B55: 5b
A56: 13 | B56: 1
A57: 13 | B57: 2
A58: 13 | B58: 3
A59: 13 | B59: 4
A60: 13 | B60: 5
A61: 13 | B61: 6
A62: 13 | B62: 7
A63: 13 | B63: 8
A64: 14 | B64: 1 | C64: 1294.104 | D64: 1863.2462 | E64: 2755.2085 | F64: 3862.5377 | G64: 5414.9031 | H64: 7727.3571 | I64: 10270.296 | J64: 14019.035 | K64: 17822.361 | L64: 22258.215 | M64: 27308.219 | N64: 31763.655 | O64: 36946.012
A65: 14 | B65: 2 | C65: 1102.7345 | D65: 1491.9187 | E65: 2148.0592 | F65: 2984.7198 | G65: 4147.2535 | H65: 5918.3511 | I65: 8150.7327 | J65: 11125.814 | K65: 14787.141 | L65: 18798.853 | M65: 23063.988 | N65: 29061.661 | O65: 35339.675
A66: 14 | B66: 3 | C66: 1846.7551 | D66: 2326.9944 | E66: 3011.3727 | F66: 3862.5377 | G66: 5272.394 | H66: 6702.778 | I66: 8908.5431 | J66: 11426.548 | K66: 14526.53 | L66: 17664.62 | M66: 21672.417 | N66: 26120.914 | O66: 30927.691
A67: 14 | B67: 4 | C67: 2167.2424 | D67: 2432.7661 | E67: 2635.4177 | F67: 3350.3983 | G67: 4038.1063 | H67: 4696.9365 | I67: 5711.5851 | J67: 7007.4475 | K67: 8597.3164 | L67: 10454.542 | M67: 12600.454 | N67: 15322.448 | O67: 18798.853
A68: 14 | B68: 5 | C68: 3380.3189 | D68: 3533.9687 | E68: 4823.8947 | F68: 5414.9031 | G68: 6702.778 | H68: 8150.7327 | I68: 10362.012 | J68: 12712.964 | K68: 15459.279 | L68: 19306.979 | M68: 23898.923 | N68: 29321.186 | O68: 34716.866
A69: 14 | B69: 6 | C69: 3176.3655 | D69: 3931.829 | E69: 4335.7636 | F69: 5043.1611 | G69: 6132.6023 | H69: 7070.0226 | I69: 8521.2179 | J69: 9823.765 | K69: 11426.548 | L69: 13173.197 | M69: 14919.187 | N69: 18966.723 | O69: 21672.417
A70: 14 | B70: 7 | C70: 2411.2343 | D70: 2706.653 | E70: 2588.9733 | F70: 2804.6351 | G70: 3120.3879 | H70: 3597.3656 | I70: 4038.1063 | J70: 4781.1964 | K70: 5865.9692 | L70: 7196.8564 | M70: 8988.1006 | N70: 11225.172 | O70: 14019.035
A71: 14 | B71: 8 | C71: 4413.5473 | D71: 4335.7636 | E71: 4335.7636 | F71: 4413.5473 | G71: 4374.4811 | H71: 4413.5473 | I71: 4910.4321 | J71: 5661.0333 | K71: 6132.6023 | L71: 6762.6324 | M71: 7391.3874 | N71: 8988.1006 | O71: 10929.745
A72: 14 | B72: 9 | C72: 5463.2571 | D72: 5661.0333 | E72: 5414.9031 | F72: 5463.2571 | G72: 5762.5923 | H72: 6468.607 | I72: 7133.1539 | J72: 7936.2249 | K72: 9231.049 | L72: 10270.296 | M72: 11426.548 | N72: 13771.975 | O72: 17047.481
A73: 14 | B73: 10 | C73: 10089.301 | D73: 10270.296 | E73: 10642.086 | F73: 9823.765 | G73: 10547.903 | H73: 10642.086 | I73: 11631.529 | J73: 11945.933 | K73: 14270.531 | L73: 14656.259 | M73: 15597.327 | N73: 19136.091 | O73: 22258.215
A74: 15 | B74: 1
A75: 15 | B75: 2
A76: 15 | B76: 3
A77: 15 | B77: 4
A78: 15 | B78: 5
A79: 15 | B79: 6
A80: 16 | B80: 1
A81: 16 | B81: 2
A82: 16 | B82: 3
A83: 17 | B83: 1
A84: 17 | B84: 2
A85: 17 | B85: 3
A86: 17 | B86: 4
A87: 18 | B87: 1 | C87: 805.67 | D87: 805.67 | E87: 873.67 | F87: 928.41 | G87: 928.41 | H87: 1006.78 | I87: 1048.4 | J87: 1091.75 | K87: 1114.09 | L87: 1183.9 | M87: 1283.82 | N87: 1509.68 | O87: 1479.41 | P87: 1637.1 | Q87: 1739.68 | R87: 2087.6 | S87: 2310.13 | T87: 2716.55 | U87: 2886.76 | V87: 2886.76
A88: 18 | B88: 2 | C88: 1115.16 | D88: 1484.56 | E88: 2017.13 | F88: 2577.76 | G88: 3431.65 | H88: 4758.99 | I88: 6207.25 | J88: 7932.47 | K88: 10346.49 | L88: 13495.14 | M88: 16897.04 | N88: 21156.5 | O88: 25953.81 | P88: 30563.78 | Q88: 35264.46 | R88: 41528.21 | S88: 44154.04
A89: 19 | B89: 1 | C89: 234.94 | D89: 234.1 | E89: 243.31 | F89: 243.72 | G89: 215.69 | H89: 165.48 | I89: 147.49 | J89: 148.33 | K89: 146.23 | L89: 141.63 | M89: 132.85 | N89: 117.78
A90: 19 | B90: 2 | C90: 208.16 | D90: 209 | E90: 219.87 | F90: 211.09 | G90: 176.78 | H90: 126.15 | I90: 106.49 | J90: 102.72 | K90: 98.95 | L90: 93.1 | M90: 81.38 | N90: 66.32
A91: 19 | B91: 3 | C91: 200.21 | D91: 203.97 | E91: 211.51 | F91: 201.46 | G91: 164.64 | H91: 114.02 | I91: 93.1 | J91: 85.15 | K91: 80.54 | L91: 74.69 | M91: 63.39 | N91: 50.84
A92: 19 | B92: 4 | C92: 197.7 | D92: 206.07 | E92: 215.69 | F92: 187.24 | G92: 140.38 | H92: 79.71 | I92: 66.32 | J92: 58.37 | K92: 55.02 | L92: 51.67
A93: 19 | B93: 5 | C93: 170.5 | D93: 162.97 | E93: 166.74 | F93: 149.58 | G93: 110.67 | H93: 73.01 | I93: 54.18
A94: 20 | B94: 1a
A95: 20 | B95: 2a
A96: 20 | B96: 3a
A97: 20 | B97: 4a
A98: 20 | B98: 1b
A99: 20 | B99: 2b
A100: 20 | B100: 3b
A101: 20 | B101: 4b
A102: 20 | B102: 1c
A103: 20 | B103: 2c
A104: 20 | B104: 3c
A105: 20 | B105: 4c
...

Sheet converted_MPa_Loss_modulus_G
A1: Study_id | B1: Instance
A2: 1 | B2: 1
A3: 1 | B3: 2
A4: 1 | B4: 3
A5: 1 | B5: 4
A6: 1 | B6: 5
A7: 2 | B7: 1 | C7: =Loss_modulus_G!C7/1000000 -> 0.0002628283 | D7: =Loss_modulus_G!D7/1000000 -> 0.00037761495 | E7: =Loss_modulus_G!E7/1000000 -> 0.00055496078 | F7: =Loss_modulus_G!F7/1000000 -> 0.00077947695 | G7: =Loss_modulus_G!G7/1000000 -> 0.0010948239 | H7: =Loss_modulus_G!H7/1000000 -> 0.0014696473 | I7: =Loss_modulus_G!I7/1000000 -> 0.001972795 | J7: =Loss_modulus_G!J7/1000000 -> 0.0024742446 | ... M7: =Loss_modulus_G!M7/1000000 -> 0.0034752304
A8: 2 | B8: 2 | C8: =Loss_modulus_G!C8/1000000 -> 3.5015658e-05 | D8: =Loss_modulus_G!D8/1000000 -> 4.9181671e-05 | E8: =Loss_modulus_G!E8/1000000 -> 6.753178e-05 | F8: =Loss_modulus_G!F8/1000000 -> 9.0651929e-05 | G8: =Loss_modulus_G!G8/1000000 -> 0.00013627815 | H8: =Loss_modulus_G!H8/1000000 -> 0.00020956149 | I8: =Loss_modulus_G!I8/1000000 -> 0.00030108459 | J8: =Loss_modulus_G!J8/1000000 -> 0.00043257914 | ... M8: =Loss_modulus_G!M8/1000000 -> 0.0014696473
A9: 2 | B9: 3 | C9: =Loss_modulus_G!C9/1000000 -> 0.0011455562 | D9: =Loss_modulus_G!D9/1000000 -> 0.0014696473 | E9: =Loss_modulus_G!E9/1000000 -> 0.0022093387 | F9: =Loss_modulus_G!F9/1000000 -> 0.0029657268 | G9: =Loss_modulus_G!G9/1000000 -> 0.0043585724 | H9: =Loss_modulus_G!H9/1000000 -> 0.0062621189 | I9: =Loss_modulus_G!I9/1000000 -> 0.00859857 | J9: =Loss_modulus_G!J9/1000000 -> 0.012353877 | ... M9: =Loss_modulus_G!M9/1000000 -> 0.040112404
A10: 2 | B10: 4 | C10: =Loss_modulus_G!C10/1000000 -> 0.003719562 | D10: =Loss_modulus_G!D10/1000000 -> 0.0054664442 | E10: =Loss_modulus_G!E10/1000000 -> 0.0075060221 | F10: =Loss_modulus_G!F10/1000000 -> 0.011031205 | G10: =Loss_modulus_G!G10/1000000 -> 0.016963216 | H10: =Loss_modulus_G!H10/1000000 -> 0.02550101 | I10: =Loss_modulus_G!I10/1000000 -> 0.038335979 | J10: =Loss_modulus_G!J10/1000000 -> 0.058951085 | ... M10: =Loss_modulus_G!M10/1000000 -> 0.20028081
A11: 3 | B11: 1 | C11: =Loss_modulus_G!C11/1000000 -> 1.8107198e-05 | D11: =Loss_modulus_G!D11/1000000 -> 2.2579744e-05 | E11: =Loss_modulus_G!E11/1000000 -> 2.8157026e-05 | F11: =Loss_modulus_G!F11/1000000 -> 3.6197426e-05 | G11: =Loss_modulus_G!G11/1000000 -> 5.2560702e-05 | H11: =Loss_modulus_G!H11/1000000 -> 6.4063634e-05 | I11: =Loss_modulus_G!I11/1000000 -> 7.5742362e-05 | J11: =Loss_modulus_G!J11/1000000 -> 8.8197149e-05 | ... Y11: =Loss_modulus_G!Y11/1000000 -> 0.00020845306
A12: 3 | B12: 2 | C12: =Loss_modulus_G!C12/1000000 -> 6.5543394e-05 | D12: =Loss_modulus_G!D12/1000000 -> 6.2142458e-05 | E12: =Loss_modulus_G!E12/1000000 -> 6.5543394e-05 | F12: =Loss_modulus_G!F12/1000000 -> 7.0727251e-05 | G12: =Loss_modulus_G!G12/1000000 -> 8.2357372e-05 | H12: =Loss_modulus_G!H12/1000000 -> 9.3734793e-05 | I12: =Loss_modulus_G!I12/1000000 -> 0.00010668397 | J12: =Loss_modulus_G!J12/1000000 -> 0.00012422668 | ... Y12: =Loss_modulus_G!Y12/1000000 -> 0.00032169034
A13: 3 | B13: 3 | C13: =Loss_modulus_G!C13/1000000 -> 0.00015141374 | D13: =Loss_modulus_G!D13/1000000 -> 0.00015141374 | E13: =Loss_modulus_G!E13/1000000 -> 0.00015257068 | F13: =Loss_modulus_G!F13/1000000 -> 0.00015257068 | G13: =Loss_modulus_G!G13/1000000 -> 0.00016844041 | H13: =Loss_modulus_G!H13/1000000 -> 0.0001845507 | I13: =Loss_modulus_G!I13/1000000 -> 0.00019170994 | J13: =Loss_modulus_G!J13/1000000 -> 0.00020687236 | ... Y13: =Loss_modulus_G!Y13/1000000 -> 0.00038911919
A14: 3 | B14: 4 | C14: =Loss_modulus_G!C14/1000000 -> 4.2796175e-05 | D14: =Loss_modulus_G!D14/1000000 -> 6.0278896e-05 | E14: =Loss_modulus_G!E14/1000000 -> 9.0234351e-05 | F14: =Loss_modulus_G!F14/1000000 -> 0.00010832052 | G14: =Loss_modulus_G!G14/1000000 -> 0.0001300318 | H14: =Loss_modulus_G!H14/1000000 -> 0.0001572875 | I14: =Loss_modulus_G!I14/1000000 -> 0.00016844041 | J14: =Loss_modulus_G!J14/1000000 -> 0.00018881351 | ... Y14: =Loss_modulus_G!Y14/1000000 -> 0.00033163561
A15: 4 | B15: 1 | C15: =Loss_modulus_G!C15/1000000 -> 6.0388241e-06 | D15: =Loss_modulus_G!D15/1000000 -> 9.7830932e-06 | E15: =Loss_modulus_G!E15/1000000 -> 1.7301957e-05 | F15: =Loss_modulus_G!F15/1000000 -> 2.9935773e-05 | G15: =Loss_modulus_G!G15/1000000 -> 4.7445003e-05 | H15: =Loss_modulus_G!H15/1000000 -> 7.040752e-05 | I15: =Loss_modulus_G!I15/1000000 -> 9.7830932e-05 | J15: =Loss_modulus_G!J15/1000000 -> 0.00015505158 | ... W15: =Loss_modulus_G!W15/1000000 -> 0.0087671239
A16: 4 | B16: 2 | C16: =Loss_modulus_G!C16/1000000 -> 2.3519526e-05 | D16: =Loss_modulus_G!D16/1000000 -> 3.4145489e-05 | E16: =Loss_modulus_G!E16/1000000 -> 5.0671283e-05 | F16: =Loss_modulus_G!F16/1000000 -> 7.6862461e-05 | G16: =Loss_modulus_G!G16/1000000 -> 0.00010916797 | H16: =Loss_modulus_G!H16/1000000 -> 0.00016200328 | I16: =Loss_modulus_G!I16/1000000 -> 0.00022510283 | J16: =Loss_modulus_G!J16/1000000 -> 0.0003340485 | ... W16: =Loss_modulus_G!W16/1000000 -> 0.015505158
A17: 4 | B17: 3 | C17: =Loss_modulus_G!C17/1000000 -> 6.0388241e-05 | D17: =Loss_modulus_G!D17/1000000 -> 7.5195262e-05 | E17: =Loss_modulus_G!E17/1000000 -> 0.00010448348 | F17: =Loss_modulus_G!F17/1000000 -> 0.0001329871 | G17: =Loss_modulus_G!G17/1000000 -> 0.00018888196 | H17: =Loss_modulus_G!H17/1000000 -> 0.00027421754 | I17: =Loss_modulus_G!I17/1000000 -> 0.00037275937 | J17: =Loss_modulus_G!J17/1000000 -> 0.00051794747 | ... W17: =Loss_modulus_G!W17/1000000 -> 0.018077687
A18: 5 | B18: 1 | C18: =Loss_modulus_G!C18/1000000 -> 3.408738e-05 | D18: =Loss_modulus_G!D18/1000000 -> 3.2492953e-05 | E18: =Loss_modulus_G!E18/1000000 -> 3.5760045e-05 | F18: =Loss_modulus_G!F18/1000000 -> 3.8732196e-05 | G18: =Loss_modulus_G!G18/1000000 -> 4.3312755e-05 | H18: =Loss_modulus_G!H18/1000000 -> 5.0006807e-05 | I18: =Loss_modulus_G!I18/1000000 -> 5.7735435e-05 | J18: =Loss_modulus_G!J18/1000000 -> 6.6658534e-05 | ... AS18: =Loss_modulus_G!AS18/1000000 -> 0.01726516
A19: 5 | B19: 2 | C19: =Loss_modulus_G!C19/1000000 -> 0.00035646024 | D19: =Loss_modulus_G!D19/1000000 -> 0.00039861605 | E19: =Loss_modulus_G!E19/1000000 -> 0.00043174652 | F19: =Loss_modulus_G!F19/1000000 -> 0.00045293229 | G19: =Loss_modulus_G!G19/1000000 -> 0.00047515765 | H19: =Loss_modulus_G!H19/1000000 -> 0.00048280587 | I19: =Loss_modulus_G!I19/1000000 -> 0.00046022277 | J19: =Loss_modulus_G!J19/1000000 -> 0.00048280587 | ... AS19: =Loss_modulus_G!AS19/1000000 -> 0.0047364261
A20: 5 | B20: 3 | C20: =Loss_modulus_G!C20/1000000 -> 0.00018819955 | D20: =Loss_modulus_G!D20/1000000 -> 0.00022078355 | E20: =Loss_modulus_G!E20/1000000 -> 0.00025900899 | F20: =Loss_modulus_G!F20/1000000 -> 0.00029903922 | G20: =Loss_modulus_G!G20/1000000 -> 0.00035081349 | H20: =Loss_modulus_G!H20/1000000 -> 0.00038608698 | I20: =Loss_modulus_G!I20/1000000 -> 0.00048280587 | J20: =Loss_modulus_G!J20/1000000 -> 0.00053990361 | ... AS20: =Loss_modulus_G!AS20/1000000 -> 0.012747034
A21: 5 | B21: 4 | C21: =Loss_modulus_G!C21/1000000 -> 3.8986037e-05 | D21: =Loss_modulus_G!D21/1000000 -> 4.4435214e-05 | E21: =Loss_modulus_G!E21/1000000 -> 4.9824527e-05 | F21: =Loss_modulus_G!F21/1000000 -> 5.4961277e-05 | G21: =Loss_modulus_G!G21/1000000 -> 6.1627241e-05 | H21: =Loss_modulus_G!H21/1000000 -> 7.0241036e-05 | I21: =Loss_modulus_G!I21/1000000 -> 7.6225849e-05 | J21: =Loss_modulus_G!J21/1000000 -> 8.4084493e-05 | ... AS21: =Loss_modulus_G!AS21/1000000 -> 0.0066225116
A22: 5 | B22: 5 | C22: =Loss_modulus_G!C22/1000000 -> 6.0429639e-06 | D22: =Loss_modulus_G!D22/1000000 -> 6.8876042e-06 | E22: =Loss_modulus_G!E22/1000000 -> 7.850302e-06 | F22: =Loss_modulus_G!F22/1000000 -> 8.2450479e-06 | G22: =Loss_modulus_G!G22/1000000 -> 9.7099258e-06 | H22: =Loss_modulus_G!H22/1000000 -> 1.1249581e-05 | I22: =Loss_modulus_G!I22/1000000 -> 1.2821964e-05 | J22: =Loss_modulus_G!J22/1000000 -> 1.3466706e-05 | ... AS22: =Loss_modulus_G!AS22/1000000 -> 0.0096466162
A23: 5 | B23: 6 | C23: =Loss_modulus_G!C23/1000000 -> 7.9797381e-06 | D23: =Loss_modulus_G!D23/1000000 -> 6.5578483e-06 | E23: =Loss_modulus_G!E23/1000000 -> 6.1426005e-06 | F23: =Loss_modulus_G!F23/1000000 -> 5.8485129e-06 | G23: =Loss_modulus_G!G23/1000000 -> 6.24388e-06 | H23: =Loss_modulus_G!H23/1000000 -> 6.6659743e-06 | I23: =Loss_modulus_G!I23/1000000 -> 7.4744552e-06 | J23: =Loss_modulus_G!J23/1000000 -> 8.2450479e-06 | ... AS23: =Loss_modulus_G!AS23/1000000 -> 0.0093362066
A24: 6 | B24: 1
A25: 6 | B25: 2
A26: 6 | B26: 3
A27: 6 | B27: 4
A28: 7 | B28: 1 | C28: =Loss_modulus_G!C28/1000000 -> 3.9483219e-05 | D28: =Loss_modulus_G!D28/1000000 -> 0.00011319094 | E28: =Loss_modulus_G!E28/1000000 -> 0.00031786459 | F28: =Loss_modulus_G!F28/1000000 -> 0.00075670006 | G28: =Loss_modulus_G!G28/1000000 -> 0.0014652755 | H28: =Loss_modulus_G!H28/1000000 -> 0.0025067045 | I28: =Loss_modulus_G!I28/1000000 -> 0.0040307064 | J28: =Loss_modulus_G!J28/1000000 -> 0.0060919084 | ... X28: =Loss_modulus_G!X28/1000000 -> 0.071124289
A29: 7 | B29: 2 | C29: =Loss_modulus_G!C29/1000000 -> 0.0071862487 | D29: =Loss_modulus_G!D29/1000000 -> 0.01108774 | E29: =Loss_modulus_G!E29/1000000 -> 0.01936402 | F29: =Loss_modulus_G!F29/1000000 -> 0.033818005 | G29: =Loss_modulus_G!G29/1000000 -> 0.056671307 | H29: =Loss_modulus_G!H29/1000000 -> 0.091125779 | I29: =Loss_modulus_G!I29/1000000 -> 0.12945166 | J29: =Loss_modulus_G!J29/1000000 -> 0.15270614 | ... M29: =Loss_modulus_G!M29/1000000 -> 0.27793689
A30: 8 | B30: 1
A31: 8 | B31: 2
A32: 8 | B32: 3
A33: 8 | B33: 4
A34: 9 | B34: 1
A35: 9 | B35: 2
A36: 9 | B36: 3
A37: 9 | B37: 4
A38: 11 | B38: 1a
A39: 11 | B39: 2a
A40: 11 | B40: 3a
A41: 11 | B41: 4a
A42: 11 | B42: 1b
A43: 11 | B43: 2b
A44: 11 | B44: 3b
A45: 11 | B45: 4b
A46: 12 | B46: 1a
A47: 12 | B47: 2a
A48: 12 | B48: 3a
A49: 12 | B49: 4a
... A55: 12 | B55: 5b
A56: 13 | B56: 1
A57: 13 | B57: 2
A58: 13 | B58: 3
A59: 13 | B59: 4
A60: 13 | B60: 5
A61: 13 | B61: 6
A62: 13 | B62: 7
A63: 13 | B63: 8
A64: 14 | B64: 1 | C64: =Loss_modulus_G!C64/1000000 -> 0.001294104 | D64: =Loss_modulus_G!D64/1000000 -> 0.0018632462 | E64: =Loss_modulus_G!E64/1000000 -> 0.0027552085 | F64: =Loss_modulus_G!F64/1000000 -> 0.0038625377 | G64: =Loss_modulus_G!G64/1000000 -> 0.0054149031 | H64: =Loss_modulus_G!H64/1000000 -> 0.0077273571 | I64: =Loss_modulus_G!I64/1000000 -> 0.010270296 | J64: =Loss_modulus_G!J64/1000000 -> 0.014019035 | ... O64: =Loss_modulus_G!O64/1000000 -> 0.036946012
A65: 14 | B65: 2 | C65: =Loss_modulus_G!C65/1000000 -> 0.0011027345 | D65: =Loss_modulus_G!D65/1000000 -> 0.0014919187 | E65: =Loss_modulus_G!E65/1000000 -> 0.0021480592 | F65: =Loss_modulus_G!F65/1000000 -> 0.0029847198 | G65: =Loss_modulus_G!G65/1000000 -> 0.0041472535 | H65: =Loss_modulus_G!H65/1000000 -> 0.0059183511 | I65: =Loss_modulus_G!I65/1000000 -> 0.0081507327 | J65: =Loss_modulus_G!J65/1000000 -> 0.011125814 | ... O65: =Loss_modulus_G!O65/1000000 -> 0.035339675
A66: 14 | B66: 3 | C66: =Loss_modulus_G!C66/1000000 -> 0.0018467551 | D66: =Loss_modulus_G!D66/1000000 -> 0.0023269944 | E66: =Loss_modulus_G!E66/1000000 -> 0.0030113727 | F66: =Loss_modulus_G!F66/1000000 -> 0.0038625377 | G66: =Loss_modulus_G!G66/1000000 -> 0.005272394 | H66: =Loss_modulus_G!H66/1000000 -> 0.006702778 | I66: =Loss_modulus_G!I66/1000000 -> 0.0089085431 | J66: =Loss_modulus_G!J66/1000000 -> 0.011426548 | ... O66: =Loss_modulus_G!O66/1000000 -> 0.030927691
A67: 14 | B67: 4 | C67: =Loss_modulus_G!C67/1000000 -> 0.0021672424 | D67: =Loss_modulus_G!D67/1000000 -> 0.0024327661 | E67: =Loss_modulus_G!E67/1000000 -> 0.0026354177 | F67: =Loss_modulus_G!F67/1000000 -> 0.0033503983 | G67: =Loss_modulus_G!G67/1000000 -> 0.0040381063 | H67: =Loss_modulus_G!H67/1000000 -> 0.0046969365 | I67: =Loss_modulus_G!I67/1000000 -> 0.0057115851 | J67: =Loss_modulus_G!J67/1000000 -> 0.0070074475 | ... O67: =Loss_modulus_G!O67/1000000 -> 0.018798853
A68: 14 | B68: 5 | C68: =Loss_modulus_G!C68/1000000 -> 0.0033803189 | D68: =Loss_modulus_G!D68/1000000 -> 0.0035339687 | E68: =Loss_modulus_G!E68/1000000 -> 0.0048238947 | F68: =Loss_modulus_G!F68/1000000 -> 0.0054149031 | G68: =Loss_modulus_G!G68/1000000 -> 0.006702778 | H68: =Loss_modulus_G!H68/1000000 -> 0.0081507327 | I68: =Loss_modulus_G!I68/1000000 -> 0.010362012 | J68: =Loss_modulus_G!J68/1000000 -> 0.012712964 | ... O68: =Loss_modulus_G!O68/1000000 -> 0.034716866
A69: 14 | B69: 6 | C69: =Loss_modulus_G!C69/1000000 -> 0.0031763655 | D69: =Loss_modulus_G!D69/1000000 -> 0.003931829 | E69: =Loss_modulus_G!E69/1000000 -> 0.0043357636 | F69: =Loss_modulus_G!F69/1000000 -> 0.0050431611 | G69: =Loss_modulus_G!G69/1000000 -> 0.0061326023 | H69: =Loss_modulus_G!H69/1000000 -> 0.0070700226 | I69: =Loss_modulus_G!I69/1000000 -> 0.0085212179 | J69: =Loss_modulus_G!J69/1000000 -> 0.009823765 | ... O69: =Loss_modulus_G!O69/1000000 -> 0.021672417
A70: 14 | B70: 7 | C70: =Loss_modulus_G!C70/1000000 -> 0.0024112343 | D70: =Loss_modulus_G!D70/1000000 -> 0.002706653 | E70: =Loss_modulus_G!E70/1000000 -> 0.0025889733 | F70: =Loss_modulus_G!F70/1000000 -> 0.0028046351 | G70: =Loss_modulus_G!G70/1000000 -> 0.0031203879 | H70: =Loss_modulus_G!H70/1000000 -> 0.0035973656 | I70: =Loss_modulus_G!I70/1000000 -> 0.0040381063 | J70: =Loss_modulus_G!J70/1000000 -> 0.0047811964 | ... O70: =Loss_modulus_G!O70/1000000 -> 0.014019035
A71: 14 | B71: 8 | C71: =Loss_modulus_G!C71/1000000 -> 0.0044135473 | D71: =Loss_modulus_G!D71/1000000 -> 0.0043357636 | E71: =Loss_modulus_G!E71/1000000 -> 0.0043357636 | F71: =Loss_modulus_G!F71/1000000 -> 0.0044135473 | G71: =Loss_modulus_G!G71/1000000 -> 0.0043744811 | H71: =Loss_modulus_G!H71/1000000 -> 0.0044135473 | I71: =Loss_modulus_G!I71/1000000 -> 0.0049104321 | J71: =Loss_modulus_G!J71/1000000 -> 0.0056610333 | ... O71: =Loss_modulus_G!O71/1000000 -> 0.010929745
A72: 14 | B72: 9 | C72: =Loss_modulus_G!C72/1000000 -> 0.0054632571 | D72: =Loss_modulus_G!D72/1000000 -> 0.0056610333 | E72: =Loss_modulus_G!E72/1000000 -> 0.0054149031 | F72: =Loss_modulus_G!F72/1000000 -> 0.0054632571 | G72: =Loss_modulus_G!G72/1000000 -> 0.0057625923 | H72: =Loss_modulus_G!H72/1000000 -> 0.006468607 | I72: =Loss_modulus_G!I72/1000000 -> 0.0071331539 | J72: =Loss_modulus_G!J72/1000000 -> 0.0079362249 | ... O72: =Loss_modulus_G!O72/1000000 -> 0.017047481
A73: 14 | B73: 10 | C73: =Loss_modulus_G!C73/1000000 -> 0.010089301 | D73: =Loss_modulus_G!D73/1000000 -> 0.010270296 | E73: =Loss_modulus_G!E73/1000000 -> 0.010642086 | F73: =Loss_modulus_G!F73/1000000 -> 0.009823765 | G73: =Loss_modulus_G!G73/1000000 -> 0.010547903 | H73: =Loss_modulus_G!H73/1000000 -> 0.010642086 | I73: =Loss_modulus_G!I73/1000000 -> 0.011631529 | J73: =Loss_modulus_G!J73/1000000 -> 0.011945933 | ... O73: =Loss_modulus_G!O73/1000000 -> 0.022258215
A74: 15 | B74: 1
A75: 15 | B75: 2
A76: 15 | B76: 3
A77: 15 | B77: 4
A78: 15 | B78: 5
A79: 15 | B79: 6
A80: 16 | B80: 1
A81: 16 | B81: 2
A82: 16 | B82: 3
A83: 17 | B83: 1
A84: 17 | B84: 2
A85: 17 | B85: 3
A86: 17 | B86: 4
A87: 18 | B87: 1 | C87: =Loss_modulus_G!C87/1000000 -> 0.00080567 | D87: =Loss_modulus_G!D87/1000000 -> 0.00080567 | E87: =Loss_modulus_G!E87/1000000 -> 0.00087367 | F87: =Loss_modulus_G!F87/1000000 -> 0.00092841 | G87: =Loss_modulus_G!G87/1000000 -> 0.00092841 | H87: =Loss_modulus_G!H87/1000000 -> 0.00100678 | I87: =Loss_modulus_G!I87/1000000 -> 0.0010484 | J87: =Loss_modulus_G!J87/1000000 -> 0.00109175 | ... V87: =Loss_modulus_G!V87/1000000 -> 0.00288676
A88: 18 | B88: 2 | C88: =Loss_modulus_G!C88/1000000 -> 0.00111516 | D88: =Loss_modulus_G!D88/1000000 -> 0.00148456 | E88: =Loss_modulus_G!E88/1000000 -> 0.00201713 | F88: =Loss_modulus_G!F88/1000000 -> 0.00257776 | G88: =Loss_modulus_G!G88/1000000 -> 0.00343165 | H88: =Loss_modulus_G!H88/1000000 -> 0.00475899 | I88: =Loss_modulus_G!I88/1000000 -> 0.00620725 | J88: =Loss_modulus_G!J88/1000000 -> 0.00793247 | ... S88: =Loss_modulus_G!S88/1000000 -> 0.04415404
A89: 19 | B89: 1 | C89: 234.94 | D89: 234.1 | E89: 243.31 | F89: 243.72 | G89: 215.69 | H89: 165.48 | I89: 147.49 | J89: 148.33 | K89: 146.23 | L89: 141.63 | M89: 132.85 | N89: 117.78
A90: 19 | B90: 2 | C90: 208.16 | D90: 209 | E90: 219.87 | F90: 211.09 | G90: 176.78 | H90: 126.15 | I90: 106.49 | J90: 102.72 | K90: 98.95 | L90: 93.1 | M90: 81.38 | N90: 66.32
A91: 19 | B91: 3 | C91: 200.21 | D91: 203.97 | E91: 211.51 | F91: 201.46 | G91: 164.64 | H91: 114.02 | I91: 93.1 | J91: 85.15 | K91: 80.54 | L91: 74.69 | M91: 63.39 | N91: 50.84
A92: 19 | B92: 4 | C92: 197.7 | D92: 206.07 | E92: 215.69 | F92: 187.24 | G92: 140.38 | H92: 79.71 | I92: 66.32 | J92: 58.37 | K92: 55.02 | L92: 51.67
A93: 19 | B93: 5 | C93: 170.5 | D93: 162.97 | E93: 166.74 | F93: 149.58 | G93: 110.67 | H93: 73.01 | I93: 54.18
A94: 20 | B94: 1a
A95: 20 | B95: 2a
A96: 20 | B96: 3a
A97: 20 | B97: 4a
A98: 20 | B98: 1b
A99: 20 | B99: 2b
A100: 20 | B100: 3b
A101: 20 | B101: 4b
A102: 20 | B102: 1c
A103: 20 | B103: 2c
A104: 20 | B104: 3c
A105: 20 | B105: 4c
...

Sheet converted_MPa_Loss_modulus_fill
A1: Study_id | B1: Instance
A2: 1 | B2: 1
A3: 1 | B3: 2
A4: 1 | B4: 3
A5: 1 | B5: 4
A6: 1 | B6: 5
A7: 2 | B7: 1 | C7: 0.0002628283 | D7: 0.00037761495 | E7: 0.00055496078 | F7: 0.00077947695 | G7: 0.0010948239 | H7: 0.0014696473 | I7: 0.001972795 | J7: 0.0024742446 | K7: 0.0027709134 | L7: 0.0034752304 | M7: 0.0034752304
A8: 2 | B8: 2 | C8: 3.5015658e-05 | D8: 4.9181671e-05 | E8: 6.753178e-05 | F8: 9.0651929e-05 | G8: 0.00013627815 | H8: 0.00020956149 | I8: 0.00030108459 | J8: 0.00043257914 | K8: 0.00068043538 | L8: 0.001 | M8: 0.0014696473
A9: 2 | B9: 3 | C9: 0.0011455562 | D9: 0.0014696473 | E9: 0.0022093387 | F9: 0.0029657268 | G9: 0.0043585724 | H9: 0.0062621189 | I9: 0.00859857 | J9: 0.012353877 | K9: 0.016583345 | L9: 0.02550101 | M9: 0.040112404
A10: 2 | B10: 4 | C10: 0.003719562 | D10: 0.0054664442 | E10: 0.0075060221 | F10: 0.011031205 | G10: 0.016963216 | H10: 0.02550101 | I10: 0.038335979 | J10: 0.058951085 | K10: 0.088621885 | L10: 0.12447495 | M10: 0.20028081
A11: 3 | B11: 1 | C11: 1.8107198e-05 | D11: 2.2579744e-05 | E11: 2.8157026e-05 | F11: 3.6197426e-05 | G11: 5.2560702e-05 | H11: 6.4063634e-05 | I11: 7.5742362e-05 | J11: 8.8197149e-05 | K11: 0.00010192118 | L11: 0.00011338235 | M11: 0.00012806723 | N11: 0.00013819613 | O11: 0.00015373645 | P11: 0.00016716313 | Q11: 0.00017631164 | R11: 0.00018038414 | S11: 0.00018738174 | T11: 0.0001946508 | U11: 0.0001991469 | V11: 0.00020374685 | W11: 0.0001991469 | X11: 0.00020374685 | Y11: 0.00020845306
A12: 3 | B12: 2 | C12: 6.5543394e-05 | D12: 6.2142458e-05 | E12: 6.5543394e-05 | F12: 7.0727251e-05 | G12: 8.2357372e-05 | H12: 9.3734793e-05 | I12: 0.00010668397 | J12: 0.00012422668 | K12: 0.00013819613 | L12: 0.0001560948 | M12: 0.00016972744 | N12: 0.00018315126 | O12: 0.00020687236 | P12: 0.00021819409 | Q12: 0.00023189386 | R12: 0.00024458496 | S12: 0.00025994175 | T12: 0.00027002561 | U12: 0.00027626274 | V12: 0.00028917252 | W12: 0.00029360848 | X12: 0.0003144276 | Y12: 0.00032169034
A13: 3 | B13: 3 | C13: 0.00015141374 | D13: 0.00015141374 | E13: 0.00015257068 | F13: 0.00015257068 | G13: 0.00016844041 | H13: 0.0001845507 | I13: 0.00019170994 | J13: 0.00020687236 | K13: 0.00022154122 | L13: 0.00023725021 | M13: 0.00025214647 | N13: 0.00027208885 | O13: 0.00028697974 | P13: 0.00030732883 | Q13: 0.00032169034 | R13: 0.0003341696 | S13: 0.00034188835 | T13: 0.00035515115 | U13: 0.00036335453 | V13: 0.00037174739 | W13: 0.00037174739 | X13: 0.00038033412 | Y13: 0.00038911919
A14: 3 | B14: 4 | C14: 4.2796175e-05 | D14: 6.0278896e-05 | E14: 9.0234351e-05 | F14: 0.00010832052 | G14: 0.0001300318 | H14: 0.0001572875 | I14: 0.00016844041 | J14: 0.00018881351 | K14: 0.00020530366 | L14: 0.00022323399 | M14: 0.00023545116 | N14: 0.00025214647 | O14: 0.00027002561 | P14: 0.00027837363 | Q14: 0.00028480359 | R14: 0.00029585191 | S14: 0.00030268558 | T14: 0.00030268558 | U14: 0.00030732883 | V14: 0.00031683011 | W14: 0.00031683011 | X14: 0.0003144276 | Y14: 0.00033163561
A15: 4 | B15: 1 | C15: 6.0388241e-06 | D15: 9.7830932e-06 | E15: 1.7301957e-05 | F15: 2.9935773e-05 | G15: 4.7445003e-05 | H15: 7.040752e-05 | I15: 9.7830932e-05 | J15: 0.00015505158 | K15: 0.00023009372 | L15: 0.00031971418 | M15: 0.00047445003 | N15: 0.00073564225 | O15: 0.001115884 | P15: 0.001516884 | Q15: 0.0021544347 | R15: 0.0028651203 | S15: 0.0040693384 | T15: 0.0049572189 | U15: 0.0065924618 | V15: 0.0076862461 | W15: 0.0087671239
A16: 4 | B16: 2 | C16: 2.3519526e-05 | D16: 3.4145489e-05 | E16: 5.0671283e-05 | F16: 7.6862461e-05 | G16: 0.00010916797 | H16: 0.00016200328 | I16: 0.00022510283 | J16: 0.0003340485 | K16: 0.00047445003 | L16: 0.00063095734 | M16: 0.00091601959 | N16: 0.0013593564 | O16: 0.0018077687 | P16: 0.0025118864 | Q16: 0.0036467397 | R16: 0.0049572189 | S16: 0.0063095734 | T16: 0.0080308572 | U16: 0.010221716 | V16: 0.013010252 | W16: 0.015505158
A17: 4 | B17: 3 | C17: 6.0388241e-05 | D17: 7.5195262e-05 | E17: 0.00010448348 | F17: 0.0001329871 | G17: 0.00018888196 | H17: 0.00027421754 | I17: 0.00037275937 | J17: 0.00051794747 | K17: 0.0007040752 | L17: 0.00095708912 | M17: 0.001329871 | N17: 0.0018478498 | O17: 0.0025118864 | P17: 0.0032680276 | Q17: 0.0046415888 | R17: 0.0060388241 | S17: 0.0078566625 | T17: 0.010221716 | U17: 0.013010252 | V17: 0.015848932 | W17: 0.018077687
A18: 5 | B18: 1 | C18: 3.408738e-05 | D18: 3.2492953e-05 | E18: 3.5760045e-05 | F18: 3.8732196e-05 | G18: 4.3312755e-05 | H18: 5.0006807e-05 | I18: 5.7735435e-05 | J18: 6.6658534e-05 | K18: 7.4541726e-05 | L18: 8.7447535e-05 | M18: 0.00010423907 | N18: 0.0001184429 | O18: 0.00013894955 | P18: 0.00016042441 | Q18: 0.00018228417 | R18: 0.00021384401 | S18: 0.00024689392 | T18: 0.00028963999 | U18: 0.00033978692 | V18: 0.00039861605 | W18: 0.00046022277 | X18: 0.00053135089 | Y18: 0.00063338001 | Z18: 0.0007550006 | AA18: 0.00084428872 | AB18: 0.00099046495 | AC18: 0.0011435428 | AD18: 0.0013415305 | AE18: 0.0014300124 | AF18: 0.0018462768 | AG18: 0.0022722148 | AH18: 0.0025818314 | AI18: 0.002933637 | AJ18: 0.0033870351 | AK18: 0.0039105065 | AL18: 0.0045148812 | AM18: 0.0050488215 | AN18: 0.0055564689 | AO18: 0.0061151592 | AP18: 0.0065184902 | AQ18: 0.0065184902 | AR18: 0.0051300881 | AS18: 0.01726516
A19: 5 | B19: 2 | C19: 0.00035646024 | D19: 0.00039861605 | E19: 0.00043174652 | F19: 0.00045293229 | G19: 0.00047515765 | H19: 0.00048280587 | I19: 0.00046022277 | J19: 0.00048280587 | K19: 0.00048280587 | L19: 0.00053135089 | M19: 0.00053135089 | N19: 0.00055742424 | O19: 0.00054859398 | P19: 0.000643575 | Q19: 0.00062334652 | R19: 0.00062334652 | S19: 0.00065393409 | T19: 0.00065393409 | U19: 0.00071968567 | V19: 0.00077950144 | W19: 0.00085787853 | X19: 0.00081775152 | Y19: 0.00084428872 | Z19: 0.00094413625 | AA19: 0.0010226069 | AB19: 0.0011075996 | AC19: 0.0012189662 | AD19: 0.0013202791 | AE19: 0.0014300124 | AF19: 0.001599129 | AG19: 0.0017882457 | AH19: 0.0019680497 | AI19: 0.0021316217 | AJ19: 0.0023459513 | AK19: 0.0025409321 | AL19: 0.0027964171 | AM19: 0.0028871648 | AN19: 0.0031271278 | AO19: 0.0031774626 | AP19: 0.0031774626 | AQ19: 0.0029808573 | AR19: 0.0036104301 | AS19: 0.0047364261
A20: 5 | B20: 3 | C20: 0.00018819955 | D20: 0.00022078355 | E20: 0.00025900899 | F20: 0.00029903922 | G20: 0.00035081349 | H20: 0.00038608698 | I20: 0.00048280587 | J20: 0.00053990361 | K20: 0.00060375386 | L20: 0.00066445993 | M20: 0.00073126985 | N20: 0.00083091418 | O20: 0.00092918002 | P20: 0.001055792 | Q20: 0.0011806524 | R20: 0.0014073593 | S20: 0.0015488661 | T20: 0.0017599178 | U20: 0.0019997278 | V20: 0.0022362202 | W20: 0.0025006808 | X20: 0.0027521185 | Y20: 0.0032286075 | Z20: 0.0035532367 | AA20: 0.0039734506 | AB20: 0.0044433601 | AC20: 0.0048901298 | AD20: 0.0052965668 | AE20: 0.0065184902 | AF20: 0.0070602663 | AG20: 0.0077701599 | AH20: 0.0089710499 | AI20: 0.010193464 | AJ20: 0.01104068 | AK20: 0.011768879 | AL20: 0.012952213 | AM20: 0.013587777 | AN20: 0.015194699 | AO20: 0.016196879 | AP20: 0.01726516 | AQ20: 0.017543062 | AR20: 0.016991659 | AS20: 0.012747034
A21: 5 | B21: 4 | C21: 3.8986037e-05 | D21: 4.4435214e-05 | E21: 4.9824527e-05 | F21: 5.4961277e-05 | G21: 6.1627241e-05 | H21: 7.0241036e-05 | I21: 7.6225849e-05 | J21: 8.4084493e-05 | K21: 9.4282658e-05 | L21: 0.00010231591 | M21: 0.00011472527 | N21: 0.00012450032 | O21: 0.0001396003 | P21: 0.0001514948 | Q21: 0.00016711343 | R21: 0.0001936118 | S21: 0.00021010829 | T21: 0.00023559121 | U21: 0.00026852039 | V21: 0.00030108782 | W21: 0.00033212902 | X21: 0.0003847931 | Y21: 0.0004385766 | Z21: 0.00047594505 | AA21: 0.00053366992 | AB21: 0.0005886896 | AC21: 0.00062848578 | AD21: 0.00074014734 | AE21: 0.0008435996 | AF21: 0.00091547761 | AG21: 0.0010606404 | AH21: 0.0011699891 | AI21: 0.0012696768 | AJ21: 0.0015199111 | AK21: 0.001622659 | AL21: 0.0017323529 | AM21: 0.0019744882 | AN21: 0.0020070437 | AO21: 0.0021079662 | AP21: 0.00178995 | AQ21: 0.0012490819 | AR21: 0.00066008866 | AS21: 0.0066225116
A22: 5 | B22: 5 | C22: 6.0429639e-06 | D22: 6.8876042e-06 | E22: 7.850302e-06 | F22: 8.2450479e-06 | G22: 9.7099258e-06 | H22: 1.1249581e-05 | I22: 1.2821964e-05 | J22: 1.3466706e-05 | K22: 1.5348981e-05 | L22: 1.8075998e-05 | M22: 1.9939576e-05 | N22: 2.2357942e-05 | O22: 2.5903132e-05 | P22: 2.8110181e-05 | Q22: 3.3104449e-05 | R22: 3.5925079e-05 | S22: 4.0946417e-05 | T22: 4.5912593e-05 | U22: 5.3192729e-05 | V22: 6.367622e-05 | W22: 7.1399173e-05 | X22: 8.1378815e-05 | Y22: 8.9768713e-05 | Z22: 0.00010065629 | AA22: 0.00011661687 | AB22: 0.00012863969 | AC22: 0.0001514948 | AD22: 0.00016711343 | AE22: 0.00018738174 | AF22: 0.00022431188 | AG22: 0.00025566452 | AH22: 0.00029139939 | AI22: 0.00032674169 | AJ22: 0.00036637046 | AK22: 0.0004041421 | AL22: 0.0004041421 | AM22: 0.00041757899 | AN22: 0.00037855152 | AO22: 0.00022431188 | AP22: 0.00025566452 | AQ22: 0.0010265111 | AR22: 0.0031211754 | AS22: 0.0096466162
A23: 5 | B23: 6 | C23: 7.9797381e-06 | D23: 6.5578483e-06 | E23: 6.1426005e-06 | F23: 5.8485129e-06 | G23: 6.24388e-06 | H23: 6.6659743e-06 | I23: 7.4744552e-06 | J23: 8.2450479e-06 | K23: 8.9475585e-06 | L23: 1.1067107e-05 | M23: 1.3466706e-05 | N23: 1.485508e-05 | O23: 1.7494347e-05 | P23: 2.094222e-05 | Q23: 2.3869367e-05 | R23: 2.8573662e-05 | S23: 3.2039211e-05 | T23: 3.7119513e-05 | U23: 4.5167863e-05 | V23: 5.3192729e-05 | W23: 6.367622e-05 | X23: 7.2576405e-05 | Y23: 8.4084493e-05 | Z23: 0.00010065629 | AA23: 0.00012248085 | AB23: 0.0001373359 | AC23: 0.00015911259 | AD23: 0.00019680408 | AE23: 0.00022801034 | AF23: 0.00025566452 | AG23: 0.00029620399 | AH23: 0.00034317162 | AI23: 0.00041080561 | AJ23: 0.00046063006 | AK23: 0.00051649745 | AL23: 0.00055141335 | AM23: 0.0005886896 | AN23: 0.0005886896 | AO23: 0.00047594505 | AP23: 0.00050811956 | AQ23: 0.00071633082 | AR23: 0.0029235403 | AS23: 0.0093362066
A24: 6 | B24: 1
A25: 6 | B25: 2
A26: 6 | B26: 3
A27: 6 | B27: 4
A28: 7 | B28: 1 | C28: 3.9483219e-05 | D28: 0.00011319094 | E28: 0.00031786459 | F28: 0.00075670006 | G28: 0.0014652755 | H28: 0.0025067045 | I28: 0.0040307064 | J28: 0.0060919084 | K28: 0.0084771745 | L28: 0.011796383 | M28: 0.016079703 | N28: 0.021031486 | O28: 0.026395182 | P28: 0.033126791 | Q28: 0.040725411 | R28: 0.040725411 | S28: 0.046097474 | T28: 0.050067 | U28: 0.059060953 | V28: 0.064146784 | W28: 0.066851646 | X28: 0.071124289
A29: 7 | B29: 2 | C29: 0.0071862487 | D29: 0.01108774 | E29: 0.01936402 | F29: 0.033818005 | G29: 0.056671307 | H29: 0.091125779 | I29: 0.12945166 | J29: 0.15270614 | K29: 0.18013802 | L29: 0.22145805 | M29: 0.27793689
A30: 8 | B30: 1 | C30: 436.89378 | D30: 406.85419 | E30: 365.76277 | F30: 306.68393 | G30: 217.67894 | H30: 146.84974 | I30: 120.04096 | J30: 108.16966 | K30: 91.410302 | L30: 74.135577 | M30: 60.215929 | N30: 45.874997 | O30: 35.090626 | P30: 19.39072
A31: 8 | B31: 2 | C31: 459.88623 | D31: 430.41945 | E31: 382.55751 | F31: 329.05694 | G31: 245.05574 | H31: 173.58358 | I31: 145.67102 | J31: 124.12808 | K31: 99.464861 | L31: 79.324197 | M31: 66.106204 | N31: 57.082317 | O31: 48.034702 | P31: 37.198295
A32: 8 | B32: 3 | C32: 404.28611 | D32: 386.28413 | E32: 383.73373 | F32: 343.16912 | G32: 281.01766 | H32: 204.15518 | I32: 169.90942 | J32: 172.1326 | K32: 157.70425 | L32: 124.77541 | M32: 108.03562 | N32: 92.494526 | O32: 79.99463 | P32: 58.363653
A33: 8 | B33: 4 | C33: 232.29858 | D33: 217.00039 | E33: 200.09075 | F33: 172.31202 | G33: 137.40353 | H33: 103.2329 | I33: 79.925942 | J33: 64.687908 | K33: 51.474078 | L33: 46.257982 | M33: 41.999351 | N33: 40.792946 | O33: 31.957638 | P33: 20.279912
A34: 9 | B34: 1 | C34: 283.09238 | D34: 294.90261 | E34: 292.99552 | F34: 295.83917 | G34: 301.93001 | H34: 357.71306 | I34: 296.11062 | J34: 152.38978 | K34: 83.102067 | L34: 48.489738 | M34: 36.043601 | N34: 27.55308 | O34: 22.302895 | P34: 18.822435
A35: 9 | B35: 2 | C35: 69.919072 | D35: 67.32482 | E35: 76.942652 | F35: 78.41825 | G35: 108.72241 | H35: 199.01624 | I35: 240.43269 | J35: 128.19886 | K35: 66.331965 | L35: 32.854228 | M35: 25.296134 | N35: 22.426742 | O35: 20.014431 | P35: 17.673497
A36: 9 | B36: 3 | C36: 207.87029 | D36: 198.26532 | E36: 195.23845 | F36: 200.12212 | G36: 212.00585 | H36: 288.3734 | I36: 305.12381 | J36: 177.64324 | K36: 97.288201 | L36: 60.300664 | M36: 45.903156 | N36: 33.703876 | O36: 28.10276 | P36: 22.246355
A37: 9 | B37: 4 | C37: 187.59881 | D37: 189.95217 | E37: 182.58578 | F37: 192.85744 | G37: 220.00184 | H37: 299.3939 | I37: 327.8495 | J37: 186.17748 | K37: 99.155228 | L37: 61.295702 | M37: 44.948003 | N37: 39.458196 | O37: 19.143782
A38: 11 | B38: 1a
A39: 11 | B39: 2a
A40: 11 | B40: 3a
A41: 11 | B41: 4a
A42: 11 | B42: 1b | C42: 55.429607 | D42: 61.250933 | E42: 75.832897 | F42: 89.910857 | G42: 82.18321 | H42: 66.227111 | I42: 63.504842 | J42: 68.991077 | K42: 79.464772 | L42: 90.229078 | M42: 91.237135 | N42: 81.509794 | O42: 74.21906
A43: 11 | B43: 2b | C43: 41.866771 | D43: 53.416225 | E43: 62.839109 | F43: 80.643802 | G43: 74.787557 | H43: 66.319709 | I43: 62.42682 | J43: 64.920138 | K43: 69.873232 | L43: 69.022045 | M43: 62.707122 | N43: 57.13477 | O43: 52.0997
A44: 11 | B44: 3b | C44: 39.545738 | D44: 47.973943 | E44: 58.448441 | F44: 72.468259 | G44: 62.76236 | H44: 52.998935 | I44: 49.581641 | J44: 53.728713 | K44: 60.088082 | L44: 59.549834 | M44: 54.762952 | N44: 49.385882 | O44: 44.649195
A45: 11 | B45: 4b | C45: 32.230482 | D45: 34.755547 | E45: 41.648293 | F45: 49.327098 | G45: 46.986566 | H45: 47.38344 | I45: 49.212264 | J45: 46.518648 | K45: 49.283791 | L45: 47.811206 | M45: 42.740346 | N45: 38.275281 | O45: 35.943068
A46: 12 | B46: 1a
A47: 12 | B47: 2a
A48: 12 | B48: 3a
A49: 12 | B49: 4a
A50: 12 | B50: 5a
A51: 12 | B51: 1b | C51: 183.02565 | D51: 184.96506 | E51: 228.27858 | F51: 523.65405 | G51: 317.04299 | H51: 171.25362 | I51: 239.73645 | J51: 209.452
A52: 12 | B52: 2b | C52: 188.97136 | D52: 166.51879 | E52: 231.82029 | F52: 602.21316 | G52: 195.83297 | H52: 123.75192 | I52: 150.75797 | J52: 137.36836
A53: 12 | B53: 3b | C53: 175.01352 | D53: 142.81484 | E53: 267.95325 | F53: 643.01538 | G53: 183.56604 | H53: 134.42116 | I53: 163.54832 | J53: 136.34373
A54: 12 | B54: 4b | C54: 221.09583 | D54: 192.01793 | E54: 269.41442 | F54: 560.26605 | G54: 343.99902 | H54: 211.29417 | I54: 311.66514 | J54: 287.77203
A55: 12 | B55: 5b | C55: 128.16712 | D55: 176.55349 | E55: 271.43311 | F55: 570.81698 | G55: 217.41779 | H55: 150.79767 | I55: 198.35444 | J55: 190.12359
A56: 13 | B56: 1
A57: 13 | B57: 2
A58: 13 | B58: 3
A59: 13 | B59: 4
A60: 13 | B60: 5
A61: 13 | B61: 6
A62: 13 | B62: 7
A63: 13 | B63: 8
A64: 14 | B64: 1 | C64: 0.001294104 | D64: 0.0018632462 | E64: 0.0027552085 | F64: 0.0038625377 | G64: 0.0054149031 | H64: 0.0077273571 | I64: 0.010270296 | J64: 0.014019035 | K64: 0.017822361 | L64: 0.022258215 | M64: 0.027308219 | N64: 0.031763655 | O64: 0.036946012
A65: 14 | B65: 2 | C65: 0.0011027345 | D65: 0.0014919187 | E65: 0.0021480592 | F65: 0.0029847198 | G65: 0.0041472535 | H65: 0.0059183511 | I65: 0.0081507327 | J65: 0.011125814 | K65: 0.014787141 | L65: 0.018798853 | M65: 0.023063988 | N65: 0.029061661 | O65: 0.035339675
A66: 14 | B66: 3 | C66: 0.0018467551 | D66: 0.0023269944 | E66: 0.0030113727 | F66: 0.0038625377 | G66: 0.005272394 | H66: 0.006702778 | I66: 0.0089085431 | J66: 0.011426548 | K66: 0.01452653 | L66: 0.01766462 | M66: 0.021672417 | N66: 0.026120914 | O66: 0.030927691
A67: 14 | B67: 4 | C67: 0.0021672424 | D67: 0.0024327661 | E67: 0.0026354177 | F67: 0.0033503983 | G67: 0.0040381063 | H67: 0.0046969365 | I67: 0.0057115851 | J67: 0.0070074475 | K67: 0.0085973164 | L67: 0.010454542 | M67: 0.012600454 | N67: 0.015322448 | O67: 0.018798853
A68: 14 | B68: 5 | C68: 0.0033803189 | D68: 0.0035339687 | E68: 0.0048238947 | F68: 0.0054149031 | G68: 0.006702778 | H68: 0.0081507327 | I68: 0.010362012 | J68: 0.012712964 | K68: 0.015459279 | L68: 0.019306979 | M68: 0.023898923 | N68: 0.029321186 | O68: 0.034716866
A69: 14 | B69: 6 | C69: 0.0031763655 | D69: 0.003931829 | E69: 0.0043357636 | F69: 0.0050431611 | G69: 0.0061326023 | H69: 0.0070700226 | I69: 0.0085212179 | J69: 0.009823765 | K69: 0.011426548 | L69: 0.013173197 | M69: 0.014919187 | N69: 0.018966723 | O69: 0.021672417
A70: 14 | B70: 7 | C70: 0.0024112343 | D70: 0.002706653 | E70: 0.0025889733 | F70: 0.0028046351 | G70: 0.0031203879 | H70: 0.0035973656 | I70: 0.0040381063 | J70: 0.0047811964 | K70: 0.0058659692 | L70: 0.0071968564 | M70: 0.0089881006 | N70: 0.011225172 | O70: 0.014019035
A71: 14 | B71: 8 | C71: 0.0044135473 | D71: 0.0043357636 | E71: 0.0043357636 | F71: 0.0044135473 | G71: 0.0043744811 | H71: 0.0044135473 | I71: 0.0049104321 | J71: 0.0056610333 | K71: 0.0061326023 | L71: 0.0067626324 | M71: 0.0073913874 | N71: 0.0089881006 | O71: 0.010929745
A72: 14 | B72: 9 | C72: 0.0054632571 | D72: 0.0056610333 | E72: 0.0054149031 | F72: 0.0054632571 | G72: 0.0057625923 | H72: 0.006468607 | I72: 0.0071331539 | J72: 0.0079362249 | K72: 0.009231049 | L72: 0.010270296 | M72: 0.011426548 | N72: 0.013771975 | O72: 0.017047481
A73: 14 | B73: 10 | C73: 0.010089301 | D73: 0.010270296 | E73: 0.010642086 | F73: 0.009823765 | G73: 0.010547903 | H73: 0.010642086 | I73: 0.011631529 | J73: 0.011945933 | K73: 0.014270531 | L73: 0.014656259 | M73: 0.015597327 | N73: 0.019136091 | O73: 0.022258215
A74: 15 | B74: 1
A75: 15 | B75: 2
A76: 15 | B76: 3
A77: 15 | B77: 4
A78: 15 | B78: 5
A79: 15 | B79: 6
A80: 16 | B80: 1
A81: 16 | B81: 2
A82: 16 | B82: 3
A83: 17 | B83: 1
A84: 17 | B84: 2
A85: 17 | B85: 3
A86: 17 | B86: 4
A87: 18 | B87: 1 | C87: 0.00080567 | D87: 0.00080567 | E87: 0.00087367 | F87: 0.00092841 | G87: 0.00092841 | H87: 0.00100678 | I87: 0.0010484 | J87: 0.00109175 | K87: 0.00111409 | L87: 0.0011839 | M87: 0.00128382 | N87: 0.00150968 | O87: 0.00147941 | P87: 0.0016371 | Q87: 0.00173968 | R87: 0.0020876 | S87: 0.00231013 | T87: 0.00271655 | U87: 0.00288676 | V87: 0.00288676
A88: 18 | B88: 2 | C88: 0.00111516 | D88: 0.00148456 | E88: 0.00201713 | F88: 0.00257776 | G88: 0.00343165 | H88: 0.00475899 | I88: 0.00620725 | J88: 0.00793247 | K88: 0.01034649 | L88: 0.01349514 | M88: 0.01689704 | N88: 0.0211565 | O88: 0.02595381 | P88: 0.03056378 | Q88: 0.03526446 | R88: 0.04152821 | S88: 0.04415404
A89: 19 | B89: 1 | C89: 234.94 | D89: 234.1 | E89: 243.31 | F89: 243.72 | G89: 215.69 | H89: 165.48 | I89: 147.49 | J89: 148.33 | K89: 146.23 | L89: 141.63 | M89: 132.85 | N89: 117.78
A90: 19 | B90: 2 | C90: 208.16 | D90: 209 | E90: 219.87 | F90: 211.09 | G90: 176.78 | H90: 126.15 | I90: 106.49 | J90: 102.72 | K90: 98.95 | L90: 93.1 | M90: 81.38 | N90: 66.32
A91: 19 | B91: 3 | C91: 200.21 | D91: 203.97 | E91: 211.51 | F91: 201.46 | G91: 164.64 | H91: 114.02 | I91: 93.1 | J91: 85.15 | K91: 80.54 | L91: 74.69 | M91: 63.39 | N91: 50.84
A92: 19 | B92: 4 | C92: 197.7 | D92: 206.07 | E92: 215.69 | F92: 187.24 | G92: 140.38 | H92: 79.71 | I92: 66.32 | J92: 58.37 | K92: 55.02 | L92: 51.67
A93: 19 | B93: 5 | C93: 170.5 | D93: 162.97 | E93: 166.74 | F93: 149.58 | G93: 110.67 | H93: 73.01 | I93: 54.18
A94: 20 | B94: 1a
A95: 20 | B95: 2a
A96: 20 | B96: 3a
A97: 20 | B97: 4a
A98: 20 | B98: 1b
A99: 20 | B99: 2b
A100: 20 | B100: 3b
...

Sheet converted_MPa_Loss_modulus_f2
A1: Study_id | B1: Instance | C1: fill
A2: 1 | B2: 1
A3: 1 | B3: 2
A4: 1 | B4: 3
A5: 1 | B5: 4
A6: 1 | B6: 5
A7: 2 | B7: 1 | C7: loss | D7: 0.0002628283 | E7: 0.00037761495 | F7: 0.00055496078 | G7: 0.00077947695 | H7: 0.0010948239 | I7: 0.0014696473 | J7: 0.001972795 | K7: 0.0024742446 | L7: 0.0027709134 | M7: 0.0034752304 | N7: 0.0034752304
A8: 2 | B8: 2 | C8: loss | D8: 3.5015658e-05 | E8: 4.9181671e-05 | F8: 6.753178e-05 | G8: 9.0651929e-05 | H8: 0.00013627815 | I8: 0.00020956149 | J8: 0.00030108459 | K8: 0.00043257914 | L8: 0.00068043538 | M8: 0.001 | N8: 0.0014696473
A9: 2 | B9: 3 | C9: loss | D9: 0.0011455562 | E9: 0.0014696473 | F9: 0.0022093387 | G9: 0.0029657268 | H9: 0.0043585724 | I9: 0.0062621189 | J9: 0.00859857 | K9: 0.012353877 | L9: 0.016583345 | M9: 0.02550101 | N9: 0.040112404
A10: 2 | B10: 4 | C10: loss | D10: 0.003719562 | E10: 0.0054664442 | F10: 0.0075060221 | G10: 0.011031205 | H10: 0.016963216 | I10: 0.02550101 | J10: 0.038335979 | K10: 0.058951085 | L10: 0.088621885 | M10: 0.12447495 | N10: 0.20028081
A11: 3 | B11: 1 | C11: loss | D11: 1.8107198e-05 | E11: 2.2579744e-05 | F11: 2.8157026e-05 | G11: 3.6197426e-05 | H11: 5.2560702e-05 | I11: 6.4063634e-05 | J11: 7.5742362e-05 | K11: 8.8197149e-05 | L11: 0.00010192118 | M11: 0.00011338235 | N11: 0.00012806723 | O11: 0.00013819613 | P11: 0.00015373645 | Q11: 0.00016716313 | R11: 0.00017631164 | S11: 0.00018038414 | T11: 0.00018738174 | U11: 0.0001946508 | V11: 0.0001991469 | W11: 0.00020374685 | X11: 0.0001991469 | Y11: 0.00020374685 | Z11: 0.00020845306
A12: 3 | B12: 2 | C12: loss | D12: 6.5543394e-05 | E12: 6.2142458e-05 | F12: 6.5543394e-05 | G12: 7.0727251e-05 | H12: 8.2357372e-05 | I12: 9.3734793e-05 | J12: 0.00010668397 | K12: 0.00012422668 | L12: 0.00013819613 | M12: 0.0001560948 | N12: 0.00016972744 | O12: 0.00018315126 | P12: 0.00020687236 | Q12: 0.00021819409 | R12: 0.00023189386 | S12: 0.00024458496 | T12: 0.00025994175 | U12: 0.00027002561 | V12: 0.00027626274 | W12: 0.00028917252 | X12: 0.00029360848 | Y12: 0.0003144276 | Z12: 0.00032169034
A13: 3 | B13: 3 | C13: loss | D13: 0.00015141374 | E13: 0.00015141374 | F13: 0.00015257068 | G13: 0.00015257068 | H13: 0.00016844041 | I13: 0.0001845507 | J13: 0.00019170994 | K13: 0.00020687236 | L13: 0.00022154122 | M13: 0.00023725021 | N13: 0.00025214647 | O13: 0.00027208885 | P13: 0.00028697974 | Q13: 0.00030732883 | R13: 0.00032169034 | S13: 0.0003341696 | T13: 0.00034188835 | U13: 0.00035515115 | V13: 0.00036335453 | W13: 0.00037174739 | X13: 0.00037174739 | Y13: 0.00038033412 | Z13: 0.00038911919
A14: 3 | B14: 4 | C14: loss | D14: 4.2796175e-05 | E14: 6.0278896e-05 | F14: 9.0234351e-05 | G14: 0.00010832052 | H14: 0.0001300318 | I14: 0.0001572875 | J14: 0.00016844041 | K14: 0.00018881351 | L14: 0.00020530366 | M14: 0.00022323399 | N14: 0.00023545116 | O14: 0.00025214647 | P14: 0.00027002561 | Q14: 0.00027837363 | R14: 0.00028480359 | S14: 0.00029585191 | T14: 0.00030268558 | U14: 0.00030268558 | V14: 0.00030732883 | W14: 0.00031683011 | X14: 0.00031683011 | Y14: 0.0003144276 | Z14: 0.00033163561
A15: 4 | B15: 1 | C15: loss | D15: 6.0388241e-06 | E15: 9.7830932e-06 | F15: 1.7301957e-05 | G15: 2.9935773e-05 | H15: 4.7445003e-05 | I15: 7.040752e-05 | J15: 9.7830932e-05 | K15: 0.00015505158 | L15: 0.00023009372 | M15: 0.00031971418 | N15: 0.00047445003 | O15: 0.00073564225 | P15: 0.001115884 | Q15: 0.001516884 | R15: 0.0021544347 | S15: 0.0028651203 | T15: 0.0040693384 | U15: 0.0049572189 | V15: 0.0065924618 | W15: 0.0076862461 | X15: 0.0087671239
A16: 4 | B16: 2 | C16: loss | D16: 2.3519526e-05 | E16: 3.4145489e-05 | F16: 5.0671283e-05 | G16: 7.6862461e-05 | H16: 0.00010916797 | I16: 0.00016200328 | J16: 0.00022510283 | K16: 0.0003340485 | L16: 0.00047445003 | M16: 0.00063095734 | N16: 0.00091601959 | O16: 0.0013593564 | P16: 0.0018077687 | Q16: 0.0025118864 | R16: 0.0036467397 | S16: 0.0049572189 | T16: 0.0063095734 | U16: 0.0080308572 | V16: 0.010221716 | W16: 0.013010252 | X16: 0.015505158
A17: 4 | B17: 3 | C17: loss | D17: 6.0388241e-05 | E17: 7.5195262e-05 | F17: 0.00010448348 | G17: 0.0001329871 | H17: 0.00018888196 | I17: 0.00027421754 | J17: 0.00037275937 | K17: 0.00051794747 | L17: 0.0007040752 | M17: 0.00095708912 | N17: 0.001329871 | O17: 0.0018478498 | P17: 0.0025118864 | Q17: 0.0032680276 | R17: 0.0046415888 | S17: 0.0060388241 | T17: 0.0078566625 | U17: 0.010221716 | V17: 0.013010252 | W17: 0.015848932 | X17: 0.018077687
A18: 5 | B18: 1 | C18: loss | D18: 3.408738e-05 | E18: 3.2492953e-05 | F18: 3.5760045e-05 | G18: 3.8732196e-05 | H18: 4.3312755e-05 | I18: 5.0006807e-05 | J18: 5.7735435e-05 | K18: 6.6658534e-05 | L18: 7.4541726e-05 | M18: 8.7447535e-05 | N18: 0.00010423907 | O18: 0.0001184429 | P18: 0.00013894955 | Q18: 0.00016042441 | R18: 0.00018228417 | S18: 0.00021384401 | T18: 0.00024689392 | U18: 0.00028963999 | V18: 0.00033978692 | W18: 0.00039861605 | X18: 0.00046022277 | Y18: 0.00053135089 | Z18: 0.00063338001 | AA18: 0.0007550006 | AB18: 0.00084428872 | AC18: 0.00099046495 | AD18: 0.0011435428 | AE18: 0.0013415305 | AF18: 0.0014300124 | AG18: 0.0018462768 | AH18: 0.0022722148 | AI18: 0.0025818314 | AJ18: 0.002933637 | AK18: 0.0033870351 | AL18: 0.0039105065 | AM18: 0.0045148812 | AN18: 0.0050488215 | AO18: 0.0055564689 | AP18: 0.0061151592 | AQ18: 0.0065184902 | AR18: 0.0065184902 | AS18: 0.0051300881 | AT18: 0.01726516
A19: 5 | B19: 2 | C19: loss | D19: 0.00035646024 | E19: 0.00039861605 | F19: 0.00043174652 | G19: 0.00045293229 | H19: 0.00047515765 | I19: 0.00048280587 | J19: 0.00046022277 | K19: 0.00048280587 | L19: 0.00048280587 | M19: 0.00053135089 | N19: 0.00053135089 | O19: 0.00055742424 | P19: 0.00054859398 | Q19: 0.000643575 | R19: 0.00062334652 | S19: 0.00062334652 | T19: 0.00065393409 | U19: 0.00065393409 | V19: 0.00071968567 | W19: 0.00077950144 | X19: 0.00085787853 | Y19: 0.00081775152 | Z19: 0.00084428872 | AA19: 0.00094413625 | AB19: 0.0010226069 | AC19: 0.0011075996 | AD19: 0.0012189662 | AE19: 0.0013202791 | AF19: 0.0014300124 | AG19: 0.001599129 | AH19: 0.0017882457 | AI19: 0.0019680497 | AJ19: 0.0021316217 | AK19: 0.0023459513 | AL19: 0.0025409321 | AM19: 0.0027964171 | AN19: 0.0028871648 | AO19: 0.0031271278 | AP19: 0.0031774626 | AQ19: 0.0031774626 | AR19: 0.0029808573 | AS19: 0.0036104301 | AT19: 0.0047364261
A20: 5 | B20: 3 | C20: loss | D20: 0.00018819955 | E20: 0.00022078355 | F20: 0.00025900899 | G20: 0.00029903922 | H20: 0.00035081349 | I20: 0.00038608698 | J20: 0.00048280587 | K20: 0.00053990361 | L20: 0.00060375386 | M20: 0.00066445993 | N20: 0.00073126985 | O20: 0.00083091418 | P20: 0.00092918002 | Q20: 0.001055792 | R20: 0.0011806524 | S20: 0.0014073593 | T20: 0.0015488661 | U20: 0.0017599178 | V20: 0.0019997278 | W20: 0.0022362202 | X20: 0.0025006808 | Y20: 0.0027521185 | Z20: 0.0032286075 | AA20: 0.0035532367 | AB20: 0.0039734506 | AC20: 0.0044433601 | AD20: 0.0048901298 | AE20: 0.0052965668 | AF20: 0.0065184902 | AG20: 0.0070602663 | AH20: 0.0077701599 | AI20: 0.0089710499 | AJ20: 0.010193464 | AK20: 0.01104068 | AL20: 0.011768879 | AM20: 0.012952213 | AN20: 0.013587777 | AO20: 0.015194699 | AP20: 0.016196879 | AQ20: 0.01726516 | AR20: 0.017543062 | AS20: 0.016991659 | AT20: 0.012747034
A21: 5 | B21: 4 | C21: loss | D21: 3.8986037e-05 | E21: 4.4435214e-05 | F21: 4.9824527e-05 | G21: 5.4961277e-05 | H21: 6.1627241e-05 | I21: 7.0241036e-05 | J21: 7.6225849e-05 | K21: 8.4084493e-05 | L21: 9.4282658e-05 | M21: 0.00010231591 | N21: 0.00011472527 | O21: 0.00012450032 | P21: 0.0001396003 | Q21: 0.0001514948 | R21: 0.00016711343 | S21: 0.0001936118 | T21: 0.00021010829 | U21: 0.00023559121 | V21: 0.00026852039 | W21: 0.00030108782 | X21: 0.00033212902 | Y21: 0.0003847931 | Z21: 0.0004385766 | AA21: 0.00047594505 | AB21: 0.00053366992 | AC21: 0.0005886896 | AD21: 0.00062848578 | AE21: 0.00074014734 | AF21: 0.0008435996 | AG21: 0.00091547761 | AH21: 0.0010606404 | AI21: 0.0011699891 | AJ21: 0.0012696768 | AK21: 0.0015199111 | AL21: 0.001622659 | AM21: 0.0017323529 | AN21: 0.0019744882 | AO21: 0.0020070437 | AP21: 0.0021079662 | AQ21: 0.00178995 | AR21: 0.0012490819 | AS21: 0.00066008866 | AT21: 0.0066225116
A22: 5 | B22: 5 | C22: loss | D22: 6.0429639e-06 | E22: 6.8876042e-06 | F22: 7.850302e-06 | G22: 8.2450479e-06 | H22: 9.7099258e-06 | I22: 1.1249581e-05 | J22: 1.2821964e-05 | K22: 1.3466706e-05 | L22: 1.5348981e-05 | M22: 1.8075998e-05 | N22: 1.9939576e-05 | O22: 2.2357942e-05 | P22: 2.5903132e-05 | Q22: 2.8110181e-05 | R22: 3.3104449e-05 | S22: 3.5925079e-05 | T22: 4.0946417e-05 | U22: 4.5912593e-05 | V22: 5.3192729e-05 | W22: 6.367622e-05 | X22: 7.1399173e-05 | Y22: 8.1378815e-05 | Z22: 8.9768713e-05 | AA22: 0.00010065629 | AB22: 0.00011661687 | AC22: 0.00012863969 | AD22: 0.0001514948 | AE22: 0.00016711343 | AF22: 0.00018738174 | AG22: 0.00022431188 | AH22: 0.00025566452 | AI22: 0.00029139939 | AJ22: 0.00032674169 | AK22: 0.00036637046 | AL22: 0.0004041421 | AM22: 0.0004041421 | AN22: 0.00041757899 | AO22: 0.00037855152 | AP22: 0.00022431188 | AQ22: 0.00025566452 | AR22: 0.0010265111 | AS22: 0.0031211754 | AT22: 0.0096466162
A23: 5 | B23: 6 | C23: loss | D23: 7.9797381e-06 | E23: 6.5578483e-06 | F23: 6.1426005e-06 | G23: 5.8485129e-06 | H23: 6.24388e-06 | I23: 6.6659743e-06 | J23: 7.4744552e-06 | K23: 8.2450479e-06 | L23: 8.9475585e-06 | M23: 1.1067107e-05 | N23: 1.3466706e-05 | O23: 1.485508e-05 | P23: 1.7494347e-05 | Q23: 2.094222e-05 | R23: 2.3869367e-05 | S23: 2.8573662e-05 | T23: 3.2039211e-05 | U23: 3.7119513e-05 | V23: 4.5167863e-05 | W23: 5.3192729e-05 | X23: 6.367622e-05 | Y23: 7.2576405e-05 | Z23: 8.4084493e-05 | AA23: 0.00010065629 | AB23: 0.00012248085 | AC23: 0.0001373359 | AD23: 0.00015911259 | AE23: 0.00019680408 | AF23: 0.00022801034 | AG23: 0.00025566452 | AH23: 0.00029620399 | AI23: 0.00034317162 | AJ23: 0.00041080561 | AK23: 0.00046063006 | AL23: 0.00051649745 | AM23: 0.00055141335 | AN23: 0.0005886896 | AO23: 0.0005886896 | AP23: 0.00047594505 | AQ23: 0.00050811956 | AR23: 0.00071633082 | AS23: 0.0029235403 | AT23: 0.0093362066
A24: 6 | B24: 1 | C24: visc | D24: 7.7097756e-05 | E24: 7.4301278e-05 | F24: 8.9829509e-05 | G24: 0.00010538435 | H24: 0.00011590326 | I24: 0.00014525886 | J24: 0.0001669931 | K24: 0.00020701515 | L24: 0.00023428977 | M24: 0.0003023178 | N24: 0.00036733502 | O24: 0.00047027305 | P24: 0.00063649837 | Q24: 0.00075463476 | R24: 0.00096409654 | S24: 0.0012042519 | T24: 0.0015407851 | U24: 0.0019487468 | V24: 0.0024928802 | W24: 0.0030323365 | X24: 0.0036588599 | Y24: 0.0047241517 | Z24: 0.005840507 | AA24: 0.0069601765 | AB24: 0.0083297526 | AC24: 0.010235974 | AD24: 0.012399998 | AE24: 0.014216058 | AF24: 0.018216286 | AG24: 0.020690852 | AH24: 0.022839783 | AI24: 0.026024117 | AJ24: 0.030159919 | AK24: 0.032335756 | AL24: 0.033043843
A25: 6 | B25: 2 | C25: visc | D25: 0.0007629862 | E25: 0.00086227928 | F25: 0.0008965819 | G25: 0.00091698796 | H25: 0.0012851754 | I25: 0.0012351648 | J25: 0.0010529805 | K25: 0.001539111 | L25: 0.0017036965 | M25: 0.0020051724 | N25: 0.002507519 | O25: 0.0024961807 | P25: 0.003593323 | Q25: 0.0037385062 | R25: 0.0043510516 | S25: 0.005071421 | T25: 0.0056669144 | U25: 0.0069027519 | V25: 0.0084336757 | W25: 0.0098296168 | X25: 0.011300706 | Y25: 0.01311652 | Z25: 0.015717025 | AA25: 0.017085824 | AB25: 0.021429431 | AC25: 0.023862782 | AD25: 0.028027712 | AE25: 0.033552013 | AF25: 0.040022823 | AG25: 0.040021809 | AH25: 0.045536681 | AI25: 0.051210939 | AJ25: 0.059315335 | AK25: 0.069588297 | AL25: 0.061150009
A26: 6 | B26: 3 | C26: visc | D26: 0.0046500131 | E26: 0.0049586773 | F26: 0.0054968115 | G26: 0.0057325124 | H26: 0.0062653076 | I26: 0.0064211418 | J26: 0.0064738833 | K26: 0.0090725802 | L26: 0.0095405462 | M26: 0.01041698 | N26: 0.009197147 | O26: 0.010781972 | P26: 0.011363087 | Q26: 0.013700243 | R26: 0.01466642 | S26: 0.016291478 | T26: 0.01943161 | U26: 0.021521292 | V26: 0.025711561 | W26: 0.030307663 | X26: 0.031311148 | Y26: 0.036724491 | Z26: 0.040776742 | AA26: 0.044171991 | AB26: 0.050554367 | AC26: 0.061803601 | AD26: 0.063463677 | AE26: 0.077303857 | AF26: 0.083650546 | AG26: 0.087771916 | AH26: 0.10052898 | AI26: 0.09524592 | AJ26: 0.13007389 | AK26: 0.15482401 | AL26: 0.13841202
A27: 6 | B27: 4 | C27: visc | D27: 0.013990956 | E27: 0.014669241 | F27: 0.012072506 | G27: 0.015266342 | H27: 0.01601216 | I27: 0.017080366 | J27: 0.016159118 | K27: 0.018724734 | L27: 0.02139505 | M27: 0.023493449 | N27: 0.024204771 | O27: 0.022233203 | P27: 0.027971877 | Q27: 0.031190031 | R27: 0.036601523 | S27: 0.034349703 | T27: 0.0424112 | U27: 0.049082995 | V27: 0.048222833 | W27: 0.057367492 | X27: 0.055704659 | Y27: 0.067046771 | Z27: 0.064396749 | AA27: 0.066938633 | AB27: 0.078683959 | AC27: 0.095588752 | AD27: 0.10495804 | AE27: 0.10408099 | AF27: 0.10681458 | AG27: 0.12411322 | AH27: 0.12095653 | AI27: 0.13062557 | AJ27: 0.15545064 | AK27: 0.18167444 | AL27: 0.21589409
A28: 7 | B28: 1 | C28: loss | D28: 3.9483219e-05 | E28: 0.00011319094 | F28: 0.00031786459 | G28: 0.00075670006 | H28: 0.0014652755 | I28: 0.0025067045 | J28: 0.0040307064 | K28: 0.0060919084 | L28: 0.0084771745 | M28: 0.011796383 | N28: 0.016079703 | O28: 0.021031486 | P28: 0.026395182 | Q28: 0.033126791 | R28: 0.040725411 | S28: 0.040725411 | T28: 0.046097474 | U28: 0.050067 | V28: 0.059060953 | W28: 0.064146784 | X28: 0.066851646 | Y28: 0.071124289
A29: 7 | B29: 2 | C29: loss | D29: 0.0071862487 | E29: 0.01108774 | F29: 0.01936402 | G29: 0.033818005 | H29: 0.056671307 | I29: 0.091125779 | J29: 0.12945166 | K29: 0.15270614 | L29: 0.18013802 | M29: 0.22145805 | N29: 0.27793689
A30: 8 | B30: 1 | C30: tan | D30: 436.89378 | E30: 406.85419 | F30: 365.76277 | G30: 306.68393 | H30: 217.67894 | I30: 146.84974 | J30: 120.04096 | K30: 108.16966 | L30: 91.410302 | M30: 74.135577 | N30: 60.215929 | O30: 45.874997 | P30: 35.090626 | Q30: 19.39072
A31: 8 | B31: 2 | C31: tan | D31: 459.88623 | E31: 430.41945 | F31: 382.55751 | G31: 329.05694 | H31: 245.05574 | I31: 173.58358 | J31: 145.67102 | K31: 124.12808 | L31: 99.464861 | M31: 79.324197 | N31: 66.106204 | O31: 57.082317 | P31: 48.034702 | Q31: 37.198295
A32: 8 | B32: 3 | C32: tan | D32: 404.28611 | E32: 386.28413 | F32: 383.73373 | G32: 343.16912 | H32: 281.01766 | I32: 204.15518 | J32: 169.90942 | K32: 172.1326 | L32: 157.70425 | M32: 124.77541 | N32: 108.03562 | O32: 92.494526 | P32: 79.99463 | Q32: 58.363653
A33: 8 | B33: 4 | C33: tan | D33: 232.29858 | E33: 217.00039 | F33: 200.09075 | G33: 172.31202 | H33: 137.40353 | I33: 103.2329 | J33: 79.925942 | K33: 64.687908 | L33: 51.474078 | M33: 46.257982 | N33: 41.999351 | O33: 40.792946 | P33: 31.957638 | Q33: 20.279912
A34: 9 | B34: 1 | C34: tan | D34: 283.09238 | E34: 294.90261 | F34: 292.99552 | G34: 295.83917 | H34: 301.93001 | I34: 357.71306 | J34: 296.11062 | K34: 152.38978 | L34: 83.102067 | M34: 48.489738 | N34: 36.043601 | O34: 27.55308 | P34: 22.302895 | Q34: 18.822435
A35: 9 | B35: 2 | C35: tan | D35: 69.919072 | E35: 67.32482 | F35: 76.942652 | G35: 78.41825 | H35: 108.72241 | I35: 199.01624 | J35: 240.43269 | K35: 128.19886 | L35: 66.331965 | M35: 32.854228 | N35: 25.296134 | O35: 22.426742 | P35: 20.014431 | Q35: 17.673497
A36: 9 | B36: 3 | C36: tan | D36: 207.87029 | E36: 198.26532 | F36: 195.23845 | G36: 200.12212 | H36: 212.00585 | I36: 288.3734 | J36: 305.12381 | K36: 177.64324 | L36: 97.288201 | M36: 60.300664 | N36: 45.903156 | O36: 33.703876 | P36: 28.10276 | Q36: 22.246355
A37: 9 | B37: 4 | C37: tan | D37: 187.59881 | E37: 189.95217 | F37: 182.58578 | G37: 192.85744 | H37: 220.00184 | I37: 299.3939 | J37: 327.8495 | K37: 186.17748 | L37: 99.155228 | M37: 61.295702 | N37: 44.948003 | O37: 39.458196 | P37: 19.143782
A38: 11 | B38: 1a
A39: 11 | B39: 2a
A40: 11 | B40: 3a
A41: 11 | B41: 4a
A42: 11 | B42: 1b | C42: tan | D42: 55.429607 | E42: 61.250933 | F42: 75.832897 | G42: 89.910857 | H42: 82.18321 | I42: 66.227111 | J42: 63.504842 | K42: 68.991077 | L42: 79.464772 | M42: 90.229078 | N42: 91.237135 | O42: 81.509794 | P42: 74.21906
